AUTH_METHOD;TIMESTAMP;ACCOUNT_UID;ACCOUNT_NAME;ACCOUNT_EMAIL;ACCOUNT_ORGANIZATION_UID;ACCOUNT_ORGANIZATION_NAME;ACCOUNT_TAGS;FINDING_UID;PROVIDER;CHECK_ID;CHECK_TITLE;CHECK_TYPE;STATUS;STATUS_EXTENDED;MUTED;SERVICE_NAME;SUBSERVICE_NAME;SEVERITY;RESOURCE_TYPE;RESOURCE_UID;RESOURCE_NAME;RESOURCE_DETAILS;RESOURCE_TAGS;PARTITION;REGION;DESCRIPTION;RISK;RELATED_URL;REMEDIATION_RECOMMENDATION_TEXT;REMEDIATION_RECOMMENDATION_URL;REMEDIATION_CODE_NATIVEIAC;REMEDIATION_CODE_TERRAFORM;REMEDIATION_CODE_CLI;REMEDIATION_CODE_OTHER;COMPLIANCE;CATEGORIES;DEPENDS_ON;RELATED_TO;NOTES;PROWLER_VERSION;ADDITIONAL_URLS;ACCOUNT_OU_UID;ACCOUNT_OU_NAME
profile: None;2026-07-14 16:40:35.360893;213146990554;;;;;;prowler-aws-account_maintain_current_contact_details-213146990554-ap-southeast-2-213146990554;aws;account_maintain_current_contact_details;AWS account contact information is current;Software and Configuration Checks/Industry and Regulatory Standards/AWS Foundational Security Best Practices;MANUAL;Login to the AWS Console. Choose your account name on the top right of the window -> My Account -> Contact Information.;False;account;;medium;Other;arn:aws:iam::213146990554:root;213146990554;;;aws;ap-southeast-2;**AWS account contact information** is current for the **primary contact** and the **alternate contacts** for `security`, `billing`, and `operations`, with accurate email addresses and phone numbers.;"Outdated or single-person contacts delay **security notifications**, slow **incident response**, and complicate **account recovery**.

AWS may throttle services during abuse mitigation, reducing **availability**. Missed alerts enable ongoing misuse, risking **data exfiltration** and unauthorized changes (**integrity**).";;"Adopt:
- **Primary** and **alternate contacts** for `security`, `billing`, `operations`
- Shared, monitored aliases and SMS-capable phone numbers (non-personal)
- Centralized management across accounts with periodic reviews
- **Least privilege** for who can modify contact data
- Regular reachability tests and documented ownership";https://hub.prowler.com/check/account_maintain_current_contact_details;;"```hcl
# Set the Security alternate contact for the AWS account
resource ""aws_account_alternate_contact"" ""<example_resource_name>"" {
  alternate_contact_type = ""SECURITY""  # Critical: ensures AWS can reach your security team
  email_address          = ""<SECURITY_EMAIL>""  # Critical: contact destination
  name                   = ""<SECURITY_CONTACT_NAME>""
  phone_number           = ""<SECURITY_PHONE>""
  title                  = ""Security""
}
```";"aws account put-alternate-contact --alternate-contact-type=SECURITY --email-address=<SECURITY_EMAIL> --name=""<SECURITY_CONTACT_NAME>"" --phone-number=""<SECURITY_PHONE>"" --title=""Security""";"1. Sign in to the AWS Management Console
2. Open Billing and Cost Management, then click your account name > Account
3. Under Contact information, click Edit, update details, then Update
4. Under Alternate contacts, click Edit
5. Enter Security contact name, email, and phone (use a team alias), then Update
6. Repeat for Billing and Operations if needed";KISA-ISMS-P-2023-korean: 2.10.2 | C5-2025: IAM-03.01AS, IAM-06.06B, SSO-05.06B, SIM-01.03B, INQ-02.01B | ISO27001-2022: A.5.5 | AWS-AI-Security-Framework-1.0: AISF-GOV-03 | NIS2: 2.2.3, 3.5.3.a, 5.1.7.b | ENS-RD2022: op.ext.7.aws.am.1 | AWS-Account-Security-Onboarding: Billing, emergency, security contacts | CIS-1.4: 1.1 | CIS-7.0: 2.2 | CIS-4.0.1: 1.1 | CIS-5.0: 1.1 | CIS-3.0: 1.1 | CIS-1.5: 1.1 | AWS-Well-Architected-Framework-Security-Pillar: SEC03-BP03, SEC10-BP01 | CIS-2.0: 1.1 | KISA-ISMS-P-2023: 2.10.2 | CIS-6.0: 2.1;;;;;5.32.0;https://repost.aws/knowledge-center/update-phone-number | https://support.stax.io/docs/accounts/update-aws-account-contact-details | https://maartenbruntink.nl/blog/2022/09/26/aws-account-hygiene-101-mass-updating-alternate-account-contacts/ | https://docs.aws.amazon.com/security-ir/latest/userguide/update-account-contact-info.html | https://docs.aws.amazon.com/accounts/latest/reference/manage-acct-update-contact-primary.html | https://repost.aws/knowledge-center/add-update-billing-contact | https://aws.amazon.com/blogs/security/update-the-alternate-security-contact-across-your-aws-accounts-for-timely-security-notifications/ | https://docs.aws.amazon.com/organizations/latest/userguide/orgs_manage_accounts_update_contacts.html | https://docs.aws.amazon.com/accounts/latest/reference/manage-acct-update-contact-alternate.html;;
profile: None;2026-07-14 16:40:35.360893;213146990554;;;;;;prowler-aws-account_security_contact_information_is_registered-213146990554-ap-southeast-2-213146990554;aws;account_security_contact_information_is_registered;AWS account has security alternate contact registered;Software and Configuration Checks/AWS Security Best Practices | Software and Configuration Checks/Industry and Regulatory Standards/AWS Foundational Security Best Practices;MANUAL;Login to the AWS Console. Choose your account name on the top right of the window -> My Account -> Alternate Contacts -> Security Section.;False;account;;medium;Other;arn:aws:iam::213146990554:root;213146990554;;;aws;ap-southeast-2;Account settings contain a **Security alternate contact** in Alternate Contacts (name, `EmailAddress`, `PhoneNumber`) for targeted AWS security notifications.;"Missing or outdated **security contact** can delay or prevent AWS advisories from reaching responders, increasing risk to:
- Confidentiality: data exfiltration from undetected compromise
- Integrity: unauthorized changes persist longer
- Availability: resource abuse (e.g., cryptomining) and outages";;"Define and maintain a **Security alternate contact**:
- Use a monitored alias (e.g., `security@domain`) and team phone
- Apply to every account (prefer Org-wide automation)
- Review after org/personnel changes and test delivery
- Document ownership and escalation paths
Align with **incident response** and **least privilege** principles.";https://hub.prowler.com/check/account_security_contact_information_is_registered;;"```hcl
# Set the SECURITY alternate contact for the current AWS account
resource ""aws_account_alternate_contact"" ""<example_resource_name>"" {
  alternate_contact_type = ""SECURITY""  # Critical: sets Security contact type
  email_address          = ""security@example.com""  # Contact email
  name                   = ""Security Team""         # Contact name
  phone_number           = ""+1-555-0100""          # Contact phone
}
```";aws account put-alternate-contact --alternate-contact-type SECURITY --email-address <EMAIL_ADDRESS> --name <CONTACT_NAME> --phone-number <PHONE_NUMBER>;"1. Sign in to the AWS Management Console as the root user or an admin with account:PutAlternateContact
2. Click your account name (top-right) and select My Account (or Account)
3. Scroll to Alternate Contacts and click Edit in the Security section
4. Enter Security Email, Name, and Phone Number
5. Click Update (or Save changes)";KISA-ISMS-P-2023-korean: 2.10.2 | C5-2025: OIS-06.01B, SSO-05.06B, SIM-01.03B | ISO27001-2022: A.5.5 | AWS-AI-Security-Framework-1.0: AISF-GOV-03 | NIS2: 1.1.1.a, 1.2.3, 2.2.1, 3.1.2.d, 3.5.3.a, 5.1.7.b | AWS-Foundational-Security-Best-Practices: Account.1 | ENS-RD2022: op.ext.7.aws.am.1 | AWS-Account-Security-Onboarding: Billing, emergency, security contacts | CIS-1.4: 1.2 | CIS-7.0: 2.3 | CIS-4.0.1: 1.2 | CIS-5.0: 1.2 | CIS-3.0: 1.2 | CIS-1.5: 1.2 | PCI-4.0: A1.2.3.1 | AWS-Well-Architected-Framework-Security-Pillar: SEC03-BP03, SEC10-BP01 | CIS-2.0: 1.2 | KISA-ISMS-P-2023: 2.10.2 | CIS-6.0: 2.2;;;;;5.32.0;https://registry.terraform.io/providers/hashicorp/aws/latest/docs/resources/account_alternate_contact | https://support.icompaas.com/support/solutions/articles/62000234161-1-2-ensure-security-contact-information-is-registered-manual- | https://www.plerion.com/cloud-knowledge-base/ensure-security-contact-information-is-registered | https://repost.aws/articles/ARDFbpt-bvQ8iuErnqVVcCXQ/managing-aws-organization-alternate-contacts-via-csv;;
profile: None;2026-07-14 16:40:35.360893;213146990554;;;;;;prowler-aws-account_security_questions_are_registered_in_the_aws_account-213146990554-ap-southeast-2-213146990554;aws;account_security_questions_are_registered_in_the_aws_account;[DEPRECATED] AWS root user has security challenge questions configured;Software and Configuration Checks/AWS Security Best Practices;MANUAL;Login to the AWS Console as root. Choose your account name on the top right of the window -> My Account -> Configure Security Challenge Questions.;False;account;;medium;Other;arn:aws:iam::213146990554:root;213146990554;;;aws;ap-southeast-2;[DEPRECATED] **AWS account root** configuration may include legacy **security challenge questions** for support identity verification. This evaluates whether those questions are set on the account. *New configuration is discontinued by AWS and remaining support for this feature is time-limited.*;Absence of these questions can limit support-assisted recovery if root credentials or MFA are lost, reducing **availability** and slowing **incident response**. Reliance on KBA also weakens **confidentiality** due to **social engineering**. Treat this as a recovery gap and adopt stronger, phishing-resistant factors.;;"Favor stronger recovery instead of KBA:
- Enforce **MFA for root** and minimize root use
- Keep **alternate contacts** and root email current and protected
- Establish a tightly controlled **break-glass role**, applying least privilege and separation of duties
- Document and test recovery procedures; monitor root activity";https://hub.prowler.com/check/account_security_questions_are_registered_in_the_aws_account;;;;"1. Sign in to the AWS Management Console
2. Navigate to your AWS account settings page at https://console.aws.amazon.com/billing/home?#/account/
3. Scroll down to Configure Security Challenge Questions section and click the Edit link
4. Select three different questions made available by Amazon and provide appropriate answers
5. Store the answers in a secure but accessible location
6. Click the Update button to save the changes";KISA-ISMS-P-2023-korean: 2.5.1, 2.5.3, 2.10.2 | ENS-RD2022: op.ext.7.aws.am.1 | CIS-1.4: 1.3 | CIS-4.0.1: 1.3 | CIS-3.0: 1.3 | CIS-1.5: 1.3 | AWS-Well-Architected-Framework-Security-Pillar: SEC03-BP03, SEC10-BP01 | CIS-2.0: 1.3 | KISA-ISMS-P-2023: 2.5.1, 2.5.3, 2.10.2;;;;;5.32.0;https://www.trendmicro.com/trendaivisiononecloudriskmanagement/knowledge-base/aws/IAM/security-challenge-questions.html;;
profile: None;2026-07-14 16:40:35.360893;213146990554;;;;;;prowler-aws-bedrock_full_access_policy_attached-213146990554-ap-southeast-2-Omico-2IDP;aws;bedrock_full_access_policy_attached;IAM role does not have AmazonBedrockFullAccess managed policy attached;Software and Configuration Checks/AWS Security Best Practices | Software and Configuration Checks/Industry and Regulatory Standards/AWS Foundational Security Best Practices;PASS;IAM Role Omico-2IDP does not have AmazonBedrockFullAccess policy attached.;False;bedrock;;high;AwsIamRole;arn:aws:iam::213146990554:role/Omico-2IDP;Omico-2IDP;;;aws;ap-southeast-2;"**IAM roles** (excluding service roles) are evaluated for attachment of the AWS-managed `AmazonBedrockFullAccess` policy.

This policy grants unrestricted access to all Amazon Bedrock actions and resources.";"The `AmazonBedrockFullAccess` policy grants broad permissions across all Bedrock resources. If a role with this policy is compromised, an attacker could:
- Invoke any model to exfiltrate data or generate harmful content
- Modify guardrails, logging, and security configurations
- Incur significant costs through unrestricted model invocations";;"Apply **least privilege**: replace `AmazonBedrockFullAccess` with a custom policy granting only the specific Bedrock actions required.

Use **permissions boundaries** and **SCPs** to limit the scope of Bedrock permissions. Regularly review access with **IAM Access Analyzer** to identify and remove unused privileges.";https://hub.prowler.com/check/bedrock_full_access_policy_attached;"```yaml
# CloudFormation: IAM Role without AmazonBedrockFullAccess
Resources:
  <example_resource_name>:
    Type: AWS::IAM::Role
    Properties:
      AssumeRolePolicyDocument:
        Version: '2012-10-17'
        Statement:
          - Effect: Allow
            Principal:
              Service: ec2.amazonaws.com
            Action: sts:AssumeRole
      ManagedPolicyArns: []  # Critical: ensure AmazonBedrockFullAccess is NOT attached
```";"```hcl
# IAM Role without AmazonBedrockFullAccess
resource ""aws_iam_role"" ""<example_resource_name>"" {
  assume_role_policy = <<POLICY
{
  ""Version"": ""2012-10-17"",
  ""Statement"": [{
    ""Effect"": ""Allow"",
    ""Principal"": {""Service"": ""ec2.amazonaws.com""},
    ""Action"": ""sts:AssumeRole""
  }]
}
POLICY

  managed_policy_arns = []  # Critical: ensures AmazonBedrockFullAccess is NOT attached
}
```";aws iam detach-role-policy --role-name <ROLE_NAME> --policy-arn arn:aws:iam::aws:policy/AmazonBedrockFullAccess;"1. Open the AWS Console and go to IAM > Roles
2. Select the role flagged by the check
3. On the Permissions tab, find ""AmazonBedrockFullAccess"" under Attached policies
4. Click Detach next to ""AmazonBedrockFullAccess""
5. Confirm the detach
6. Attach a scoped policy granting only required Bedrock actions";SOC2: cc_6_3 | SecNumCloud-3.2: 9.3 | KISA-ISMS-P-2023-korean: 2.5.5 | NIST-CSF-2.0: ac_4 | C5-2025: IAM-06.01B | ISO27001-2022: A.8.2 | AWS-AI-Security-Framework-1.0: AISF-IAM-02 | AWS-Well-Architected-Framework-Security-Pillar: SEC03-BP02 | KISA-ISMS-P-2023: 2.5.5;gen-ai | identity-access;;iam_role_administratoraccess_policy;;5.32.0;https://docs.aws.amazon.com/bedrock/latest/userguide/security-iam.html | https://docs.aws.amazon.com/IAM/latest/UserGuide/best-practices.html#grant-least-privilege;;
profile: None;2026-07-14 16:40:35.360893;213146990554;;;;;;prowler-aws-bedrock_guardrails_configured-213146990554-ap-southeast-2-bedrock-guardrails;aws;bedrock_guardrails_configured;Bedrock has at least one guardrail configured in the audited region;Software and Configuration Checks/AWS Security Best Practices | Software and Configuration Checks/AWS Security Best Practices/Runtime Behavior Analysis;FAIL;Bedrock has no guardrails configured in region ap-southeast-2.;False;bedrock;;medium;Other;arn:aws:bedrock:ap-southeast-2:213146990554:guardrails;bedrock-guardrails;;;aws;ap-southeast-2;"**Amazon Bedrock guardrails** provide reusable safety policies for filtering harmful or unwanted content in model inputs and outputs.

This evaluation checks whether at least one guardrail exists in each successfully scanned region. It does **not** verify that guardrails are attached to agents or passed on individual model invocation API calls.";Without any configured **Bedrock guardrails** in a region, teams lack a native reusable policy object for **content filtering** and **safety controls**. Applications may invoke models without standardized protections against **harmful content**, **prompt injection**, or **sensitive-data exposure** unless equivalent controls are enforced elsewhere.;;"Create at least one **Bedrock guardrail** in each region where Bedrock is used, then separately ensure those guardrails are attached to relevant agents and invocation paths.
- Configure **content filters** for harmful categories (hate, violence, sexual, misconduct)
- Add **sensitive information filters** and **denied topic policies**
- Apply guardrails at the API call level using `guardrailIdentifier` where supported";https://hub.prowler.com/check/bedrock_guardrails_configured;"```yaml
Resources:
  example_resource:
    Type: AWS::Bedrock::Guardrail
    Properties:
      Name: example_resource
      BlockedInputMessaging: ""Blocked""
      BlockedOutputsMessaging: ""Blocked""
      ContentPolicyConfig:
        FiltersConfig:
          - Type: HATE
            InputStrength: HIGH       # Critical: configures content filtering
            OutputStrength: HIGH
```";"```hcl
resource ""aws_bedrock_guardrail"" ""example_resource"" {
  name                      = ""example_resource""
  blocked_input_messaging   = ""Blocked""
  blocked_outputs_messaging = ""Blocked""

  content_policy_config {
    filters_config {
      type            = ""HATE""          # Critical: configures content filtering
      input_strength  = ""HIGH""
      output_strength = ""HIGH""
    }
  }
}
```";aws bedrock create-guardrail --name example_resource --blocked-input-messaging 'Blocked' --blocked-outputs-messaging 'Blocked' --content-policy-config 'filtersConfig=[{type=HATE,inputStrength=HIGH,outputStrength=HIGH}]';"1. Open the AWS Console and go to Amazon Bedrock
2. Select **Guardrails** from the navigation pane
3. Click **Create guardrail**
4. Configure content filters for harmful categories
5. Set input and output messaging for blocked content
6. Click **Create guardrail**";KISA-ISMS-P-2023-korean: 2.10.2 | AWS-AI-Security-Framework-1.0: AISF-AI-01 | KISA-ISMS-P-2023: 2.10.2;gen-ai;;bedrock_guardrail_prompt_attack_filter_enabled | bedrock_guardrail_sensitive_information_filter_enabled | bedrock_agent_guardrail_enabled;This check validates guardrail existence per successfully scanned region. It does not verify attachment to agents or the use of guardrails on model invocations. Regions where Bedrock guardrails cannot be enumerated are skipped to avoid false failures.;5.32.0;https://docs.aws.amazon.com/bedrock/latest/userguide/guardrails.html | https://docs.aws.amazon.com/bedrock/latest/userguide/guardrails-create.html;;
profile: None;2026-07-14 16:40:35.360893;213146990554;;;;;;prowler-aws-bedrock_model_invocation_logging_enabled-213146990554-ap-southeast-2-model-invocation-logging;aws;bedrock_model_invocation_logging_enabled;Amazon Bedrock model invocation logging is enabled;Software and Configuration Checks/AWS Security Best Practices | Software and Configuration Checks/Industry and Regulatory Standards/AWS Foundational Security Best Practices;FAIL;Bedrock Model Invocation Logging is disabled.;False;bedrock;;medium;Other;arn:aws:bedrock:ap-southeast-2:213146990554:model-invocation-logging;model-invocation-logging;;;aws;ap-southeast-2;**Bedrock** model invocation logging captures request, response, and metadata for `Converse`, `ConverseStream`, `InvokeModel`, and `InvokeModelWithResponseStream` calls per Region, delivering records to **CloudWatch Logs** and/or **S3** when configured.;"Without **invocation logs**, you lose **auditability** and **forensic visibility** into model activity.

Credential misuse or **prompt injection/jailbreak** attempts may go unnoticed, enabling data exfiltration and unauthorized spend. Missing traceability weakens **integrity** controls and slows incident response.";;"Enable **model invocation logging** and route events to **CloudWatch Logs** and/or **S3**.

Enforce **least privilege** on log access, use encryption, and set retention/lifecycle policies. Monitor for anomalies and alerts to support **defense in depth** and **separation of duties**.";https://hub.prowler.com/check/bedrock_model_invocation_logging_enabled;;;"aws bedrock put-model-invocation-logging-configuration --logging-config '{""s3Config"":{""bucketName"":""<example_resource_name>""},""textDataDeliveryEnabled"":true}'";"1. Open the Amazon Bedrock console in the target Region
2. Go to Settings > Model invocation logging
3. Toggle Logging to On
4. Select Amazon S3 as the destination and choose <example_resource_name> bucket
5. Under Data types, select Text
6. Click Save";SOC2: cc_a_1_1 | KISA-ISMS-P-2023-korean: 2.9.4, 2.10.2 | C5-2025: AM-01.01AC, OPS-11.02AC, OPS-15.01B, OPS-15.02B, OPS-15.03B, OPS-15.01AC, OPS-26.05B, OPS-26.01AS, SSO-05.01AC, PSS-04.05B | ISO27001-2022: A.8.15 | AWS-AI-Security-Framework-1.0: AISF-AI-05 | NIS2: 3.2.3.c | CCC-v2025.10: CCC.GenAI.CN05.AR01 | KISA-ISMS-P-2023: 2.9.4, 2.10.2;logging | forensics-ready | gen-ai;;;;5.32.0;https://docs.aws.amazon.com/bedrock/latest/userguide/model-invocation-logging.html#model-invocation-logging-console | https://www.trendmicro.com/trendaivisiononecloudriskmanagement/knowledge-base/aws/Bedrock/enable-model-invocation-logging.html | https://docs.aws.amazon.com/bedrock/latest/userguide/model-invocation-logging.html;;
profile: None;2026-07-14 16:40:35.360893;213146990554;;;;;;prowler-aws-bedrock_prompt_management_exists-213146990554-ap-southeast-2-prompt-management;aws;bedrock_prompt_management_exists;Amazon Bedrock Prompt Management prompts exist in the region;Software and Configuration Checks/AWS Security Best Practices;FAIL;No Bedrock Prompt Management prompts exist in region ap-southeast-2.;False;bedrock;;low;Other;arn:aws:bedrock:ap-southeast-2:213146990554:prompt-management;prompt-management;;;aws;ap-southeast-2;"**Bedrock Prompt Management** enables centralized creation, versioning, and governance of prompts used with foundation models.

This region-level check verifies whether at least one managed prompt exists in each scanned region, used as an adoption signal for Prompt Management. The presence of a prompt does not by itself guarantee that every application prompt is managed.";"Without **Prompt Management**, prompts are scattered across applications with no central oversight, versioning, or auditability over instructions sent to foundation models, weakening governance and compliance posture.

Managed prompts are a governance enabler; **prompt injection** defenses are provided by Bedrock **guardrails**, covered by separate checks.";;"Adopt **Bedrock Prompt Management** to centralize prompt definitions, enforce versioning, and maintain governance over model interactions.

Use managed prompts with **guardrails** and apply **least privilege** access controls to restrict who can create or modify prompts.";https://hub.prowler.com/check/bedrock_prompt_management_exists;;;"aws bedrock-agent create-prompt --name example_prompt --default-variant default --variants '[{""name"":""default"",""templateType"":""TEXT"",""templateConfiguration"":{""text"":{""text"":""Your prompt template here.""}}}]'";"1. Open the Amazon Bedrock console
2. Navigate to Prompt Management
3. Click Create prompt
4. Provide a name and configure the prompt template (a prompt can contain at most one variant; additional variants are created via CreatePromptVersion)
5. Save the prompt";KISA-ISMS-P-2023-korean: 2.10.2 | AWS-AI-Security-Framework-1.0: AISF-AI-07 | KISA-ISMS-P-2023: 2.10.2;gen-ai;;bedrock_prompt_encrypted_with_cmk;Results are generated per scanned region. Regions where `ListPrompts` cannot be queried are omitted from the findings.;5.32.0;https://docs.aws.amazon.com/bedrock/latest/userguide/prompt-management.html | https://docs.aws.amazon.com/bedrock/latest/userguide/prompt-management-create.html;;
profile: None;2026-07-14 16:40:35.360893;213146990554;;;;;;prowler-aws-cloudwatch_cross_account_sharing_disabled-213146990554-ap-southeast-2-213146990554;aws;cloudwatch_cross_account_sharing_disabled;CloudWatch does not allow cross-account sharing;Software and Configuration Checks/AWS Security Best Practices | Software and Configuration Checks/Industry and Regulatory Standards/AWS Foundational Security Best Practices | Effects/Data Exposure;PASS;CloudWatch doesn't allow cross-account sharing.;False;cloudwatch;;medium;AwsIamRole;arn:aws:iam:ap-southeast-2:213146990554:role;213146990554;;;aws;ap-southeast-2;**Amazon CloudWatch** cross-account sharing via the `CloudWatch-CrossAccountSharingRole` allows other AWS accounts to view your metrics, dashboards, and alarms. The presence of this role indicates that sharing is active.;Granting other accounts visibility into observability data reduces **confidentiality** and enables **reconnaissance**. Adversaries or over-privileged partners can map architectures, profile workloads, and spot alerting gaps, increasing chances of **lateral movement** and **evasion**.;;Disable **cross-account sharing** unless strictly required. If needed, restrict access to specific trusted accounts, scope read-only permissions to only necessary resources, and use a dedicated monitoring account. Apply **least privilege** and **separation of duties**, and regularly audit role trust and access patterns.;https://hub.prowler.com/check/cloudwatch_cross_account_sharing_disabled;;;aws cloudformation delete-stack --stack-name CloudWatch-CrossAccountSharingRole;"1. Sign in to the AWS Management Console and open IAM
2. Go to Roles
3. Find and select the role named ""CloudWatch-CrossAccountSharingRole""
4. Click Delete and confirm
5. If deletion is blocked because it is managed by CloudFormation: open CloudFormation, select the stack named ""CloudWatch-CrossAccountSharingRole"", and click Delete";SOC2: pi_1_4 | KISA-ISMS-P-2023-korean: 2.6.2, 2.10.1, 2.10.2 | C5-2025: OIS-04.01AC, PSS-04.01B | ENS-RD2022: op.acc.4.aws.iam.1 | AWS-Well-Architected-Framework-Security-Pillar: SEC03-BP01 | KISA-ISMS-P-2023: 2.6.2, 2.10.1, 2.10.2;trust-boundaries | identity-access;;;;5.32.0;https://docs.aws.amazon.com/AmazonCloudWatch/latest/monitoring/Cross-Account-Cross-Region.html;;
profile: None;2026-07-14 16:40:35.360893;213146990554;;;;;;prowler-aws-config_delegated_admin_and_org_aggregator_all_regions-213146990554-ap-southeast-2-unknown;aws;config_delegated_admin_and_org_aggregator_all_regions;AWS Config has a delegated administrator and an organization aggregator covering all AWS regions;Software and Configuration Checks/AWS Security Best Practices | Software and Configuration Checks/Industry and Regulatory Standards/AWS Foundational Security Best Practices;FAIL;AWS Config has no Organization Aggregator configured in any region (delegated administrator status could not be determined).;False;config;;high;AwsConfigConfigurationAggregator;arn:aws:config:ap-southeast-2:213146990554:config-aggregator/unknown;unknown;;;aws;ap-southeast-2;**AWS Config** has a delegated administrator registered via AWS Organizations and at least one Configuration Aggregator with an OrganizationAggregationSource that covers all AWS regions, ensuring centralized org-wide configuration visibility.;Without an org-wide **AWS Config** aggregator and a delegated administrator, configuration data is fragmented across accounts and regions, **compliance reporting** is incomplete, and **drift detection** is delayed. Adversaries or misconfigurations can persist in unmonitored accounts, eroding **audit readiness** and **regulatory posture**.;;Register a **delegated administrator** for AWS Config via AWS Organizations and create at least one **Configuration Aggregator** with an OrganizationAggregationSource that covers **all AWS regions**. This centralizes configuration data across the organization for unified compliance and audit reporting.;https://hub.prowler.com/check/config_delegated_admin_and_org_aggregator_all_regions;;;aws organizations register-delegated-administrator --account-id <ADMIN_ACCOUNT_ID> --service-principal config.amazonaws.com && aws configservice put-configuration-aggregator --configuration-aggregator-name org-aggregator --organization-aggregation-source RoleArn=<ROLE_ARN>,AllAwsRegions=true;"1. From the AWS Organizations management account, register the delegated administrator for config.amazonaws.com
2. In the delegated admin account, open AWS Config
3. Create a Configuration Aggregator and select Add my organization as the source
4. Enable Include all AWS Regions
5. Confirm an IAM role with AWSConfigRoleForOrganizations is attached
6. Verify the aggregator status reaches SUCCEEDED for all member accounts";;forensics-ready;;config_recorder_all_regions_enabled | guardduty_delegated_admin_enabled_all_regions;This check requires execution from the organization management account or delegated administrator account to access organization-level APIs.;5.32.0;https://docs.aws.amazon.com/config/latest/developerguide/aggregate-data.html | https://docs.aws.amazon.com/config/latest/developerguide/set-up-aggregator-cli.html | https://docs.aws.amazon.com/organizations/latest/userguide/services-that-can-integrate-config.html;;
profile: None;2026-07-14 16:40:35.360893;213146990554;;;;;;prowler-aws-ec2_securitygroup_from_launch_wizard-213146990554-ap-southeast-2-sg-0e24f3f2bbca5b5fa;aws;ec2_securitygroup_from_launch_wizard;Security group not created using the EC2 Launch Wizard;Software and Configuration Checks/AWS Security Best Practices/Network Reachability;FAIL;Security group launch-wizard-9 (sg-0e24f3f2bbca5b5fa) was created using the EC2 Launch Wizard.;False;ec2;;medium;AwsEc2SecurityGroup;arn:aws:ec2:ap-southeast-2:213146990554:security-group/sg-0e24f3f2bbca5b5fa;sg-0e24f3f2bbca5b5fa;launch-wizard-9;;aws;ap-southeast-2;**EC2 security groups** whose names include `launch-wizard` are identified as created by the **EC2 Launch Wizard**, distinguishing auto-generated groups from curated, baseline-controlled groups.;"Wizard-generated groups often include **overly permissive rules** (e.g., `0.0.0.0/0` to admin ports), expanding exposure. Attackers can run **port scans** and **brute-force** to gain entry, then **lateral movement** and **data exfiltration**, impacting **confidentiality** and **integrity**; broad egress aids command-and-control.";;Replace or harden these groups. Apply **least privilege**: restrict inbound to required sources, avoid public admin ports, and minimize egress. Use approved baseline security groups, enforce change control with IaC and guardrails, prefer private administration (bastion or Session Manager), and remove unused rules.;https://hub.prowler.com/check/ec2_securitygroup_from_launch_wizard;"```yaml
# CloudFormation: create a security group not named by Launch Wizard
Resources:
  <example_resource_name>:
    Type: AWS::EC2::SecurityGroup
    Properties:
      GroupDescription: SG not created by Launch Wizard
      VpcId: <example_resource_id>
      GroupName: <example_resource_name>  # Critical: name does NOT contain ""launch-wizard"" to avoid FAIL
```";"```hcl
# Create a security group not named by Launch Wizard
resource ""aws_security_group"" ""<example_resource_name>"" {
  name   = ""<example_resource_name>""  # Critical: name does NOT contain ""launch-wizard"" to avoid FAIL
  vpc_id = ""<example_resource_id>""
}
```";aws ec2 delete-security-group --group-id <SECURITY_GROUP_ID>;"1. In the AWS console, go to EC2 > Network & Security > Security Groups
2. In the search box, filter by Name contains ""launch-wizard""
3. For each matching group, open the References tab and remove it from any ENIs/instances by replacing it with a different security group
4. Select the launch-wizard security group and choose Actions > Delete security group > Delete
5. Verify no security groups remain with names containing ""launch-wizard""";KISA-ISMS-P-2023-korean: 2.10.2 | ISO27001-2022: A.8.20, A.8.21, A.8.22 | ENS-RD2022: mp.com.1.aws.sg.1 | AWS-Well-Architected-Framework-Security-Pillar: SEC05-BP03 | KISA-ISMS-P-2023: 2.10.2;;;;;5.32.0;https://www.trendmicro.com/trendaivisiononecloudriskmanagement/knowledge-base/aws/EC2/security-group-prefixed-with-launch-wizard.html | https://docs.aws.amazon.com/eks/latest/userguide/sec-group-reqs.html;;
profile: None;2026-07-14 16:40:35.360893;213146990554;;;;;;prowler-aws-ec2_securitygroup_from_launch_wizard-213146990554-ap-southeast-2-sg-0dd8eae2e1153c210;aws;ec2_securitygroup_from_launch_wizard;Security group not created using the EC2 Launch Wizard;Software and Configuration Checks/AWS Security Best Practices/Network Reachability;PASS;Security group Kali Linux-2025.4-amd64-AutogenByAWSMP--1 (sg-0dd8eae2e1153c210) was not created using the EC2 Launch Wizard.;False;ec2;;medium;AwsEc2SecurityGroup;arn:aws:ec2:ap-southeast-2:213146990554:security-group/sg-0dd8eae2e1153c210;sg-0dd8eae2e1153c210;Kali Linux-2025.4-amd64-AutogenByAWSMP--1;;aws;ap-southeast-2;**EC2 security groups** whose names include `launch-wizard` are identified as created by the **EC2 Launch Wizard**, distinguishing auto-generated groups from curated, baseline-controlled groups.;"Wizard-generated groups often include **overly permissive rules** (e.g., `0.0.0.0/0` to admin ports), expanding exposure. Attackers can run **port scans** and **brute-force** to gain entry, then **lateral movement** and **data exfiltration**, impacting **confidentiality** and **integrity**; broad egress aids command-and-control.";;Replace or harden these groups. Apply **least privilege**: restrict inbound to required sources, avoid public admin ports, and minimize egress. Use approved baseline security groups, enforce change control with IaC and guardrails, prefer private administration (bastion or Session Manager), and remove unused rules.;https://hub.prowler.com/check/ec2_securitygroup_from_launch_wizard;"```yaml
# CloudFormation: create a security group not named by Launch Wizard
Resources:
  <example_resource_name>:
    Type: AWS::EC2::SecurityGroup
    Properties:
      GroupDescription: SG not created by Launch Wizard
      VpcId: <example_resource_id>
      GroupName: <example_resource_name>  # Critical: name does NOT contain ""launch-wizard"" to avoid FAIL
```";"```hcl
# Create a security group not named by Launch Wizard
resource ""aws_security_group"" ""<example_resource_name>"" {
  name   = ""<example_resource_name>""  # Critical: name does NOT contain ""launch-wizard"" to avoid FAIL
  vpc_id = ""<example_resource_id>""
}
```";aws ec2 delete-security-group --group-id <SECURITY_GROUP_ID>;"1. In the AWS console, go to EC2 > Network & Security > Security Groups
2. In the search box, filter by Name contains ""launch-wizard""
3. For each matching group, open the References tab and remove it from any ENIs/instances by replacing it with a different security group
4. Select the launch-wizard security group and choose Actions > Delete security group > Delete
5. Verify no security groups remain with names containing ""launch-wizard""";KISA-ISMS-P-2023-korean: 2.10.2 | ISO27001-2022: A.8.20, A.8.21, A.8.22 | ENS-RD2022: mp.com.1.aws.sg.1 | AWS-Well-Architected-Framework-Security-Pillar: SEC05-BP03 | KISA-ISMS-P-2023: 2.10.2;;;;;5.32.0;https://www.trendmicro.com/trendaivisiononecloudriskmanagement/knowledge-base/aws/EC2/security-group-prefixed-with-launch-wizard.html | https://docs.aws.amazon.com/eks/latest/userguide/sec-group-reqs.html;;
profile: None;2026-07-14 16:40:35.360893;213146990554;;;;;;prowler-aws-ec2_securitygroup_from_launch_wizard-213146990554-ap-southeast-2-sg-01b40d1c357914bca;aws;ec2_securitygroup_from_launch_wizard;Security group not created using the EC2 Launch Wizard;Software and Configuration Checks/AWS Security Best Practices/Network Reachability;FAIL;Security group launch-wizard-24 (sg-01b40d1c357914bca) was created using the EC2 Launch Wizard.;False;ec2;;medium;AwsEc2SecurityGroup;arn:aws:ec2:ap-southeast-2:213146990554:security-group/sg-01b40d1c357914bca;sg-01b40d1c357914bca;launch-wizard-24;;aws;ap-southeast-2;**EC2 security groups** whose names include `launch-wizard` are identified as created by the **EC2 Launch Wizard**, distinguishing auto-generated groups from curated, baseline-controlled groups.;"Wizard-generated groups often include **overly permissive rules** (e.g., `0.0.0.0/0` to admin ports), expanding exposure. Attackers can run **port scans** and **brute-force** to gain entry, then **lateral movement** and **data exfiltration**, impacting **confidentiality** and **integrity**; broad egress aids command-and-control.";;Replace or harden these groups. Apply **least privilege**: restrict inbound to required sources, avoid public admin ports, and minimize egress. Use approved baseline security groups, enforce change control with IaC and guardrails, prefer private administration (bastion or Session Manager), and remove unused rules.;https://hub.prowler.com/check/ec2_securitygroup_from_launch_wizard;"```yaml
# CloudFormation: create a security group not named by Launch Wizard
Resources:
  <example_resource_name>:
    Type: AWS::EC2::SecurityGroup
    Properties:
      GroupDescription: SG not created by Launch Wizard
      VpcId: <example_resource_id>
      GroupName: <example_resource_name>  # Critical: name does NOT contain ""launch-wizard"" to avoid FAIL
```";"```hcl
# Create a security group not named by Launch Wizard
resource ""aws_security_group"" ""<example_resource_name>"" {
  name   = ""<example_resource_name>""  # Critical: name does NOT contain ""launch-wizard"" to avoid FAIL
  vpc_id = ""<example_resource_id>""
}
```";aws ec2 delete-security-group --group-id <SECURITY_GROUP_ID>;"1. In the AWS console, go to EC2 > Network & Security > Security Groups
2. In the search box, filter by Name contains ""launch-wizard""
3. For each matching group, open the References tab and remove it from any ENIs/instances by replacing it with a different security group
4. Select the launch-wizard security group and choose Actions > Delete security group > Delete
5. Verify no security groups remain with names containing ""launch-wizard""";KISA-ISMS-P-2023-korean: 2.10.2 | ISO27001-2022: A.8.20, A.8.21, A.8.22 | ENS-RD2022: mp.com.1.aws.sg.1 | AWS-Well-Architected-Framework-Security-Pillar: SEC05-BP03 | KISA-ISMS-P-2023: 2.10.2;;;;;5.32.0;https://www.trendmicro.com/trendaivisiononecloudriskmanagement/knowledge-base/aws/EC2/security-group-prefixed-with-launch-wizard.html | https://docs.aws.amazon.com/eks/latest/userguide/sec-group-reqs.html;;
profile: None;2026-07-14 16:40:35.360893;213146990554;;;;;;prowler-aws-ec2_securitygroup_from_launch_wizard-213146990554-ap-southeast-2-sg-00b892f9efa4e0814;aws;ec2_securitygroup_from_launch_wizard;Security group not created using the EC2 Launch Wizard;Software and Configuration Checks/AWS Security Best Practices/Network Reachability;FAIL;Security group launch-wizard-14 (sg-00b892f9efa4e0814) was created using the EC2 Launch Wizard.;False;ec2;;medium;AwsEc2SecurityGroup;arn:aws:ec2:ap-southeast-2:213146990554:security-group/sg-00b892f9efa4e0814;sg-00b892f9efa4e0814;launch-wizard-14;;aws;ap-southeast-2;**EC2 security groups** whose names include `launch-wizard` are identified as created by the **EC2 Launch Wizard**, distinguishing auto-generated groups from curated, baseline-controlled groups.;"Wizard-generated groups often include **overly permissive rules** (e.g., `0.0.0.0/0` to admin ports), expanding exposure. Attackers can run **port scans** and **brute-force** to gain entry, then **lateral movement** and **data exfiltration**, impacting **confidentiality** and **integrity**; broad egress aids command-and-control.";;Replace or harden these groups. Apply **least privilege**: restrict inbound to required sources, avoid public admin ports, and minimize egress. Use approved baseline security groups, enforce change control with IaC and guardrails, prefer private administration (bastion or Session Manager), and remove unused rules.;https://hub.prowler.com/check/ec2_securitygroup_from_launch_wizard;"```yaml
# CloudFormation: create a security group not named by Launch Wizard
Resources:
  <example_resource_name>:
    Type: AWS::EC2::SecurityGroup
    Properties:
      GroupDescription: SG not created by Launch Wizard
      VpcId: <example_resource_id>
      GroupName: <example_resource_name>  # Critical: name does NOT contain ""launch-wizard"" to avoid FAIL
```";"```hcl
# Create a security group not named by Launch Wizard
resource ""aws_security_group"" ""<example_resource_name>"" {
  name   = ""<example_resource_name>""  # Critical: name does NOT contain ""launch-wizard"" to avoid FAIL
  vpc_id = ""<example_resource_id>""
}
```";aws ec2 delete-security-group --group-id <SECURITY_GROUP_ID>;"1. In the AWS console, go to EC2 > Network & Security > Security Groups
2. In the search box, filter by Name contains ""launch-wizard""
3. For each matching group, open the References tab and remove it from any ENIs/instances by replacing it with a different security group
4. Select the launch-wizard security group and choose Actions > Delete security group > Delete
5. Verify no security groups remain with names containing ""launch-wizard""";KISA-ISMS-P-2023-korean: 2.10.2 | ISO27001-2022: A.8.20, A.8.21, A.8.22 | ENS-RD2022: mp.com.1.aws.sg.1 | AWS-Well-Architected-Framework-Security-Pillar: SEC05-BP03 | KISA-ISMS-P-2023: 2.10.2;;;;;5.32.0;https://www.trendmicro.com/trendaivisiononecloudriskmanagement/knowledge-base/aws/EC2/security-group-prefixed-with-launch-wizard.html | https://docs.aws.amazon.com/eks/latest/userguide/sec-group-reqs.html;;
profile: None;2026-07-14 16:40:35.360893;213146990554;;;;;;prowler-aws-ec2_securitygroup_from_launch_wizard-213146990554-ap-southeast-2-sg-0bc66643e651629dd;aws;ec2_securitygroup_from_launch_wizard;Security group not created using the EC2 Launch Wizard;Software and Configuration Checks/AWS Security Best Practices/Network Reachability;FAIL;Security group launch-wizard-15 (sg-0bc66643e651629dd) was created using the EC2 Launch Wizard.;False;ec2;;medium;AwsEc2SecurityGroup;arn:aws:ec2:ap-southeast-2:213146990554:security-group/sg-0bc66643e651629dd;sg-0bc66643e651629dd;launch-wizard-15;;aws;ap-southeast-2;**EC2 security groups** whose names include `launch-wizard` are identified as created by the **EC2 Launch Wizard**, distinguishing auto-generated groups from curated, baseline-controlled groups.;"Wizard-generated groups often include **overly permissive rules** (e.g., `0.0.0.0/0` to admin ports), expanding exposure. Attackers can run **port scans** and **brute-force** to gain entry, then **lateral movement** and **data exfiltration**, impacting **confidentiality** and **integrity**; broad egress aids command-and-control.";;Replace or harden these groups. Apply **least privilege**: restrict inbound to required sources, avoid public admin ports, and minimize egress. Use approved baseline security groups, enforce change control with IaC and guardrails, prefer private administration (bastion or Session Manager), and remove unused rules.;https://hub.prowler.com/check/ec2_securitygroup_from_launch_wizard;"```yaml
# CloudFormation: create a security group not named by Launch Wizard
Resources:
  <example_resource_name>:
    Type: AWS::EC2::SecurityGroup
    Properties:
      GroupDescription: SG not created by Launch Wizard
      VpcId: <example_resource_id>
      GroupName: <example_resource_name>  # Critical: name does NOT contain ""launch-wizard"" to avoid FAIL
```";"```hcl
# Create a security group not named by Launch Wizard
resource ""aws_security_group"" ""<example_resource_name>"" {
  name   = ""<example_resource_name>""  # Critical: name does NOT contain ""launch-wizard"" to avoid FAIL
  vpc_id = ""<example_resource_id>""
}
```";aws ec2 delete-security-group --group-id <SECURITY_GROUP_ID>;"1. In the AWS console, go to EC2 > Network & Security > Security Groups
2. In the search box, filter by Name contains ""launch-wizard""
3. For each matching group, open the References tab and remove it from any ENIs/instances by replacing it with a different security group
4. Select the launch-wizard security group and choose Actions > Delete security group > Delete
5. Verify no security groups remain with names containing ""launch-wizard""";KISA-ISMS-P-2023-korean: 2.10.2 | ISO27001-2022: A.8.20, A.8.21, A.8.22 | ENS-RD2022: mp.com.1.aws.sg.1 | AWS-Well-Architected-Framework-Security-Pillar: SEC05-BP03 | KISA-ISMS-P-2023: 2.10.2;;;;;5.32.0;https://www.trendmicro.com/trendaivisiononecloudriskmanagement/knowledge-base/aws/EC2/security-group-prefixed-with-launch-wizard.html | https://docs.aws.amazon.com/eks/latest/userguide/sec-group-reqs.html;;
profile: None;2026-07-14 16:40:35.360893;213146990554;;;;;;prowler-aws-ec2_securitygroup_from_launch_wizard-213146990554-ap-southeast-2-sg-04a9ab6d35a6a8de4;aws;ec2_securitygroup_from_launch_wizard;Security group not created using the EC2 Launch Wizard;Software and Configuration Checks/AWS Security Best Practices/Network Reachability;FAIL;Security group launch-wizard-12 (sg-04a9ab6d35a6a8de4) was created using the EC2 Launch Wizard.;False;ec2;;medium;AwsEc2SecurityGroup;arn:aws:ec2:ap-southeast-2:213146990554:security-group/sg-04a9ab6d35a6a8de4;sg-04a9ab6d35a6a8de4;launch-wizard-12;;aws;ap-southeast-2;**EC2 security groups** whose names include `launch-wizard` are identified as created by the **EC2 Launch Wizard**, distinguishing auto-generated groups from curated, baseline-controlled groups.;"Wizard-generated groups often include **overly permissive rules** (e.g., `0.0.0.0/0` to admin ports), expanding exposure. Attackers can run **port scans** and **brute-force** to gain entry, then **lateral movement** and **data exfiltration**, impacting **confidentiality** and **integrity**; broad egress aids command-and-control.";;Replace or harden these groups. Apply **least privilege**: restrict inbound to required sources, avoid public admin ports, and minimize egress. Use approved baseline security groups, enforce change control with IaC and guardrails, prefer private administration (bastion or Session Manager), and remove unused rules.;https://hub.prowler.com/check/ec2_securitygroup_from_launch_wizard;"```yaml
# CloudFormation: create a security group not named by Launch Wizard
Resources:
  <example_resource_name>:
    Type: AWS::EC2::SecurityGroup
    Properties:
      GroupDescription: SG not created by Launch Wizard
      VpcId: <example_resource_id>
      GroupName: <example_resource_name>  # Critical: name does NOT contain ""launch-wizard"" to avoid FAIL
```";"```hcl
# Create a security group not named by Launch Wizard
resource ""aws_security_group"" ""<example_resource_name>"" {
  name   = ""<example_resource_name>""  # Critical: name does NOT contain ""launch-wizard"" to avoid FAIL
  vpc_id = ""<example_resource_id>""
}
```";aws ec2 delete-security-group --group-id <SECURITY_GROUP_ID>;"1. In the AWS console, go to EC2 > Network & Security > Security Groups
2. In the search box, filter by Name contains ""launch-wizard""
3. For each matching group, open the References tab and remove it from any ENIs/instances by replacing it with a different security group
4. Select the launch-wizard security group and choose Actions > Delete security group > Delete
5. Verify no security groups remain with names containing ""launch-wizard""";KISA-ISMS-P-2023-korean: 2.10.2 | ISO27001-2022: A.8.20, A.8.21, A.8.22 | ENS-RD2022: mp.com.1.aws.sg.1 | AWS-Well-Architected-Framework-Security-Pillar: SEC05-BP03 | KISA-ISMS-P-2023: 2.10.2;;;;;5.32.0;https://www.trendmicro.com/trendaivisiononecloudriskmanagement/knowledge-base/aws/EC2/security-group-prefixed-with-launch-wizard.html | https://docs.aws.amazon.com/eks/latest/userguide/sec-group-reqs.html;;
profile: None;2026-07-14 16:40:35.360893;213146990554;;;;;;prowler-aws-ec2_securitygroup_from_launch_wizard-213146990554-ap-southeast-2-sg-044ad0ea7338dbce0;aws;ec2_securitygroup_from_launch_wizard;Security group not created using the EC2 Launch Wizard;Software and Configuration Checks/AWS Security Best Practices/Network Reachability;PASS;Security group Kali Linux-2026.1-amd64-AutogenByAWSMP--4 (sg-044ad0ea7338dbce0) was not created using the EC2 Launch Wizard.;False;ec2;;medium;AwsEc2SecurityGroup;arn:aws:ec2:ap-southeast-2:213146990554:security-group/sg-044ad0ea7338dbce0;sg-044ad0ea7338dbce0;Kali Linux-2026.1-amd64-AutogenByAWSMP--4;;aws;ap-southeast-2;**EC2 security groups** whose names include `launch-wizard` are identified as created by the **EC2 Launch Wizard**, distinguishing auto-generated groups from curated, baseline-controlled groups.;"Wizard-generated groups often include **overly permissive rules** (e.g., `0.0.0.0/0` to admin ports), expanding exposure. Attackers can run **port scans** and **brute-force** to gain entry, then **lateral movement** and **data exfiltration**, impacting **confidentiality** and **integrity**; broad egress aids command-and-control.";;Replace or harden these groups. Apply **least privilege**: restrict inbound to required sources, avoid public admin ports, and minimize egress. Use approved baseline security groups, enforce change control with IaC and guardrails, prefer private administration (bastion or Session Manager), and remove unused rules.;https://hub.prowler.com/check/ec2_securitygroup_from_launch_wizard;"```yaml
# CloudFormation: create a security group not named by Launch Wizard
Resources:
  <example_resource_name>:
    Type: AWS::EC2::SecurityGroup
    Properties:
      GroupDescription: SG not created by Launch Wizard
      VpcId: <example_resource_id>
      GroupName: <example_resource_name>  # Critical: name does NOT contain ""launch-wizard"" to avoid FAIL
```";"```hcl
# Create a security group not named by Launch Wizard
resource ""aws_security_group"" ""<example_resource_name>"" {
  name   = ""<example_resource_name>""  # Critical: name does NOT contain ""launch-wizard"" to avoid FAIL
  vpc_id = ""<example_resource_id>""
}
```";aws ec2 delete-security-group --group-id <SECURITY_GROUP_ID>;"1. In the AWS console, go to EC2 > Network & Security > Security Groups
2. In the search box, filter by Name contains ""launch-wizard""
3. For each matching group, open the References tab and remove it from any ENIs/instances by replacing it with a different security group
4. Select the launch-wizard security group and choose Actions > Delete security group > Delete
5. Verify no security groups remain with names containing ""launch-wizard""";KISA-ISMS-P-2023-korean: 2.10.2 | ISO27001-2022: A.8.20, A.8.21, A.8.22 | ENS-RD2022: mp.com.1.aws.sg.1 | AWS-Well-Architected-Framework-Security-Pillar: SEC05-BP03 | KISA-ISMS-P-2023: 2.10.2;;;;;5.32.0;https://www.trendmicro.com/trendaivisiononecloudriskmanagement/knowledge-base/aws/EC2/security-group-prefixed-with-launch-wizard.html | https://docs.aws.amazon.com/eks/latest/userguide/sec-group-reqs.html;;
profile: None;2026-07-14 16:40:35.360893;213146990554;;;;;;prowler-aws-ec2_securitygroup_from_launch_wizard-213146990554-ap-southeast-2-sg-0003161c3fb914627;aws;ec2_securitygroup_from_launch_wizard;Security group not created using the EC2 Launch Wizard;Software and Configuration Checks/AWS Security Best Practices/Network Reachability;FAIL;Security group launch-wizard-28 (sg-0003161c3fb914627) was created using the EC2 Launch Wizard.;False;ec2;;medium;AwsEc2SecurityGroup;arn:aws:ec2:ap-southeast-2:213146990554:security-group/sg-0003161c3fb914627;sg-0003161c3fb914627;launch-wizard-28;;aws;ap-southeast-2;**EC2 security groups** whose names include `launch-wizard` are identified as created by the **EC2 Launch Wizard**, distinguishing auto-generated groups from curated, baseline-controlled groups.;"Wizard-generated groups often include **overly permissive rules** (e.g., `0.0.0.0/0` to admin ports), expanding exposure. Attackers can run **port scans** and **brute-force** to gain entry, then **lateral movement** and **data exfiltration**, impacting **confidentiality** and **integrity**; broad egress aids command-and-control.";;Replace or harden these groups. Apply **least privilege**: restrict inbound to required sources, avoid public admin ports, and minimize egress. Use approved baseline security groups, enforce change control with IaC and guardrails, prefer private administration (bastion or Session Manager), and remove unused rules.;https://hub.prowler.com/check/ec2_securitygroup_from_launch_wizard;"```yaml
# CloudFormation: create a security group not named by Launch Wizard
Resources:
  <example_resource_name>:
    Type: AWS::EC2::SecurityGroup
    Properties:
      GroupDescription: SG not created by Launch Wizard
      VpcId: <example_resource_id>
      GroupName: <example_resource_name>  # Critical: name does NOT contain ""launch-wizard"" to avoid FAIL
```";"```hcl
# Create a security group not named by Launch Wizard
resource ""aws_security_group"" ""<example_resource_name>"" {
  name   = ""<example_resource_name>""  # Critical: name does NOT contain ""launch-wizard"" to avoid FAIL
  vpc_id = ""<example_resource_id>""
}
```";aws ec2 delete-security-group --group-id <SECURITY_GROUP_ID>;"1. In the AWS console, go to EC2 > Network & Security > Security Groups
2. In the search box, filter by Name contains ""launch-wizard""
3. For each matching group, open the References tab and remove it from any ENIs/instances by replacing it with a different security group
4. Select the launch-wizard security group and choose Actions > Delete security group > Delete
5. Verify no security groups remain with names containing ""launch-wizard""";KISA-ISMS-P-2023-korean: 2.10.2 | ISO27001-2022: A.8.20, A.8.21, A.8.22 | ENS-RD2022: mp.com.1.aws.sg.1 | AWS-Well-Architected-Framework-Security-Pillar: SEC05-BP03 | KISA-ISMS-P-2023: 2.10.2;;;;;5.32.0;https://www.trendmicro.com/trendaivisiononecloudriskmanagement/knowledge-base/aws/EC2/security-group-prefixed-with-launch-wizard.html | https://docs.aws.amazon.com/eks/latest/userguide/sec-group-reqs.html;;
profile: None;2026-07-14 16:40:35.360893;213146990554;;;;;;prowler-aws-ec2_securitygroup_from_launch_wizard-213146990554-ap-southeast-2-sg-0b16338608e021959;aws;ec2_securitygroup_from_launch_wizard;Security group not created using the EC2 Launch Wizard;Software and Configuration Checks/AWS Security Best Practices/Network Reachability;PASS;Security group Kali Linux-2026.1-amd64-AutogenByAWSMP--7 (sg-0b16338608e021959) was not created using the EC2 Launch Wizard.;False;ec2;;medium;AwsEc2SecurityGroup;arn:aws:ec2:ap-southeast-2:213146990554:security-group/sg-0b16338608e021959;sg-0b16338608e021959;Kali Linux-2026.1-amd64-AutogenByAWSMP--7;;aws;ap-southeast-2;**EC2 security groups** whose names include `launch-wizard` are identified as created by the **EC2 Launch Wizard**, distinguishing auto-generated groups from curated, baseline-controlled groups.;"Wizard-generated groups often include **overly permissive rules** (e.g., `0.0.0.0/0` to admin ports), expanding exposure. Attackers can run **port scans** and **brute-force** to gain entry, then **lateral movement** and **data exfiltration**, impacting **confidentiality** and **integrity**; broad egress aids command-and-control.";;Replace or harden these groups. Apply **least privilege**: restrict inbound to required sources, avoid public admin ports, and minimize egress. Use approved baseline security groups, enforce change control with IaC and guardrails, prefer private administration (bastion or Session Manager), and remove unused rules.;https://hub.prowler.com/check/ec2_securitygroup_from_launch_wizard;"```yaml
# CloudFormation: create a security group not named by Launch Wizard
Resources:
  <example_resource_name>:
    Type: AWS::EC2::SecurityGroup
    Properties:
      GroupDescription: SG not created by Launch Wizard
      VpcId: <example_resource_id>
      GroupName: <example_resource_name>  # Critical: name does NOT contain ""launch-wizard"" to avoid FAIL
```";"```hcl
# Create a security group not named by Launch Wizard
resource ""aws_security_group"" ""<example_resource_name>"" {
  name   = ""<example_resource_name>""  # Critical: name does NOT contain ""launch-wizard"" to avoid FAIL
  vpc_id = ""<example_resource_id>""
}
```";aws ec2 delete-security-group --group-id <SECURITY_GROUP_ID>;"1. In the AWS console, go to EC2 > Network & Security > Security Groups
2. In the search box, filter by Name contains ""launch-wizard""
3. For each matching group, open the References tab and remove it from any ENIs/instances by replacing it with a different security group
4. Select the launch-wizard security group and choose Actions > Delete security group > Delete
5. Verify no security groups remain with names containing ""launch-wizard""";KISA-ISMS-P-2023-korean: 2.10.2 | ISO27001-2022: A.8.20, A.8.21, A.8.22 | ENS-RD2022: mp.com.1.aws.sg.1 | AWS-Well-Architected-Framework-Security-Pillar: SEC05-BP03 | KISA-ISMS-P-2023: 2.10.2;;;;;5.32.0;https://www.trendmicro.com/trendaivisiononecloudriskmanagement/knowledge-base/aws/EC2/security-group-prefixed-with-launch-wizard.html | https://docs.aws.amazon.com/eks/latest/userguide/sec-group-reqs.html;;
profile: None;2026-07-14 16:40:35.360893;213146990554;;;;;;prowler-aws-ec2_securitygroup_from_launch_wizard-213146990554-ap-southeast-2-sg-09402e715b9924e03;aws;ec2_securitygroup_from_launch_wizard;Security group not created using the EC2 Launch Wizard;Software and Configuration Checks/AWS Security Best Practices/Network Reachability;PASS;Security group default (sg-09402e715b9924e03) was not created using the EC2 Launch Wizard.;False;ec2;;medium;AwsEc2SecurityGroup;arn:aws:ec2:ap-southeast-2:213146990554:security-group/sg-09402e715b9924e03;sg-09402e715b9924e03;default;;aws;ap-southeast-2;**EC2 security groups** whose names include `launch-wizard` are identified as created by the **EC2 Launch Wizard**, distinguishing auto-generated groups from curated, baseline-controlled groups.;"Wizard-generated groups often include **overly permissive rules** (e.g., `0.0.0.0/0` to admin ports), expanding exposure. Attackers can run **port scans** and **brute-force** to gain entry, then **lateral movement** and **data exfiltration**, impacting **confidentiality** and **integrity**; broad egress aids command-and-control.";;Replace or harden these groups. Apply **least privilege**: restrict inbound to required sources, avoid public admin ports, and minimize egress. Use approved baseline security groups, enforce change control with IaC and guardrails, prefer private administration (bastion or Session Manager), and remove unused rules.;https://hub.prowler.com/check/ec2_securitygroup_from_launch_wizard;"```yaml
# CloudFormation: create a security group not named by Launch Wizard
Resources:
  <example_resource_name>:
    Type: AWS::EC2::SecurityGroup
    Properties:
      GroupDescription: SG not created by Launch Wizard
      VpcId: <example_resource_id>
      GroupName: <example_resource_name>  # Critical: name does NOT contain ""launch-wizard"" to avoid FAIL
```";"```hcl
# Create a security group not named by Launch Wizard
resource ""aws_security_group"" ""<example_resource_name>"" {
  name   = ""<example_resource_name>""  # Critical: name does NOT contain ""launch-wizard"" to avoid FAIL
  vpc_id = ""<example_resource_id>""
}
```";aws ec2 delete-security-group --group-id <SECURITY_GROUP_ID>;"1. In the AWS console, go to EC2 > Network & Security > Security Groups
2. In the search box, filter by Name contains ""launch-wizard""
3. For each matching group, open the References tab and remove it from any ENIs/instances by replacing it with a different security group
4. Select the launch-wizard security group and choose Actions > Delete security group > Delete
5. Verify no security groups remain with names containing ""launch-wizard""";KISA-ISMS-P-2023-korean: 2.10.2 | ISO27001-2022: A.8.20, A.8.21, A.8.22 | ENS-RD2022: mp.com.1.aws.sg.1 | AWS-Well-Architected-Framework-Security-Pillar: SEC05-BP03 | KISA-ISMS-P-2023: 2.10.2;;;;;5.32.0;https://www.trendmicro.com/trendaivisiononecloudriskmanagement/knowledge-base/aws/EC2/security-group-prefixed-with-launch-wizard.html | https://docs.aws.amazon.com/eks/latest/userguide/sec-group-reqs.html;;
profile: None;2026-07-14 16:40:35.360893;213146990554;;;;;;prowler-aws-ec2_securitygroup_from_launch_wizard-213146990554-ap-southeast-2-sg-034bdb14753e85207;aws;ec2_securitygroup_from_launch_wizard;Security group not created using the EC2 Launch Wizard;Software and Configuration Checks/AWS Security Best Practices/Network Reachability;PASS;Security group Kali Linux-2026.1-amd64-AutogenByAWSMP--6 (sg-034bdb14753e85207) was not created using the EC2 Launch Wizard.;False;ec2;;medium;AwsEc2SecurityGroup;arn:aws:ec2:ap-southeast-2:213146990554:security-group/sg-034bdb14753e85207;sg-034bdb14753e85207;Kali Linux-2026.1-amd64-AutogenByAWSMP--6;;aws;ap-southeast-2;**EC2 security groups** whose names include `launch-wizard` are identified as created by the **EC2 Launch Wizard**, distinguishing auto-generated groups from curated, baseline-controlled groups.;"Wizard-generated groups often include **overly permissive rules** (e.g., `0.0.0.0/0` to admin ports), expanding exposure. Attackers can run **port scans** and **brute-force** to gain entry, then **lateral movement** and **data exfiltration**, impacting **confidentiality** and **integrity**; broad egress aids command-and-control.";;Replace or harden these groups. Apply **least privilege**: restrict inbound to required sources, avoid public admin ports, and minimize egress. Use approved baseline security groups, enforce change control with IaC and guardrails, prefer private administration (bastion or Session Manager), and remove unused rules.;https://hub.prowler.com/check/ec2_securitygroup_from_launch_wizard;"```yaml
# CloudFormation: create a security group not named by Launch Wizard
Resources:
  <example_resource_name>:
    Type: AWS::EC2::SecurityGroup
    Properties:
      GroupDescription: SG not created by Launch Wizard
      VpcId: <example_resource_id>
      GroupName: <example_resource_name>  # Critical: name does NOT contain ""launch-wizard"" to avoid FAIL
```";"```hcl
# Create a security group not named by Launch Wizard
resource ""aws_security_group"" ""<example_resource_name>"" {
  name   = ""<example_resource_name>""  # Critical: name does NOT contain ""launch-wizard"" to avoid FAIL
  vpc_id = ""<example_resource_id>""
}
```";aws ec2 delete-security-group --group-id <SECURITY_GROUP_ID>;"1. In the AWS console, go to EC2 > Network & Security > Security Groups
2. In the search box, filter by Name contains ""launch-wizard""
3. For each matching group, open the References tab and remove it from any ENIs/instances by replacing it with a different security group
4. Select the launch-wizard security group and choose Actions > Delete security group > Delete
5. Verify no security groups remain with names containing ""launch-wizard""";KISA-ISMS-P-2023-korean: 2.10.2 | ISO27001-2022: A.8.20, A.8.21, A.8.22 | ENS-RD2022: mp.com.1.aws.sg.1 | AWS-Well-Architected-Framework-Security-Pillar: SEC05-BP03 | KISA-ISMS-P-2023: 2.10.2;;;;;5.32.0;https://www.trendmicro.com/trendaivisiononecloudriskmanagement/knowledge-base/aws/EC2/security-group-prefixed-with-launch-wizard.html | https://docs.aws.amazon.com/eks/latest/userguide/sec-group-reqs.html;;
profile: None;2026-07-14 16:40:35.360893;213146990554;;;;;;prowler-aws-ec2_securitygroup_from_launch_wizard-213146990554-ap-southeast-2-sg-03667e84668fbefee;aws;ec2_securitygroup_from_launch_wizard;Security group not created using the EC2 Launch Wizard;Software and Configuration Checks/AWS Security Best Practices/Network Reachability;PASS;Security group EG-SG (sg-03667e84668fbefee) was not created using the EC2 Launch Wizard.;False;ec2;;medium;AwsEc2SecurityGroup;arn:aws:ec2:ap-southeast-2:213146990554:security-group/sg-03667e84668fbefee;sg-03667e84668fbefee;EG-SG;Name=EG-SG | Project=RedTeamInfra;aws;ap-southeast-2;**EC2 security groups** whose names include `launch-wizard` are identified as created by the **EC2 Launch Wizard**, distinguishing auto-generated groups from curated, baseline-controlled groups.;"Wizard-generated groups often include **overly permissive rules** (e.g., `0.0.0.0/0` to admin ports), expanding exposure. Attackers can run **port scans** and **brute-force** to gain entry, then **lateral movement** and **data exfiltration**, impacting **confidentiality** and **integrity**; broad egress aids command-and-control.";;Replace or harden these groups. Apply **least privilege**: restrict inbound to required sources, avoid public admin ports, and minimize egress. Use approved baseline security groups, enforce change control with IaC and guardrails, prefer private administration (bastion or Session Manager), and remove unused rules.;https://hub.prowler.com/check/ec2_securitygroup_from_launch_wizard;"```yaml
# CloudFormation: create a security group not named by Launch Wizard
Resources:
  <example_resource_name>:
    Type: AWS::EC2::SecurityGroup
    Properties:
      GroupDescription: SG not created by Launch Wizard
      VpcId: <example_resource_id>
      GroupName: <example_resource_name>  # Critical: name does NOT contain ""launch-wizard"" to avoid FAIL
```";"```hcl
# Create a security group not named by Launch Wizard
resource ""aws_security_group"" ""<example_resource_name>"" {
  name   = ""<example_resource_name>""  # Critical: name does NOT contain ""launch-wizard"" to avoid FAIL
  vpc_id = ""<example_resource_id>""
}
```";aws ec2 delete-security-group --group-id <SECURITY_GROUP_ID>;"1. In the AWS console, go to EC2 > Network & Security > Security Groups
2. In the search box, filter by Name contains ""launch-wizard""
3. For each matching group, open the References tab and remove it from any ENIs/instances by replacing it with a different security group
4. Select the launch-wizard security group and choose Actions > Delete security group > Delete
5. Verify no security groups remain with names containing ""launch-wizard""";KISA-ISMS-P-2023-korean: 2.10.2 | ISO27001-2022: A.8.20, A.8.21, A.8.22 | ENS-RD2022: mp.com.1.aws.sg.1 | AWS-Well-Architected-Framework-Security-Pillar: SEC05-BP03 | KISA-ISMS-P-2023: 2.10.2;;;;;5.32.0;https://www.trendmicro.com/trendaivisiononecloudriskmanagement/knowledge-base/aws/EC2/security-group-prefixed-with-launch-wizard.html | https://docs.aws.amazon.com/eks/latest/userguide/sec-group-reqs.html;;
profile: None;2026-07-14 16:40:35.360893;213146990554;;;;;;prowler-aws-ec2_securitygroup_from_launch_wizard-213146990554-ap-southeast-2-sg-0e3756b7faacf9749;aws;ec2_securitygroup_from_launch_wizard;Security group not created using the EC2 Launch Wizard;Software and Configuration Checks/AWS Security Best Practices/Network Reachability;FAIL;Security group launch-wizard-2 (sg-0e3756b7faacf9749) was created using the EC2 Launch Wizard.;False;ec2;;medium;AwsEc2SecurityGroup;arn:aws:ec2:ap-southeast-2:213146990554:security-group/sg-0e3756b7faacf9749;sg-0e3756b7faacf9749;launch-wizard-2;;aws;ap-southeast-2;**EC2 security groups** whose names include `launch-wizard` are identified as created by the **EC2 Launch Wizard**, distinguishing auto-generated groups from curated, baseline-controlled groups.;"Wizard-generated groups often include **overly permissive rules** (e.g., `0.0.0.0/0` to admin ports), expanding exposure. Attackers can run **port scans** and **brute-force** to gain entry, then **lateral movement** and **data exfiltration**, impacting **confidentiality** and **integrity**; broad egress aids command-and-control.";;Replace or harden these groups. Apply **least privilege**: restrict inbound to required sources, avoid public admin ports, and minimize egress. Use approved baseline security groups, enforce change control with IaC and guardrails, prefer private administration (bastion or Session Manager), and remove unused rules.;https://hub.prowler.com/check/ec2_securitygroup_from_launch_wizard;"```yaml
# CloudFormation: create a security group not named by Launch Wizard
Resources:
  <example_resource_name>:
    Type: AWS::EC2::SecurityGroup
    Properties:
      GroupDescription: SG not created by Launch Wizard
      VpcId: <example_resource_id>
      GroupName: <example_resource_name>  # Critical: name does NOT contain ""launch-wizard"" to avoid FAIL
```";"```hcl
# Create a security group not named by Launch Wizard
resource ""aws_security_group"" ""<example_resource_name>"" {
  name   = ""<example_resource_name>""  # Critical: name does NOT contain ""launch-wizard"" to avoid FAIL
  vpc_id = ""<example_resource_id>""
}
```";aws ec2 delete-security-group --group-id <SECURITY_GROUP_ID>;"1. In the AWS console, go to EC2 > Network & Security > Security Groups
2. In the search box, filter by Name contains ""launch-wizard""
3. For each matching group, open the References tab and remove it from any ENIs/instances by replacing it with a different security group
4. Select the launch-wizard security group and choose Actions > Delete security group > Delete
5. Verify no security groups remain with names containing ""launch-wizard""";KISA-ISMS-P-2023-korean: 2.10.2 | ISO27001-2022: A.8.20, A.8.21, A.8.22 | ENS-RD2022: mp.com.1.aws.sg.1 | AWS-Well-Architected-Framework-Security-Pillar: SEC05-BP03 | KISA-ISMS-P-2023: 2.10.2;;;;;5.32.0;https://www.trendmicro.com/trendaivisiononecloudriskmanagement/knowledge-base/aws/EC2/security-group-prefixed-with-launch-wizard.html | https://docs.aws.amazon.com/eks/latest/userguide/sec-group-reqs.html;;
profile: None;2026-07-14 16:40:35.360893;213146990554;;;;;;prowler-aws-ec2_securitygroup_from_launch_wizard-213146990554-ap-southeast-2-sg-0b8ded5ed0698a732;aws;ec2_securitygroup_from_launch_wizard;Security group not created using the EC2 Launch Wizard;Software and Configuration Checks/AWS Security Best Practices/Network Reachability;FAIL;Security group launch-wizard-16 (sg-0b8ded5ed0698a732) was created using the EC2 Launch Wizard.;False;ec2;;medium;AwsEc2SecurityGroup;arn:aws:ec2:ap-southeast-2:213146990554:security-group/sg-0b8ded5ed0698a732;sg-0b8ded5ed0698a732;launch-wizard-16;;aws;ap-southeast-2;**EC2 security groups** whose names include `launch-wizard` are identified as created by the **EC2 Launch Wizard**, distinguishing auto-generated groups from curated, baseline-controlled groups.;"Wizard-generated groups often include **overly permissive rules** (e.g., `0.0.0.0/0` to admin ports), expanding exposure. Attackers can run **port scans** and **brute-force** to gain entry, then **lateral movement** and **data exfiltration**, impacting **confidentiality** and **integrity**; broad egress aids command-and-control.";;Replace or harden these groups. Apply **least privilege**: restrict inbound to required sources, avoid public admin ports, and minimize egress. Use approved baseline security groups, enforce change control with IaC and guardrails, prefer private administration (bastion or Session Manager), and remove unused rules.;https://hub.prowler.com/check/ec2_securitygroup_from_launch_wizard;"```yaml
# CloudFormation: create a security group not named by Launch Wizard
Resources:
  <example_resource_name>:
    Type: AWS::EC2::SecurityGroup
    Properties:
      GroupDescription: SG not created by Launch Wizard
      VpcId: <example_resource_id>
      GroupName: <example_resource_name>  # Critical: name does NOT contain ""launch-wizard"" to avoid FAIL
```";"```hcl
# Create a security group not named by Launch Wizard
resource ""aws_security_group"" ""<example_resource_name>"" {
  name   = ""<example_resource_name>""  # Critical: name does NOT contain ""launch-wizard"" to avoid FAIL
  vpc_id = ""<example_resource_id>""
}
```";aws ec2 delete-security-group --group-id <SECURITY_GROUP_ID>;"1. In the AWS console, go to EC2 > Network & Security > Security Groups
2. In the search box, filter by Name contains ""launch-wizard""
3. For each matching group, open the References tab and remove it from any ENIs/instances by replacing it with a different security group
4. Select the launch-wizard security group and choose Actions > Delete security group > Delete
5. Verify no security groups remain with names containing ""launch-wizard""";KISA-ISMS-P-2023-korean: 2.10.2 | ISO27001-2022: A.8.20, A.8.21, A.8.22 | ENS-RD2022: mp.com.1.aws.sg.1 | AWS-Well-Architected-Framework-Security-Pillar: SEC05-BP03 | KISA-ISMS-P-2023: 2.10.2;;;;;5.32.0;https://www.trendmicro.com/trendaivisiononecloudriskmanagement/knowledge-base/aws/EC2/security-group-prefixed-with-launch-wizard.html | https://docs.aws.amazon.com/eks/latest/userguide/sec-group-reqs.html;;
profile: None;2026-07-14 16:40:35.360893;213146990554;;;;;;prowler-aws-ec2_securitygroup_from_launch_wizard-213146990554-ap-southeast-2-sg-0a7306065b047c47a;aws;ec2_securitygroup_from_launch_wizard;Security group not created using the EC2 Launch Wizard;Software and Configuration Checks/AWS Security Best Practices/Network Reachability;FAIL;Security group launch-wizard-3 (sg-0a7306065b047c47a) was created using the EC2 Launch Wizard.;False;ec2;;medium;AwsEc2SecurityGroup;arn:aws:ec2:ap-southeast-2:213146990554:security-group/sg-0a7306065b047c47a;sg-0a7306065b047c47a;launch-wizard-3;;aws;ap-southeast-2;**EC2 security groups** whose names include `launch-wizard` are identified as created by the **EC2 Launch Wizard**, distinguishing auto-generated groups from curated, baseline-controlled groups.;"Wizard-generated groups often include **overly permissive rules** (e.g., `0.0.0.0/0` to admin ports), expanding exposure. Attackers can run **port scans** and **brute-force** to gain entry, then **lateral movement** and **data exfiltration**, impacting **confidentiality** and **integrity**; broad egress aids command-and-control.";;Replace or harden these groups. Apply **least privilege**: restrict inbound to required sources, avoid public admin ports, and minimize egress. Use approved baseline security groups, enforce change control with IaC and guardrails, prefer private administration (bastion or Session Manager), and remove unused rules.;https://hub.prowler.com/check/ec2_securitygroup_from_launch_wizard;"```yaml
# CloudFormation: create a security group not named by Launch Wizard
Resources:
  <example_resource_name>:
    Type: AWS::EC2::SecurityGroup
    Properties:
      GroupDescription: SG not created by Launch Wizard
      VpcId: <example_resource_id>
      GroupName: <example_resource_name>  # Critical: name does NOT contain ""launch-wizard"" to avoid FAIL
```";"```hcl
# Create a security group not named by Launch Wizard
resource ""aws_security_group"" ""<example_resource_name>"" {
  name   = ""<example_resource_name>""  # Critical: name does NOT contain ""launch-wizard"" to avoid FAIL
  vpc_id = ""<example_resource_id>""
}
```";aws ec2 delete-security-group --group-id <SECURITY_GROUP_ID>;"1. In the AWS console, go to EC2 > Network & Security > Security Groups
2. In the search box, filter by Name contains ""launch-wizard""
3. For each matching group, open the References tab and remove it from any ENIs/instances by replacing it with a different security group
4. Select the launch-wizard security group and choose Actions > Delete security group > Delete
5. Verify no security groups remain with names containing ""launch-wizard""";KISA-ISMS-P-2023-korean: 2.10.2 | ISO27001-2022: A.8.20, A.8.21, A.8.22 | ENS-RD2022: mp.com.1.aws.sg.1 | AWS-Well-Architected-Framework-Security-Pillar: SEC05-BP03 | KISA-ISMS-P-2023: 2.10.2;;;;;5.32.0;https://www.trendmicro.com/trendaivisiononecloudriskmanagement/knowledge-base/aws/EC2/security-group-prefixed-with-launch-wizard.html | https://docs.aws.amazon.com/eks/latest/userguide/sec-group-reqs.html;;
profile: None;2026-07-14 16:40:35.360893;213146990554;;;;;;prowler-aws-ec2_securitygroup_from_launch_wizard-213146990554-ap-southeast-2-sg-0e126e8fe16324420;aws;ec2_securitygroup_from_launch_wizard;Security group not created using the EC2 Launch Wizard;Software and Configuration Checks/AWS Security Best Practices/Network Reachability;FAIL;Security group launch-wizard-21 (sg-0e126e8fe16324420) was created using the EC2 Launch Wizard.;False;ec2;;medium;AwsEc2SecurityGroup;arn:aws:ec2:ap-southeast-2:213146990554:security-group/sg-0e126e8fe16324420;sg-0e126e8fe16324420;launch-wizard-21;;aws;ap-southeast-2;**EC2 security groups** whose names include `launch-wizard` are identified as created by the **EC2 Launch Wizard**, distinguishing auto-generated groups from curated, baseline-controlled groups.;"Wizard-generated groups often include **overly permissive rules** (e.g., `0.0.0.0/0` to admin ports), expanding exposure. Attackers can run **port scans** and **brute-force** to gain entry, then **lateral movement** and **data exfiltration**, impacting **confidentiality** and **integrity**; broad egress aids command-and-control.";;Replace or harden these groups. Apply **least privilege**: restrict inbound to required sources, avoid public admin ports, and minimize egress. Use approved baseline security groups, enforce change control with IaC and guardrails, prefer private administration (bastion or Session Manager), and remove unused rules.;https://hub.prowler.com/check/ec2_securitygroup_from_launch_wizard;"```yaml
# CloudFormation: create a security group not named by Launch Wizard
Resources:
  <example_resource_name>:
    Type: AWS::EC2::SecurityGroup
    Properties:
      GroupDescription: SG not created by Launch Wizard
      VpcId: <example_resource_id>
      GroupName: <example_resource_name>  # Critical: name does NOT contain ""launch-wizard"" to avoid FAIL
```";"```hcl
# Create a security group not named by Launch Wizard
resource ""aws_security_group"" ""<example_resource_name>"" {
  name   = ""<example_resource_name>""  # Critical: name does NOT contain ""launch-wizard"" to avoid FAIL
  vpc_id = ""<example_resource_id>""
}
```";aws ec2 delete-security-group --group-id <SECURITY_GROUP_ID>;"1. In the AWS console, go to EC2 > Network & Security > Security Groups
2. In the search box, filter by Name contains ""launch-wizard""
3. For each matching group, open the References tab and remove it from any ENIs/instances by replacing it with a different security group
4. Select the launch-wizard security group and choose Actions > Delete security group > Delete
5. Verify no security groups remain with names containing ""launch-wizard""";KISA-ISMS-P-2023-korean: 2.10.2 | ISO27001-2022: A.8.20, A.8.21, A.8.22 | ENS-RD2022: mp.com.1.aws.sg.1 | AWS-Well-Architected-Framework-Security-Pillar: SEC05-BP03 | KISA-ISMS-P-2023: 2.10.2;;;;;5.32.0;https://www.trendmicro.com/trendaivisiononecloudriskmanagement/knowledge-base/aws/EC2/security-group-prefixed-with-launch-wizard.html | https://docs.aws.amazon.com/eks/latest/userguide/sec-group-reqs.html;;
profile: None;2026-07-14 16:40:35.360893;213146990554;;;;;;prowler-aws-ec2_securitygroup_from_launch_wizard-213146990554-ap-southeast-2-sg-05dd4ebdd18f412c1;aws;ec2_securitygroup_from_launch_wizard;Security group not created using the EC2 Launch Wizard;Software and Configuration Checks/AWS Security Best Practices/Network Reachability;FAIL;Security group launch-wizard-19 (sg-05dd4ebdd18f412c1) was created using the EC2 Launch Wizard.;False;ec2;;medium;AwsEc2SecurityGroup;arn:aws:ec2:ap-southeast-2:213146990554:security-group/sg-05dd4ebdd18f412c1;sg-05dd4ebdd18f412c1;launch-wizard-19;;aws;ap-southeast-2;**EC2 security groups** whose names include `launch-wizard` are identified as created by the **EC2 Launch Wizard**, distinguishing auto-generated groups from curated, baseline-controlled groups.;"Wizard-generated groups often include **overly permissive rules** (e.g., `0.0.0.0/0` to admin ports), expanding exposure. Attackers can run **port scans** and **brute-force** to gain entry, then **lateral movement** and **data exfiltration**, impacting **confidentiality** and **integrity**; broad egress aids command-and-control.";;Replace or harden these groups. Apply **least privilege**: restrict inbound to required sources, avoid public admin ports, and minimize egress. Use approved baseline security groups, enforce change control with IaC and guardrails, prefer private administration (bastion or Session Manager), and remove unused rules.;https://hub.prowler.com/check/ec2_securitygroup_from_launch_wizard;"```yaml
# CloudFormation: create a security group not named by Launch Wizard
Resources:
  <example_resource_name>:
    Type: AWS::EC2::SecurityGroup
    Properties:
      GroupDescription: SG not created by Launch Wizard
      VpcId: <example_resource_id>
      GroupName: <example_resource_name>  # Critical: name does NOT contain ""launch-wizard"" to avoid FAIL
```";"```hcl
# Create a security group not named by Launch Wizard
resource ""aws_security_group"" ""<example_resource_name>"" {
  name   = ""<example_resource_name>""  # Critical: name does NOT contain ""launch-wizard"" to avoid FAIL
  vpc_id = ""<example_resource_id>""
}
```";aws ec2 delete-security-group --group-id <SECURITY_GROUP_ID>;"1. In the AWS console, go to EC2 > Network & Security > Security Groups
2. In the search box, filter by Name contains ""launch-wizard""
3. For each matching group, open the References tab and remove it from any ENIs/instances by replacing it with a different security group
4. Select the launch-wizard security group and choose Actions > Delete security group > Delete
5. Verify no security groups remain with names containing ""launch-wizard""";KISA-ISMS-P-2023-korean: 2.10.2 | ISO27001-2022: A.8.20, A.8.21, A.8.22 | ENS-RD2022: mp.com.1.aws.sg.1 | AWS-Well-Architected-Framework-Security-Pillar: SEC05-BP03 | KISA-ISMS-P-2023: 2.10.2;;;;;5.32.0;https://www.trendmicro.com/trendaivisiononecloudriskmanagement/knowledge-base/aws/EC2/security-group-prefixed-with-launch-wizard.html | https://docs.aws.amazon.com/eks/latest/userguide/sec-group-reqs.html;;
profile: None;2026-07-14 16:40:35.360893;213146990554;;;;;;prowler-aws-ec2_securitygroup_from_launch_wizard-213146990554-ap-southeast-2-sg-0d759a2bdfa128cd1;aws;ec2_securitygroup_from_launch_wizard;Security group not created using the EC2 Launch Wizard;Software and Configuration Checks/AWS Security Best Practices/Network Reachability;FAIL;Security group launch-wizard-7 (sg-0d759a2bdfa128cd1) was created using the EC2 Launch Wizard.;False;ec2;;medium;AwsEc2SecurityGroup;arn:aws:ec2:ap-southeast-2:213146990554:security-group/sg-0d759a2bdfa128cd1;sg-0d759a2bdfa128cd1;launch-wizard-7;;aws;ap-southeast-2;**EC2 security groups** whose names include `launch-wizard` are identified as created by the **EC2 Launch Wizard**, distinguishing auto-generated groups from curated, baseline-controlled groups.;"Wizard-generated groups often include **overly permissive rules** (e.g., `0.0.0.0/0` to admin ports), expanding exposure. Attackers can run **port scans** and **brute-force** to gain entry, then **lateral movement** and **data exfiltration**, impacting **confidentiality** and **integrity**; broad egress aids command-and-control.";;Replace or harden these groups. Apply **least privilege**: restrict inbound to required sources, avoid public admin ports, and minimize egress. Use approved baseline security groups, enforce change control with IaC and guardrails, prefer private administration (bastion or Session Manager), and remove unused rules.;https://hub.prowler.com/check/ec2_securitygroup_from_launch_wizard;"```yaml
# CloudFormation: create a security group not named by Launch Wizard
Resources:
  <example_resource_name>:
    Type: AWS::EC2::SecurityGroup
    Properties:
      GroupDescription: SG not created by Launch Wizard
      VpcId: <example_resource_id>
      GroupName: <example_resource_name>  # Critical: name does NOT contain ""launch-wizard"" to avoid FAIL
```";"```hcl
# Create a security group not named by Launch Wizard
resource ""aws_security_group"" ""<example_resource_name>"" {
  name   = ""<example_resource_name>""  # Critical: name does NOT contain ""launch-wizard"" to avoid FAIL
  vpc_id = ""<example_resource_id>""
}
```";aws ec2 delete-security-group --group-id <SECURITY_GROUP_ID>;"1. In the AWS console, go to EC2 > Network & Security > Security Groups
2. In the search box, filter by Name contains ""launch-wizard""
3. For each matching group, open the References tab and remove it from any ENIs/instances by replacing it with a different security group
4. Select the launch-wizard security group and choose Actions > Delete security group > Delete
5. Verify no security groups remain with names containing ""launch-wizard""";KISA-ISMS-P-2023-korean: 2.10.2 | ISO27001-2022: A.8.20, A.8.21, A.8.22 | ENS-RD2022: mp.com.1.aws.sg.1 | AWS-Well-Architected-Framework-Security-Pillar: SEC05-BP03 | KISA-ISMS-P-2023: 2.10.2;;;;;5.32.0;https://www.trendmicro.com/trendaivisiononecloudriskmanagement/knowledge-base/aws/EC2/security-group-prefixed-with-launch-wizard.html | https://docs.aws.amazon.com/eks/latest/userguide/sec-group-reqs.html;;
profile: None;2026-07-14 16:40:35.360893;213146990554;;;;;;prowler-aws-ec2_securitygroup_from_launch_wizard-213146990554-ap-southeast-2-sg-045dc2456086efc1d;aws;ec2_securitygroup_from_launch_wizard;Security group not created using the EC2 Launch Wizard;Software and Configuration Checks/AWS Security Best Practices/Network Reachability;FAIL;Security group launch-wizard-11 (sg-045dc2456086efc1d) was created using the EC2 Launch Wizard.;False;ec2;;medium;AwsEc2SecurityGroup;arn:aws:ec2:ap-southeast-2:213146990554:security-group/sg-045dc2456086efc1d;sg-045dc2456086efc1d;launch-wizard-11;;aws;ap-southeast-2;**EC2 security groups** whose names include `launch-wizard` are identified as created by the **EC2 Launch Wizard**, distinguishing auto-generated groups from curated, baseline-controlled groups.;"Wizard-generated groups often include **overly permissive rules** (e.g., `0.0.0.0/0` to admin ports), expanding exposure. Attackers can run **port scans** and **brute-force** to gain entry, then **lateral movement** and **data exfiltration**, impacting **confidentiality** and **integrity**; broad egress aids command-and-control.";;Replace or harden these groups. Apply **least privilege**: restrict inbound to required sources, avoid public admin ports, and minimize egress. Use approved baseline security groups, enforce change control with IaC and guardrails, prefer private administration (bastion or Session Manager), and remove unused rules.;https://hub.prowler.com/check/ec2_securitygroup_from_launch_wizard;"```yaml
# CloudFormation: create a security group not named by Launch Wizard
Resources:
  <example_resource_name>:
    Type: AWS::EC2::SecurityGroup
    Properties:
      GroupDescription: SG not created by Launch Wizard
      VpcId: <example_resource_id>
      GroupName: <example_resource_name>  # Critical: name does NOT contain ""launch-wizard"" to avoid FAIL
```";"```hcl
# Create a security group not named by Launch Wizard
resource ""aws_security_group"" ""<example_resource_name>"" {
  name   = ""<example_resource_name>""  # Critical: name does NOT contain ""launch-wizard"" to avoid FAIL
  vpc_id = ""<example_resource_id>""
}
```";aws ec2 delete-security-group --group-id <SECURITY_GROUP_ID>;"1. In the AWS console, go to EC2 > Network & Security > Security Groups
2. In the search box, filter by Name contains ""launch-wizard""
3. For each matching group, open the References tab and remove it from any ENIs/instances by replacing it with a different security group
4. Select the launch-wizard security group and choose Actions > Delete security group > Delete
5. Verify no security groups remain with names containing ""launch-wizard""";KISA-ISMS-P-2023-korean: 2.10.2 | ISO27001-2022: A.8.20, A.8.21, A.8.22 | ENS-RD2022: mp.com.1.aws.sg.1 | AWS-Well-Architected-Framework-Security-Pillar: SEC05-BP03 | KISA-ISMS-P-2023: 2.10.2;;;;;5.32.0;https://www.trendmicro.com/trendaivisiononecloudriskmanagement/knowledge-base/aws/EC2/security-group-prefixed-with-launch-wizard.html | https://docs.aws.amazon.com/eks/latest/userguide/sec-group-reqs.html;;
profile: None;2026-07-14 16:40:35.360893;213146990554;;;;;;prowler-aws-ec2_securitygroup_from_launch_wizard-213146990554-ap-southeast-2-sg-07c211d3ff7ed3416;aws;ec2_securitygroup_from_launch_wizard;Security group not created using the EC2 Launch Wizard;Software and Configuration Checks/AWS Security Best Practices/Network Reachability;PASS;Security group Kali Linux-2026.1-amd64-AutogenByAWSMP--1 (sg-07c211d3ff7ed3416) was not created using the EC2 Launch Wizard.;False;ec2;;medium;AwsEc2SecurityGroup;arn:aws:ec2:ap-southeast-2:213146990554:security-group/sg-07c211d3ff7ed3416;sg-07c211d3ff7ed3416;Kali Linux-2026.1-amd64-AutogenByAWSMP--1;;aws;ap-southeast-2;**EC2 security groups** whose names include `launch-wizard` are identified as created by the **EC2 Launch Wizard**, distinguishing auto-generated groups from curated, baseline-controlled groups.;"Wizard-generated groups often include **overly permissive rules** (e.g., `0.0.0.0/0` to admin ports), expanding exposure. Attackers can run **port scans** and **brute-force** to gain entry, then **lateral movement** and **data exfiltration**, impacting **confidentiality** and **integrity**; broad egress aids command-and-control.";;Replace or harden these groups. Apply **least privilege**: restrict inbound to required sources, avoid public admin ports, and minimize egress. Use approved baseline security groups, enforce change control with IaC and guardrails, prefer private administration (bastion or Session Manager), and remove unused rules.;https://hub.prowler.com/check/ec2_securitygroup_from_launch_wizard;"```yaml
# CloudFormation: create a security group not named by Launch Wizard
Resources:
  <example_resource_name>:
    Type: AWS::EC2::SecurityGroup
    Properties:
      GroupDescription: SG not created by Launch Wizard
      VpcId: <example_resource_id>
      GroupName: <example_resource_name>  # Critical: name does NOT contain ""launch-wizard"" to avoid FAIL
```";"```hcl
# Create a security group not named by Launch Wizard
resource ""aws_security_group"" ""<example_resource_name>"" {
  name   = ""<example_resource_name>""  # Critical: name does NOT contain ""launch-wizard"" to avoid FAIL
  vpc_id = ""<example_resource_id>""
}
```";aws ec2 delete-security-group --group-id <SECURITY_GROUP_ID>;"1. In the AWS console, go to EC2 > Network & Security > Security Groups
2. In the search box, filter by Name contains ""launch-wizard""
3. For each matching group, open the References tab and remove it from any ENIs/instances by replacing it with a different security group
4. Select the launch-wizard security group and choose Actions > Delete security group > Delete
5. Verify no security groups remain with names containing ""launch-wizard""";KISA-ISMS-P-2023-korean: 2.10.2 | ISO27001-2022: A.8.20, A.8.21, A.8.22 | ENS-RD2022: mp.com.1.aws.sg.1 | AWS-Well-Architected-Framework-Security-Pillar: SEC05-BP03 | KISA-ISMS-P-2023: 2.10.2;;;;;5.32.0;https://www.trendmicro.com/trendaivisiononecloudriskmanagement/knowledge-base/aws/EC2/security-group-prefixed-with-launch-wizard.html | https://docs.aws.amazon.com/eks/latest/userguide/sec-group-reqs.html;;
profile: None;2026-07-14 16:40:35.360893;213146990554;;;;;;prowler-aws-ec2_securitygroup_from_launch_wizard-213146990554-ap-southeast-2-sg-0fa04d76ad5a60f29;aws;ec2_securitygroup_from_launch_wizard;Security group not created using the EC2 Launch Wizard;Software and Configuration Checks/AWS Security Best Practices/Network Reachability;FAIL;Security group launch-wizard-13 (sg-0fa04d76ad5a60f29) was created using the EC2 Launch Wizard.;False;ec2;;medium;AwsEc2SecurityGroup;arn:aws:ec2:ap-southeast-2:213146990554:security-group/sg-0fa04d76ad5a60f29;sg-0fa04d76ad5a60f29;launch-wizard-13;;aws;ap-southeast-2;**EC2 security groups** whose names include `launch-wizard` are identified as created by the **EC2 Launch Wizard**, distinguishing auto-generated groups from curated, baseline-controlled groups.;"Wizard-generated groups often include **overly permissive rules** (e.g., `0.0.0.0/0` to admin ports), expanding exposure. Attackers can run **port scans** and **brute-force** to gain entry, then **lateral movement** and **data exfiltration**, impacting **confidentiality** and **integrity**; broad egress aids command-and-control.";;Replace or harden these groups. Apply **least privilege**: restrict inbound to required sources, avoid public admin ports, and minimize egress. Use approved baseline security groups, enforce change control with IaC and guardrails, prefer private administration (bastion or Session Manager), and remove unused rules.;https://hub.prowler.com/check/ec2_securitygroup_from_launch_wizard;"```yaml
# CloudFormation: create a security group not named by Launch Wizard
Resources:
  <example_resource_name>:
    Type: AWS::EC2::SecurityGroup
    Properties:
      GroupDescription: SG not created by Launch Wizard
      VpcId: <example_resource_id>
      GroupName: <example_resource_name>  # Critical: name does NOT contain ""launch-wizard"" to avoid FAIL
```";"```hcl
# Create a security group not named by Launch Wizard
resource ""aws_security_group"" ""<example_resource_name>"" {
  name   = ""<example_resource_name>""  # Critical: name does NOT contain ""launch-wizard"" to avoid FAIL
  vpc_id = ""<example_resource_id>""
}
```";aws ec2 delete-security-group --group-id <SECURITY_GROUP_ID>;"1. In the AWS console, go to EC2 > Network & Security > Security Groups
2. In the search box, filter by Name contains ""launch-wizard""
3. For each matching group, open the References tab and remove it from any ENIs/instances by replacing it with a different security group
4. Select the launch-wizard security group and choose Actions > Delete security group > Delete
5. Verify no security groups remain with names containing ""launch-wizard""";KISA-ISMS-P-2023-korean: 2.10.2 | ISO27001-2022: A.8.20, A.8.21, A.8.22 | ENS-RD2022: mp.com.1.aws.sg.1 | AWS-Well-Architected-Framework-Security-Pillar: SEC05-BP03 | KISA-ISMS-P-2023: 2.10.2;;;;;5.32.0;https://www.trendmicro.com/trendaivisiononecloudriskmanagement/knowledge-base/aws/EC2/security-group-prefixed-with-launch-wizard.html | https://docs.aws.amazon.com/eks/latest/userguide/sec-group-reqs.html;;
profile: None;2026-07-14 16:40:35.360893;213146990554;;;;;;prowler-aws-ec2_securitygroup_from_launch_wizard-213146990554-ap-southeast-2-sg-0b304f3d171f7dd95;aws;ec2_securitygroup_from_launch_wizard;Security group not created using the EC2 Launch Wizard;Software and Configuration Checks/AWS Security Best Practices/Network Reachability;FAIL;Security group launch-wizard-25 (sg-0b304f3d171f7dd95) was created using the EC2 Launch Wizard.;False;ec2;;medium;AwsEc2SecurityGroup;arn:aws:ec2:ap-southeast-2:213146990554:security-group/sg-0b304f3d171f7dd95;sg-0b304f3d171f7dd95;launch-wizard-25;;aws;ap-southeast-2;**EC2 security groups** whose names include `launch-wizard` are identified as created by the **EC2 Launch Wizard**, distinguishing auto-generated groups from curated, baseline-controlled groups.;"Wizard-generated groups often include **overly permissive rules** (e.g., `0.0.0.0/0` to admin ports), expanding exposure. Attackers can run **port scans** and **brute-force** to gain entry, then **lateral movement** and **data exfiltration**, impacting **confidentiality** and **integrity**; broad egress aids command-and-control.";;Replace or harden these groups. Apply **least privilege**: restrict inbound to required sources, avoid public admin ports, and minimize egress. Use approved baseline security groups, enforce change control with IaC and guardrails, prefer private administration (bastion or Session Manager), and remove unused rules.;https://hub.prowler.com/check/ec2_securitygroup_from_launch_wizard;"```yaml
# CloudFormation: create a security group not named by Launch Wizard
Resources:
  <example_resource_name>:
    Type: AWS::EC2::SecurityGroup
    Properties:
      GroupDescription: SG not created by Launch Wizard
      VpcId: <example_resource_id>
      GroupName: <example_resource_name>  # Critical: name does NOT contain ""launch-wizard"" to avoid FAIL
```";"```hcl
# Create a security group not named by Launch Wizard
resource ""aws_security_group"" ""<example_resource_name>"" {
  name   = ""<example_resource_name>""  # Critical: name does NOT contain ""launch-wizard"" to avoid FAIL
  vpc_id = ""<example_resource_id>""
}
```";aws ec2 delete-security-group --group-id <SECURITY_GROUP_ID>;"1. In the AWS console, go to EC2 > Network & Security > Security Groups
2. In the search box, filter by Name contains ""launch-wizard""
3. For each matching group, open the References tab and remove it from any ENIs/instances by replacing it with a different security group
4. Select the launch-wizard security group and choose Actions > Delete security group > Delete
5. Verify no security groups remain with names containing ""launch-wizard""";KISA-ISMS-P-2023-korean: 2.10.2 | ISO27001-2022: A.8.20, A.8.21, A.8.22 | ENS-RD2022: mp.com.1.aws.sg.1 | AWS-Well-Architected-Framework-Security-Pillar: SEC05-BP03 | KISA-ISMS-P-2023: 2.10.2;;;;;5.32.0;https://www.trendmicro.com/trendaivisiononecloudriskmanagement/knowledge-base/aws/EC2/security-group-prefixed-with-launch-wizard.html | https://docs.aws.amazon.com/eks/latest/userguide/sec-group-reqs.html;;
profile: None;2026-07-14 16:40:35.360893;213146990554;;;;;;prowler-aws-ec2_securitygroup_from_launch_wizard-213146990554-ap-southeast-2-sg-090f341b3a192d510;aws;ec2_securitygroup_from_launch_wizard;Security group not created using the EC2 Launch Wizard;Software and Configuration Checks/AWS Security Best Practices/Network Reachability;PASS;Security group default (sg-090f341b3a192d510) was not created using the EC2 Launch Wizard.;False;ec2;;medium;AwsEc2SecurityGroup;arn:aws:ec2:ap-southeast-2:213146990554:security-group/sg-090f341b3a192d510;sg-090f341b3a192d510;default;;aws;ap-southeast-2;**EC2 security groups** whose names include `launch-wizard` are identified as created by the **EC2 Launch Wizard**, distinguishing auto-generated groups from curated, baseline-controlled groups.;"Wizard-generated groups often include **overly permissive rules** (e.g., `0.0.0.0/0` to admin ports), expanding exposure. Attackers can run **port scans** and **brute-force** to gain entry, then **lateral movement** and **data exfiltration**, impacting **confidentiality** and **integrity**; broad egress aids command-and-control.";;Replace or harden these groups. Apply **least privilege**: restrict inbound to required sources, avoid public admin ports, and minimize egress. Use approved baseline security groups, enforce change control with IaC and guardrails, prefer private administration (bastion or Session Manager), and remove unused rules.;https://hub.prowler.com/check/ec2_securitygroup_from_launch_wizard;"```yaml
# CloudFormation: create a security group not named by Launch Wizard
Resources:
  <example_resource_name>:
    Type: AWS::EC2::SecurityGroup
    Properties:
      GroupDescription: SG not created by Launch Wizard
      VpcId: <example_resource_id>
      GroupName: <example_resource_name>  # Critical: name does NOT contain ""launch-wizard"" to avoid FAIL
```";"```hcl
# Create a security group not named by Launch Wizard
resource ""aws_security_group"" ""<example_resource_name>"" {
  name   = ""<example_resource_name>""  # Critical: name does NOT contain ""launch-wizard"" to avoid FAIL
  vpc_id = ""<example_resource_id>""
}
```";aws ec2 delete-security-group --group-id <SECURITY_GROUP_ID>;"1. In the AWS console, go to EC2 > Network & Security > Security Groups
2. In the search box, filter by Name contains ""launch-wizard""
3. For each matching group, open the References tab and remove it from any ENIs/instances by replacing it with a different security group
4. Select the launch-wizard security group and choose Actions > Delete security group > Delete
5. Verify no security groups remain with names containing ""launch-wizard""";KISA-ISMS-P-2023-korean: 2.10.2 | ISO27001-2022: A.8.20, A.8.21, A.8.22 | ENS-RD2022: mp.com.1.aws.sg.1 | AWS-Well-Architected-Framework-Security-Pillar: SEC05-BP03 | KISA-ISMS-P-2023: 2.10.2;;;;;5.32.0;https://www.trendmicro.com/trendaivisiononecloudriskmanagement/knowledge-base/aws/EC2/security-group-prefixed-with-launch-wizard.html | https://docs.aws.amazon.com/eks/latest/userguide/sec-group-reqs.html;;
profile: None;2026-07-14 16:40:35.360893;213146990554;;;;;;prowler-aws-ec2_securitygroup_from_launch_wizard-213146990554-ap-southeast-2-sg-091fb088c3998e4c9;aws;ec2_securitygroup_from_launch_wizard;Security group not created using the EC2 Launch Wizard;Software and Configuration Checks/AWS Security Best Practices/Network Reachability;PASS;Security group Kali Linux-2026.1-amd64-AutogenByAWSMP--3 (sg-091fb088c3998e4c9) was not created using the EC2 Launch Wizard.;False;ec2;;medium;AwsEc2SecurityGroup;arn:aws:ec2:ap-southeast-2:213146990554:security-group/sg-091fb088c3998e4c9;sg-091fb088c3998e4c9;Kali Linux-2026.1-amd64-AutogenByAWSMP--3;;aws;ap-southeast-2;**EC2 security groups** whose names include `launch-wizard` are identified as created by the **EC2 Launch Wizard**, distinguishing auto-generated groups from curated, baseline-controlled groups.;"Wizard-generated groups often include **overly permissive rules** (e.g., `0.0.0.0/0` to admin ports), expanding exposure. Attackers can run **port scans** and **brute-force** to gain entry, then **lateral movement** and **data exfiltration**, impacting **confidentiality** and **integrity**; broad egress aids command-and-control.";;Replace or harden these groups. Apply **least privilege**: restrict inbound to required sources, avoid public admin ports, and minimize egress. Use approved baseline security groups, enforce change control with IaC and guardrails, prefer private administration (bastion or Session Manager), and remove unused rules.;https://hub.prowler.com/check/ec2_securitygroup_from_launch_wizard;"```yaml
# CloudFormation: create a security group not named by Launch Wizard
Resources:
  <example_resource_name>:
    Type: AWS::EC2::SecurityGroup
    Properties:
      GroupDescription: SG not created by Launch Wizard
      VpcId: <example_resource_id>
      GroupName: <example_resource_name>  # Critical: name does NOT contain ""launch-wizard"" to avoid FAIL
```";"```hcl
# Create a security group not named by Launch Wizard
resource ""aws_security_group"" ""<example_resource_name>"" {
  name   = ""<example_resource_name>""  # Critical: name does NOT contain ""launch-wizard"" to avoid FAIL
  vpc_id = ""<example_resource_id>""
}
```";aws ec2 delete-security-group --group-id <SECURITY_GROUP_ID>;"1. In the AWS console, go to EC2 > Network & Security > Security Groups
2. In the search box, filter by Name contains ""launch-wizard""
3. For each matching group, open the References tab and remove it from any ENIs/instances by replacing it with a different security group
4. Select the launch-wizard security group and choose Actions > Delete security group > Delete
5. Verify no security groups remain with names containing ""launch-wizard""";KISA-ISMS-P-2023-korean: 2.10.2 | ISO27001-2022: A.8.20, A.8.21, A.8.22 | ENS-RD2022: mp.com.1.aws.sg.1 | AWS-Well-Architected-Framework-Security-Pillar: SEC05-BP03 | KISA-ISMS-P-2023: 2.10.2;;;;;5.32.0;https://www.trendmicro.com/trendaivisiononecloudriskmanagement/knowledge-base/aws/EC2/security-group-prefixed-with-launch-wizard.html | https://docs.aws.amazon.com/eks/latest/userguide/sec-group-reqs.html;;
profile: None;2026-07-14 16:40:35.360893;213146990554;;;;;;prowler-aws-ec2_securitygroup_from_launch_wizard-213146990554-ap-southeast-2-sg-0f4d71516c8b2e2d3;aws;ec2_securitygroup_from_launch_wizard;Security group not created using the EC2 Launch Wizard;Software and Configuration Checks/AWS Security Best Practices/Network Reachability;FAIL;Security group launch-wizard-18 (sg-0f4d71516c8b2e2d3) was created using the EC2 Launch Wizard.;False;ec2;;medium;AwsEc2SecurityGroup;arn:aws:ec2:ap-southeast-2:213146990554:security-group/sg-0f4d71516c8b2e2d3;sg-0f4d71516c8b2e2d3;launch-wizard-18;;aws;ap-southeast-2;**EC2 security groups** whose names include `launch-wizard` are identified as created by the **EC2 Launch Wizard**, distinguishing auto-generated groups from curated, baseline-controlled groups.;"Wizard-generated groups often include **overly permissive rules** (e.g., `0.0.0.0/0` to admin ports), expanding exposure. Attackers can run **port scans** and **brute-force** to gain entry, then **lateral movement** and **data exfiltration**, impacting **confidentiality** and **integrity**; broad egress aids command-and-control.";;Replace or harden these groups. Apply **least privilege**: restrict inbound to required sources, avoid public admin ports, and minimize egress. Use approved baseline security groups, enforce change control with IaC and guardrails, prefer private administration (bastion or Session Manager), and remove unused rules.;https://hub.prowler.com/check/ec2_securitygroup_from_launch_wizard;"```yaml
# CloudFormation: create a security group not named by Launch Wizard
Resources:
  <example_resource_name>:
    Type: AWS::EC2::SecurityGroup
    Properties:
      GroupDescription: SG not created by Launch Wizard
      VpcId: <example_resource_id>
      GroupName: <example_resource_name>  # Critical: name does NOT contain ""launch-wizard"" to avoid FAIL
```";"```hcl
# Create a security group not named by Launch Wizard
resource ""aws_security_group"" ""<example_resource_name>"" {
  name   = ""<example_resource_name>""  # Critical: name does NOT contain ""launch-wizard"" to avoid FAIL
  vpc_id = ""<example_resource_id>""
}
```";aws ec2 delete-security-group --group-id <SECURITY_GROUP_ID>;"1. In the AWS console, go to EC2 > Network & Security > Security Groups
2. In the search box, filter by Name contains ""launch-wizard""
3. For each matching group, open the References tab and remove it from any ENIs/instances by replacing it with a different security group
4. Select the launch-wizard security group and choose Actions > Delete security group > Delete
5. Verify no security groups remain with names containing ""launch-wizard""";KISA-ISMS-P-2023-korean: 2.10.2 | ISO27001-2022: A.8.20, A.8.21, A.8.22 | ENS-RD2022: mp.com.1.aws.sg.1 | AWS-Well-Architected-Framework-Security-Pillar: SEC05-BP03 | KISA-ISMS-P-2023: 2.10.2;;;;;5.32.0;https://www.trendmicro.com/trendaivisiononecloudriskmanagement/knowledge-base/aws/EC2/security-group-prefixed-with-launch-wizard.html | https://docs.aws.amazon.com/eks/latest/userguide/sec-group-reqs.html;;
profile: None;2026-07-14 16:40:35.360893;213146990554;;;;;;prowler-aws-ec2_securitygroup_from_launch_wizard-213146990554-ap-southeast-2-sg-08acc1093fd79a732;aws;ec2_securitygroup_from_launch_wizard;Security group not created using the EC2 Launch Wizard;Software and Configuration Checks/AWS Security Best Practices/Network Reachability;FAIL;Security group launch-wizard-6 (sg-08acc1093fd79a732) was created using the EC2 Launch Wizard.;False;ec2;;medium;AwsEc2SecurityGroup;arn:aws:ec2:ap-southeast-2:213146990554:security-group/sg-08acc1093fd79a732;sg-08acc1093fd79a732;launch-wizard-6;;aws;ap-southeast-2;**EC2 security groups** whose names include `launch-wizard` are identified as created by the **EC2 Launch Wizard**, distinguishing auto-generated groups from curated, baseline-controlled groups.;"Wizard-generated groups often include **overly permissive rules** (e.g., `0.0.0.0/0` to admin ports), expanding exposure. Attackers can run **port scans** and **brute-force** to gain entry, then **lateral movement** and **data exfiltration**, impacting **confidentiality** and **integrity**; broad egress aids command-and-control.";;Replace or harden these groups. Apply **least privilege**: restrict inbound to required sources, avoid public admin ports, and minimize egress. Use approved baseline security groups, enforce change control with IaC and guardrails, prefer private administration (bastion or Session Manager), and remove unused rules.;https://hub.prowler.com/check/ec2_securitygroup_from_launch_wizard;"```yaml
# CloudFormation: create a security group not named by Launch Wizard
Resources:
  <example_resource_name>:
    Type: AWS::EC2::SecurityGroup
    Properties:
      GroupDescription: SG not created by Launch Wizard
      VpcId: <example_resource_id>
      GroupName: <example_resource_name>  # Critical: name does NOT contain ""launch-wizard"" to avoid FAIL
```";"```hcl
# Create a security group not named by Launch Wizard
resource ""aws_security_group"" ""<example_resource_name>"" {
  name   = ""<example_resource_name>""  # Critical: name does NOT contain ""launch-wizard"" to avoid FAIL
  vpc_id = ""<example_resource_id>""
}
```";aws ec2 delete-security-group --group-id <SECURITY_GROUP_ID>;"1. In the AWS console, go to EC2 > Network & Security > Security Groups
2. In the search box, filter by Name contains ""launch-wizard""
3. For each matching group, open the References tab and remove it from any ENIs/instances by replacing it with a different security group
4. Select the launch-wizard security group and choose Actions > Delete security group > Delete
5. Verify no security groups remain with names containing ""launch-wizard""";KISA-ISMS-P-2023-korean: 2.10.2 | ISO27001-2022: A.8.20, A.8.21, A.8.22 | ENS-RD2022: mp.com.1.aws.sg.1 | AWS-Well-Architected-Framework-Security-Pillar: SEC05-BP03 | KISA-ISMS-P-2023: 2.10.2;;;;;5.32.0;https://www.trendmicro.com/trendaivisiononecloudriskmanagement/knowledge-base/aws/EC2/security-group-prefixed-with-launch-wizard.html | https://docs.aws.amazon.com/eks/latest/userguide/sec-group-reqs.html;;
profile: None;2026-07-14 16:40:35.360893;213146990554;;;;;;prowler-aws-ec2_securitygroup_from_launch_wizard-213146990554-ap-southeast-2-sg-0de6d2a27e144ae35;aws;ec2_securitygroup_from_launch_wizard;Security group not created using the EC2 Launch Wizard;Software and Configuration Checks/AWS Security Best Practices/Network Reachability;FAIL;Security group launch-wizard-27 (sg-0de6d2a27e144ae35) was created using the EC2 Launch Wizard.;False;ec2;;medium;AwsEc2SecurityGroup;arn:aws:ec2:ap-southeast-2:213146990554:security-group/sg-0de6d2a27e144ae35;sg-0de6d2a27e144ae35;launch-wizard-27;;aws;ap-southeast-2;**EC2 security groups** whose names include `launch-wizard` are identified as created by the **EC2 Launch Wizard**, distinguishing auto-generated groups from curated, baseline-controlled groups.;"Wizard-generated groups often include **overly permissive rules** (e.g., `0.0.0.0/0` to admin ports), expanding exposure. Attackers can run **port scans** and **brute-force** to gain entry, then **lateral movement** and **data exfiltration**, impacting **confidentiality** and **integrity**; broad egress aids command-and-control.";;Replace or harden these groups. Apply **least privilege**: restrict inbound to required sources, avoid public admin ports, and minimize egress. Use approved baseline security groups, enforce change control with IaC and guardrails, prefer private administration (bastion or Session Manager), and remove unused rules.;https://hub.prowler.com/check/ec2_securitygroup_from_launch_wizard;"```yaml
# CloudFormation: create a security group not named by Launch Wizard
Resources:
  <example_resource_name>:
    Type: AWS::EC2::SecurityGroup
    Properties:
      GroupDescription: SG not created by Launch Wizard
      VpcId: <example_resource_id>
      GroupName: <example_resource_name>  # Critical: name does NOT contain ""launch-wizard"" to avoid FAIL
```";"```hcl
# Create a security group not named by Launch Wizard
resource ""aws_security_group"" ""<example_resource_name>"" {
  name   = ""<example_resource_name>""  # Critical: name does NOT contain ""launch-wizard"" to avoid FAIL
  vpc_id = ""<example_resource_id>""
}
```";aws ec2 delete-security-group --group-id <SECURITY_GROUP_ID>;"1. In the AWS console, go to EC2 > Network & Security > Security Groups
2. In the search box, filter by Name contains ""launch-wizard""
3. For each matching group, open the References tab and remove it from any ENIs/instances by replacing it with a different security group
4. Select the launch-wizard security group and choose Actions > Delete security group > Delete
5. Verify no security groups remain with names containing ""launch-wizard""";KISA-ISMS-P-2023-korean: 2.10.2 | ISO27001-2022: A.8.20, A.8.21, A.8.22 | ENS-RD2022: mp.com.1.aws.sg.1 | AWS-Well-Architected-Framework-Security-Pillar: SEC05-BP03 | KISA-ISMS-P-2023: 2.10.2;;;;;5.32.0;https://www.trendmicro.com/trendaivisiononecloudriskmanagement/knowledge-base/aws/EC2/security-group-prefixed-with-launch-wizard.html | https://docs.aws.amazon.com/eks/latest/userguide/sec-group-reqs.html;;
profile: None;2026-07-14 16:40:35.360893;213146990554;;;;;;prowler-aws-ec2_securitygroup_from_launch_wizard-213146990554-ap-southeast-2-sg-0c41cea7345a9798c;aws;ec2_securitygroup_from_launch_wizard;Security group not created using the EC2 Launch Wizard;Software and Configuration Checks/AWS Security Best Practices/Network Reachability;FAIL;Security group launch-wizard-26 (sg-0c41cea7345a9798c) was created using the EC2 Launch Wizard.;False;ec2;;medium;AwsEc2SecurityGroup;arn:aws:ec2:ap-southeast-2:213146990554:security-group/sg-0c41cea7345a9798c;sg-0c41cea7345a9798c;launch-wizard-26;;aws;ap-southeast-2;**EC2 security groups** whose names include `launch-wizard` are identified as created by the **EC2 Launch Wizard**, distinguishing auto-generated groups from curated, baseline-controlled groups.;"Wizard-generated groups often include **overly permissive rules** (e.g., `0.0.0.0/0` to admin ports), expanding exposure. Attackers can run **port scans** and **brute-force** to gain entry, then **lateral movement** and **data exfiltration**, impacting **confidentiality** and **integrity**; broad egress aids command-and-control.";;Replace or harden these groups. Apply **least privilege**: restrict inbound to required sources, avoid public admin ports, and minimize egress. Use approved baseline security groups, enforce change control with IaC and guardrails, prefer private administration (bastion or Session Manager), and remove unused rules.;https://hub.prowler.com/check/ec2_securitygroup_from_launch_wizard;"```yaml
# CloudFormation: create a security group not named by Launch Wizard
Resources:
  <example_resource_name>:
    Type: AWS::EC2::SecurityGroup
    Properties:
      GroupDescription: SG not created by Launch Wizard
      VpcId: <example_resource_id>
      GroupName: <example_resource_name>  # Critical: name does NOT contain ""launch-wizard"" to avoid FAIL
```";"```hcl
# Create a security group not named by Launch Wizard
resource ""aws_security_group"" ""<example_resource_name>"" {
  name   = ""<example_resource_name>""  # Critical: name does NOT contain ""launch-wizard"" to avoid FAIL
  vpc_id = ""<example_resource_id>""
}
```";aws ec2 delete-security-group --group-id <SECURITY_GROUP_ID>;"1. In the AWS console, go to EC2 > Network & Security > Security Groups
2. In the search box, filter by Name contains ""launch-wizard""
3. For each matching group, open the References tab and remove it from any ENIs/instances by replacing it with a different security group
4. Select the launch-wizard security group and choose Actions > Delete security group > Delete
5. Verify no security groups remain with names containing ""launch-wizard""";KISA-ISMS-P-2023-korean: 2.10.2 | ISO27001-2022: A.8.20, A.8.21, A.8.22 | ENS-RD2022: mp.com.1.aws.sg.1 | AWS-Well-Architected-Framework-Security-Pillar: SEC05-BP03 | KISA-ISMS-P-2023: 2.10.2;;;;;5.32.0;https://www.trendmicro.com/trendaivisiononecloudriskmanagement/knowledge-base/aws/EC2/security-group-prefixed-with-launch-wizard.html | https://docs.aws.amazon.com/eks/latest/userguide/sec-group-reqs.html;;
profile: None;2026-07-14 16:40:35.360893;213146990554;;;;;;prowler-aws-ec2_securitygroup_from_launch_wizard-213146990554-ap-southeast-2-sg-045790af312b78364;aws;ec2_securitygroup_from_launch_wizard;Security group not created using the EC2 Launch Wizard;Software and Configuration Checks/AWS Security Best Practices/Network Reachability;FAIL;Security group launch-wizard-23 (sg-045790af312b78364) was created using the EC2 Launch Wizard.;False;ec2;;medium;AwsEc2SecurityGroup;arn:aws:ec2:ap-southeast-2:213146990554:security-group/sg-045790af312b78364;sg-045790af312b78364;launch-wizard-23;;aws;ap-southeast-2;**EC2 security groups** whose names include `launch-wizard` are identified as created by the **EC2 Launch Wizard**, distinguishing auto-generated groups from curated, baseline-controlled groups.;"Wizard-generated groups often include **overly permissive rules** (e.g., `0.0.0.0/0` to admin ports), expanding exposure. Attackers can run **port scans** and **brute-force** to gain entry, then **lateral movement** and **data exfiltration**, impacting **confidentiality** and **integrity**; broad egress aids command-and-control.";;Replace or harden these groups. Apply **least privilege**: restrict inbound to required sources, avoid public admin ports, and minimize egress. Use approved baseline security groups, enforce change control with IaC and guardrails, prefer private administration (bastion or Session Manager), and remove unused rules.;https://hub.prowler.com/check/ec2_securitygroup_from_launch_wizard;"```yaml
# CloudFormation: create a security group not named by Launch Wizard
Resources:
  <example_resource_name>:
    Type: AWS::EC2::SecurityGroup
    Properties:
      GroupDescription: SG not created by Launch Wizard
      VpcId: <example_resource_id>
      GroupName: <example_resource_name>  # Critical: name does NOT contain ""launch-wizard"" to avoid FAIL
```";"```hcl
# Create a security group not named by Launch Wizard
resource ""aws_security_group"" ""<example_resource_name>"" {
  name   = ""<example_resource_name>""  # Critical: name does NOT contain ""launch-wizard"" to avoid FAIL
  vpc_id = ""<example_resource_id>""
}
```";aws ec2 delete-security-group --group-id <SECURITY_GROUP_ID>;"1. In the AWS console, go to EC2 > Network & Security > Security Groups
2. In the search box, filter by Name contains ""launch-wizard""
3. For each matching group, open the References tab and remove it from any ENIs/instances by replacing it with a different security group
4. Select the launch-wizard security group and choose Actions > Delete security group > Delete
5. Verify no security groups remain with names containing ""launch-wizard""";KISA-ISMS-P-2023-korean: 2.10.2 | ISO27001-2022: A.8.20, A.8.21, A.8.22 | ENS-RD2022: mp.com.1.aws.sg.1 | AWS-Well-Architected-Framework-Security-Pillar: SEC05-BP03 | KISA-ISMS-P-2023: 2.10.2;;;;;5.32.0;https://www.trendmicro.com/trendaivisiononecloudriskmanagement/knowledge-base/aws/EC2/security-group-prefixed-with-launch-wizard.html | https://docs.aws.amazon.com/eks/latest/userguide/sec-group-reqs.html;;
profile: None;2026-07-14 16:40:35.360893;213146990554;;;;;;prowler-aws-ec2_securitygroup_from_launch_wizard-213146990554-ap-southeast-2-sg-04fcbe519245d2d53;aws;ec2_securitygroup_from_launch_wizard;Security group not created using the EC2 Launch Wizard;Software and Configuration Checks/AWS Security Best Practices/Network Reachability;FAIL;Security group launch-wizard-20 (sg-04fcbe519245d2d53) was created using the EC2 Launch Wizard.;False;ec2;;medium;AwsEc2SecurityGroup;arn:aws:ec2:ap-southeast-2:213146990554:security-group/sg-04fcbe519245d2d53;sg-04fcbe519245d2d53;launch-wizard-20;;aws;ap-southeast-2;**EC2 security groups** whose names include `launch-wizard` are identified as created by the **EC2 Launch Wizard**, distinguishing auto-generated groups from curated, baseline-controlled groups.;"Wizard-generated groups often include **overly permissive rules** (e.g., `0.0.0.0/0` to admin ports), expanding exposure. Attackers can run **port scans** and **brute-force** to gain entry, then **lateral movement** and **data exfiltration**, impacting **confidentiality** and **integrity**; broad egress aids command-and-control.";;Replace or harden these groups. Apply **least privilege**: restrict inbound to required sources, avoid public admin ports, and minimize egress. Use approved baseline security groups, enforce change control with IaC and guardrails, prefer private administration (bastion or Session Manager), and remove unused rules.;https://hub.prowler.com/check/ec2_securitygroup_from_launch_wizard;"```yaml
# CloudFormation: create a security group not named by Launch Wizard
Resources:
  <example_resource_name>:
    Type: AWS::EC2::SecurityGroup
    Properties:
      GroupDescription: SG not created by Launch Wizard
      VpcId: <example_resource_id>
      GroupName: <example_resource_name>  # Critical: name does NOT contain ""launch-wizard"" to avoid FAIL
```";"```hcl
# Create a security group not named by Launch Wizard
resource ""aws_security_group"" ""<example_resource_name>"" {
  name   = ""<example_resource_name>""  # Critical: name does NOT contain ""launch-wizard"" to avoid FAIL
  vpc_id = ""<example_resource_id>""
}
```";aws ec2 delete-security-group --group-id <SECURITY_GROUP_ID>;"1. In the AWS console, go to EC2 > Network & Security > Security Groups
2. In the search box, filter by Name contains ""launch-wizard""
3. For each matching group, open the References tab and remove it from any ENIs/instances by replacing it with a different security group
4. Select the launch-wizard security group and choose Actions > Delete security group > Delete
5. Verify no security groups remain with names containing ""launch-wizard""";KISA-ISMS-P-2023-korean: 2.10.2 | ISO27001-2022: A.8.20, A.8.21, A.8.22 | ENS-RD2022: mp.com.1.aws.sg.1 | AWS-Well-Architected-Framework-Security-Pillar: SEC05-BP03 | KISA-ISMS-P-2023: 2.10.2;;;;;5.32.0;https://www.trendmicro.com/trendaivisiononecloudriskmanagement/knowledge-base/aws/EC2/security-group-prefixed-with-launch-wizard.html | https://docs.aws.amazon.com/eks/latest/userguide/sec-group-reqs.html;;
profile: None;2026-07-14 16:40:35.360893;213146990554;;;;;;prowler-aws-ec2_securitygroup_from_launch_wizard-213146990554-ap-southeast-2-sg-080e0a6bfdfded924;aws;ec2_securitygroup_from_launch_wizard;Security group not created using the EC2 Launch Wizard;Software and Configuration Checks/AWS Security Best Practices/Network Reachability;FAIL;Security group launch-wizard-29 (sg-080e0a6bfdfded924) was created using the EC2 Launch Wizard.;False;ec2;;medium;AwsEc2SecurityGroup;arn:aws:ec2:ap-southeast-2:213146990554:security-group/sg-080e0a6bfdfded924;sg-080e0a6bfdfded924;launch-wizard-29;;aws;ap-southeast-2;**EC2 security groups** whose names include `launch-wizard` are identified as created by the **EC2 Launch Wizard**, distinguishing auto-generated groups from curated, baseline-controlled groups.;"Wizard-generated groups often include **overly permissive rules** (e.g., `0.0.0.0/0` to admin ports), expanding exposure. Attackers can run **port scans** and **brute-force** to gain entry, then **lateral movement** and **data exfiltration**, impacting **confidentiality** and **integrity**; broad egress aids command-and-control.";;Replace or harden these groups. Apply **least privilege**: restrict inbound to required sources, avoid public admin ports, and minimize egress. Use approved baseline security groups, enforce change control with IaC and guardrails, prefer private administration (bastion or Session Manager), and remove unused rules.;https://hub.prowler.com/check/ec2_securitygroup_from_launch_wizard;"```yaml
# CloudFormation: create a security group not named by Launch Wizard
Resources:
  <example_resource_name>:
    Type: AWS::EC2::SecurityGroup
    Properties:
      GroupDescription: SG not created by Launch Wizard
      VpcId: <example_resource_id>
      GroupName: <example_resource_name>  # Critical: name does NOT contain ""launch-wizard"" to avoid FAIL
```";"```hcl
# Create a security group not named by Launch Wizard
resource ""aws_security_group"" ""<example_resource_name>"" {
  name   = ""<example_resource_name>""  # Critical: name does NOT contain ""launch-wizard"" to avoid FAIL
  vpc_id = ""<example_resource_id>""
}
```";aws ec2 delete-security-group --group-id <SECURITY_GROUP_ID>;"1. In the AWS console, go to EC2 > Network & Security > Security Groups
2. In the search box, filter by Name contains ""launch-wizard""
3. For each matching group, open the References tab and remove it from any ENIs/instances by replacing it with a different security group
4. Select the launch-wizard security group and choose Actions > Delete security group > Delete
5. Verify no security groups remain with names containing ""launch-wizard""";KISA-ISMS-P-2023-korean: 2.10.2 | ISO27001-2022: A.8.20, A.8.21, A.8.22 | ENS-RD2022: mp.com.1.aws.sg.1 | AWS-Well-Architected-Framework-Security-Pillar: SEC05-BP03 | KISA-ISMS-P-2023: 2.10.2;;;;;5.32.0;https://www.trendmicro.com/trendaivisiononecloudriskmanagement/knowledge-base/aws/EC2/security-group-prefixed-with-launch-wizard.html | https://docs.aws.amazon.com/eks/latest/userguide/sec-group-reqs.html;;
profile: None;2026-07-14 16:40:35.360893;213146990554;;;;;;prowler-aws-ec2_securitygroup_from_launch_wizard-213146990554-ap-southeast-2-sg-0ffe3f16ec9186f36;aws;ec2_securitygroup_from_launch_wizard;Security group not created using the EC2 Launch Wizard;Software and Configuration Checks/AWS Security Best Practices/Network Reachability;FAIL;Security group launch-wizard-8 (sg-0ffe3f16ec9186f36) was created using the EC2 Launch Wizard.;False;ec2;;medium;AwsEc2SecurityGroup;arn:aws:ec2:ap-southeast-2:213146990554:security-group/sg-0ffe3f16ec9186f36;sg-0ffe3f16ec9186f36;launch-wizard-8;;aws;ap-southeast-2;**EC2 security groups** whose names include `launch-wizard` are identified as created by the **EC2 Launch Wizard**, distinguishing auto-generated groups from curated, baseline-controlled groups.;"Wizard-generated groups often include **overly permissive rules** (e.g., `0.0.0.0/0` to admin ports), expanding exposure. Attackers can run **port scans** and **brute-force** to gain entry, then **lateral movement** and **data exfiltration**, impacting **confidentiality** and **integrity**; broad egress aids command-and-control.";;Replace or harden these groups. Apply **least privilege**: restrict inbound to required sources, avoid public admin ports, and minimize egress. Use approved baseline security groups, enforce change control with IaC and guardrails, prefer private administration (bastion or Session Manager), and remove unused rules.;https://hub.prowler.com/check/ec2_securitygroup_from_launch_wizard;"```yaml
# CloudFormation: create a security group not named by Launch Wizard
Resources:
  <example_resource_name>:
    Type: AWS::EC2::SecurityGroup
    Properties:
      GroupDescription: SG not created by Launch Wizard
      VpcId: <example_resource_id>
      GroupName: <example_resource_name>  # Critical: name does NOT contain ""launch-wizard"" to avoid FAIL
```";"```hcl
# Create a security group not named by Launch Wizard
resource ""aws_security_group"" ""<example_resource_name>"" {
  name   = ""<example_resource_name>""  # Critical: name does NOT contain ""launch-wizard"" to avoid FAIL
  vpc_id = ""<example_resource_id>""
}
```";aws ec2 delete-security-group --group-id <SECURITY_GROUP_ID>;"1. In the AWS console, go to EC2 > Network & Security > Security Groups
2. In the search box, filter by Name contains ""launch-wizard""
3. For each matching group, open the References tab and remove it from any ENIs/instances by replacing it with a different security group
4. Select the launch-wizard security group and choose Actions > Delete security group > Delete
5. Verify no security groups remain with names containing ""launch-wizard""";KISA-ISMS-P-2023-korean: 2.10.2 | ISO27001-2022: A.8.20, A.8.21, A.8.22 | ENS-RD2022: mp.com.1.aws.sg.1 | AWS-Well-Architected-Framework-Security-Pillar: SEC05-BP03 | KISA-ISMS-P-2023: 2.10.2;;;;;5.32.0;https://www.trendmicro.com/trendaivisiononecloudriskmanagement/knowledge-base/aws/EC2/security-group-prefixed-with-launch-wizard.html | https://docs.aws.amazon.com/eks/latest/userguide/sec-group-reqs.html;;
profile: None;2026-07-14 16:40:35.360893;213146990554;;;;;;prowler-aws-ec2_securitygroup_from_launch_wizard-213146990554-ap-southeast-2-sg-02ddfdb7c2274ed3b;aws;ec2_securitygroup_from_launch_wizard;Security group not created using the EC2 Launch Wizard;Software and Configuration Checks/AWS Security Best Practices/Network Reachability;PASS;Security group Kali Linux-2026.1-amd64-AutogenByAWSMP--5 (sg-02ddfdb7c2274ed3b) was not created using the EC2 Launch Wizard.;False;ec2;;medium;AwsEc2SecurityGroup;arn:aws:ec2:ap-southeast-2:213146990554:security-group/sg-02ddfdb7c2274ed3b;sg-02ddfdb7c2274ed3b;Kali Linux-2026.1-amd64-AutogenByAWSMP--5;;aws;ap-southeast-2;**EC2 security groups** whose names include `launch-wizard` are identified as created by the **EC2 Launch Wizard**, distinguishing auto-generated groups from curated, baseline-controlled groups.;"Wizard-generated groups often include **overly permissive rules** (e.g., `0.0.0.0/0` to admin ports), expanding exposure. Attackers can run **port scans** and **brute-force** to gain entry, then **lateral movement** and **data exfiltration**, impacting **confidentiality** and **integrity**; broad egress aids command-and-control.";;Replace or harden these groups. Apply **least privilege**: restrict inbound to required sources, avoid public admin ports, and minimize egress. Use approved baseline security groups, enforce change control with IaC and guardrails, prefer private administration (bastion or Session Manager), and remove unused rules.;https://hub.prowler.com/check/ec2_securitygroup_from_launch_wizard;"```yaml
# CloudFormation: create a security group not named by Launch Wizard
Resources:
  <example_resource_name>:
    Type: AWS::EC2::SecurityGroup
    Properties:
      GroupDescription: SG not created by Launch Wizard
      VpcId: <example_resource_id>
      GroupName: <example_resource_name>  # Critical: name does NOT contain ""launch-wizard"" to avoid FAIL
```";"```hcl
# Create a security group not named by Launch Wizard
resource ""aws_security_group"" ""<example_resource_name>"" {
  name   = ""<example_resource_name>""  # Critical: name does NOT contain ""launch-wizard"" to avoid FAIL
  vpc_id = ""<example_resource_id>""
}
```";aws ec2 delete-security-group --group-id <SECURITY_GROUP_ID>;"1. In the AWS console, go to EC2 > Network & Security > Security Groups
2. In the search box, filter by Name contains ""launch-wizard""
3. For each matching group, open the References tab and remove it from any ENIs/instances by replacing it with a different security group
4. Select the launch-wizard security group and choose Actions > Delete security group > Delete
5. Verify no security groups remain with names containing ""launch-wizard""";KISA-ISMS-P-2023-korean: 2.10.2 | ISO27001-2022: A.8.20, A.8.21, A.8.22 | ENS-RD2022: mp.com.1.aws.sg.1 | AWS-Well-Architected-Framework-Security-Pillar: SEC05-BP03 | KISA-ISMS-P-2023: 2.10.2;;;;;5.32.0;https://www.trendmicro.com/trendaivisiononecloudriskmanagement/knowledge-base/aws/EC2/security-group-prefixed-with-launch-wizard.html | https://docs.aws.amazon.com/eks/latest/userguide/sec-group-reqs.html;;
profile: None;2026-07-14 16:40:35.360893;213146990554;;;;;;prowler-aws-ec2_securitygroup_from_launch_wizard-213146990554-ap-southeast-2-sg-047f254a8ebdbbf30;aws;ec2_securitygroup_from_launch_wizard;Security group not created using the EC2 Launch Wizard;Software and Configuration Checks/AWS Security Best Practices/Network Reachability;FAIL;Security group launch-wizard-4 (sg-047f254a8ebdbbf30) was created using the EC2 Launch Wizard.;False;ec2;;medium;AwsEc2SecurityGroup;arn:aws:ec2:ap-southeast-2:213146990554:security-group/sg-047f254a8ebdbbf30;sg-047f254a8ebdbbf30;launch-wizard-4;;aws;ap-southeast-2;**EC2 security groups** whose names include `launch-wizard` are identified as created by the **EC2 Launch Wizard**, distinguishing auto-generated groups from curated, baseline-controlled groups.;"Wizard-generated groups often include **overly permissive rules** (e.g., `0.0.0.0/0` to admin ports), expanding exposure. Attackers can run **port scans** and **brute-force** to gain entry, then **lateral movement** and **data exfiltration**, impacting **confidentiality** and **integrity**; broad egress aids command-and-control.";;Replace or harden these groups. Apply **least privilege**: restrict inbound to required sources, avoid public admin ports, and minimize egress. Use approved baseline security groups, enforce change control with IaC and guardrails, prefer private administration (bastion or Session Manager), and remove unused rules.;https://hub.prowler.com/check/ec2_securitygroup_from_launch_wizard;"```yaml
# CloudFormation: create a security group not named by Launch Wizard
Resources:
  <example_resource_name>:
    Type: AWS::EC2::SecurityGroup
    Properties:
      GroupDescription: SG not created by Launch Wizard
      VpcId: <example_resource_id>
      GroupName: <example_resource_name>  # Critical: name does NOT contain ""launch-wizard"" to avoid FAIL
```";"```hcl
# Create a security group not named by Launch Wizard
resource ""aws_security_group"" ""<example_resource_name>"" {
  name   = ""<example_resource_name>""  # Critical: name does NOT contain ""launch-wizard"" to avoid FAIL
  vpc_id = ""<example_resource_id>""
}
```";aws ec2 delete-security-group --group-id <SECURITY_GROUP_ID>;"1. In the AWS console, go to EC2 > Network & Security > Security Groups
2. In the search box, filter by Name contains ""launch-wizard""
3. For each matching group, open the References tab and remove it from any ENIs/instances by replacing it with a different security group
4. Select the launch-wizard security group and choose Actions > Delete security group > Delete
5. Verify no security groups remain with names containing ""launch-wizard""";KISA-ISMS-P-2023-korean: 2.10.2 | ISO27001-2022: A.8.20, A.8.21, A.8.22 | ENS-RD2022: mp.com.1.aws.sg.1 | AWS-Well-Architected-Framework-Security-Pillar: SEC05-BP03 | KISA-ISMS-P-2023: 2.10.2;;;;;5.32.0;https://www.trendmicro.com/trendaivisiononecloudriskmanagement/knowledge-base/aws/EC2/security-group-prefixed-with-launch-wizard.html | https://docs.aws.amazon.com/eks/latest/userguide/sec-group-reqs.html;;
profile: None;2026-07-14 16:40:35.360893;213146990554;;;;;;prowler-aws-ec2_securitygroup_from_launch_wizard-213146990554-ap-southeast-2-sg-060a180310cc93e3a;aws;ec2_securitygroup_from_launch_wizard;Security group not created using the EC2 Launch Wizard;Software and Configuration Checks/AWS Security Best Practices/Network Reachability;FAIL;Security group launch-wizard-1 (sg-060a180310cc93e3a) was created using the EC2 Launch Wizard.;False;ec2;;medium;AwsEc2SecurityGroup;arn:aws:ec2:ap-southeast-2:213146990554:security-group/sg-060a180310cc93e3a;sg-060a180310cc93e3a;launch-wizard-1;;aws;ap-southeast-2;**EC2 security groups** whose names include `launch-wizard` are identified as created by the **EC2 Launch Wizard**, distinguishing auto-generated groups from curated, baseline-controlled groups.;"Wizard-generated groups often include **overly permissive rules** (e.g., `0.0.0.0/0` to admin ports), expanding exposure. Attackers can run **port scans** and **brute-force** to gain entry, then **lateral movement** and **data exfiltration**, impacting **confidentiality** and **integrity**; broad egress aids command-and-control.";;Replace or harden these groups. Apply **least privilege**: restrict inbound to required sources, avoid public admin ports, and minimize egress. Use approved baseline security groups, enforce change control with IaC and guardrails, prefer private administration (bastion or Session Manager), and remove unused rules.;https://hub.prowler.com/check/ec2_securitygroup_from_launch_wizard;"```yaml
# CloudFormation: create a security group not named by Launch Wizard
Resources:
  <example_resource_name>:
    Type: AWS::EC2::SecurityGroup
    Properties:
      GroupDescription: SG not created by Launch Wizard
      VpcId: <example_resource_id>
      GroupName: <example_resource_name>  # Critical: name does NOT contain ""launch-wizard"" to avoid FAIL
```";"```hcl
# Create a security group not named by Launch Wizard
resource ""aws_security_group"" ""<example_resource_name>"" {
  name   = ""<example_resource_name>""  # Critical: name does NOT contain ""launch-wizard"" to avoid FAIL
  vpc_id = ""<example_resource_id>""
}
```";aws ec2 delete-security-group --group-id <SECURITY_GROUP_ID>;"1. In the AWS console, go to EC2 > Network & Security > Security Groups
2. In the search box, filter by Name contains ""launch-wizard""
3. For each matching group, open the References tab and remove it from any ENIs/instances by replacing it with a different security group
4. Select the launch-wizard security group and choose Actions > Delete security group > Delete
5. Verify no security groups remain with names containing ""launch-wizard""";KISA-ISMS-P-2023-korean: 2.10.2 | ISO27001-2022: A.8.20, A.8.21, A.8.22 | ENS-RD2022: mp.com.1.aws.sg.1 | AWS-Well-Architected-Framework-Security-Pillar: SEC05-BP03 | KISA-ISMS-P-2023: 2.10.2;;;;;5.32.0;https://www.trendmicro.com/trendaivisiononecloudriskmanagement/knowledge-base/aws/EC2/security-group-prefixed-with-launch-wizard.html | https://docs.aws.amazon.com/eks/latest/userguide/sec-group-reqs.html;;
profile: None;2026-07-14 16:40:35.360893;213146990554;;;;;;prowler-aws-ec2_securitygroup_from_launch_wizard-213146990554-ap-southeast-2-sg-06d75823ce655fc42;aws;ec2_securitygroup_from_launch_wizard;Security group not created using the EC2 Launch Wizard;Software and Configuration Checks/AWS Security Best Practices/Network Reachability;FAIL;Security group launch-wizard-5 (sg-06d75823ce655fc42) was created using the EC2 Launch Wizard.;False;ec2;;medium;AwsEc2SecurityGroup;arn:aws:ec2:ap-southeast-2:213146990554:security-group/sg-06d75823ce655fc42;sg-06d75823ce655fc42;launch-wizard-5;;aws;ap-southeast-2;**EC2 security groups** whose names include `launch-wizard` are identified as created by the **EC2 Launch Wizard**, distinguishing auto-generated groups from curated, baseline-controlled groups.;"Wizard-generated groups often include **overly permissive rules** (e.g., `0.0.0.0/0` to admin ports), expanding exposure. Attackers can run **port scans** and **brute-force** to gain entry, then **lateral movement** and **data exfiltration**, impacting **confidentiality** and **integrity**; broad egress aids command-and-control.";;Replace or harden these groups. Apply **least privilege**: restrict inbound to required sources, avoid public admin ports, and minimize egress. Use approved baseline security groups, enforce change control with IaC and guardrails, prefer private administration (bastion or Session Manager), and remove unused rules.;https://hub.prowler.com/check/ec2_securitygroup_from_launch_wizard;"```yaml
# CloudFormation: create a security group not named by Launch Wizard
Resources:
  <example_resource_name>:
    Type: AWS::EC2::SecurityGroup
    Properties:
      GroupDescription: SG not created by Launch Wizard
      VpcId: <example_resource_id>
      GroupName: <example_resource_name>  # Critical: name does NOT contain ""launch-wizard"" to avoid FAIL
```";"```hcl
# Create a security group not named by Launch Wizard
resource ""aws_security_group"" ""<example_resource_name>"" {
  name   = ""<example_resource_name>""  # Critical: name does NOT contain ""launch-wizard"" to avoid FAIL
  vpc_id = ""<example_resource_id>""
}
```";aws ec2 delete-security-group --group-id <SECURITY_GROUP_ID>;"1. In the AWS console, go to EC2 > Network & Security > Security Groups
2. In the search box, filter by Name contains ""launch-wizard""
3. For each matching group, open the References tab and remove it from any ENIs/instances by replacing it with a different security group
4. Select the launch-wizard security group and choose Actions > Delete security group > Delete
5. Verify no security groups remain with names containing ""launch-wizard""";KISA-ISMS-P-2023-korean: 2.10.2 | ISO27001-2022: A.8.20, A.8.21, A.8.22 | ENS-RD2022: mp.com.1.aws.sg.1 | AWS-Well-Architected-Framework-Security-Pillar: SEC05-BP03 | KISA-ISMS-P-2023: 2.10.2;;;;;5.32.0;https://www.trendmicro.com/trendaivisiononecloudriskmanagement/knowledge-base/aws/EC2/security-group-prefixed-with-launch-wizard.html | https://docs.aws.amazon.com/eks/latest/userguide/sec-group-reqs.html;;
profile: None;2026-07-14 16:40:35.360893;213146990554;;;;;;prowler-aws-ec2_securitygroup_from_launch_wizard-213146990554-ap-southeast-2-sg-0b3f5038592545c0e;aws;ec2_securitygroup_from_launch_wizard;Security group not created using the EC2 Launch Wizard;Software and Configuration Checks/AWS Security Best Practices/Network Reachability;FAIL;Security group launch-wizard-22 (sg-0b3f5038592545c0e) was created using the EC2 Launch Wizard.;False;ec2;;medium;AwsEc2SecurityGroup;arn:aws:ec2:ap-southeast-2:213146990554:security-group/sg-0b3f5038592545c0e;sg-0b3f5038592545c0e;launch-wizard-22;;aws;ap-southeast-2;**EC2 security groups** whose names include `launch-wizard` are identified as created by the **EC2 Launch Wizard**, distinguishing auto-generated groups from curated, baseline-controlled groups.;"Wizard-generated groups often include **overly permissive rules** (e.g., `0.0.0.0/0` to admin ports), expanding exposure. Attackers can run **port scans** and **brute-force** to gain entry, then **lateral movement** and **data exfiltration**, impacting **confidentiality** and **integrity**; broad egress aids command-and-control.";;Replace or harden these groups. Apply **least privilege**: restrict inbound to required sources, avoid public admin ports, and minimize egress. Use approved baseline security groups, enforce change control with IaC and guardrails, prefer private administration (bastion or Session Manager), and remove unused rules.;https://hub.prowler.com/check/ec2_securitygroup_from_launch_wizard;"```yaml
# CloudFormation: create a security group not named by Launch Wizard
Resources:
  <example_resource_name>:
    Type: AWS::EC2::SecurityGroup
    Properties:
      GroupDescription: SG not created by Launch Wizard
      VpcId: <example_resource_id>
      GroupName: <example_resource_name>  # Critical: name does NOT contain ""launch-wizard"" to avoid FAIL
```";"```hcl
# Create a security group not named by Launch Wizard
resource ""aws_security_group"" ""<example_resource_name>"" {
  name   = ""<example_resource_name>""  # Critical: name does NOT contain ""launch-wizard"" to avoid FAIL
  vpc_id = ""<example_resource_id>""
}
```";aws ec2 delete-security-group --group-id <SECURITY_GROUP_ID>;"1. In the AWS console, go to EC2 > Network & Security > Security Groups
2. In the search box, filter by Name contains ""launch-wizard""
3. For each matching group, open the References tab and remove it from any ENIs/instances by replacing it with a different security group
4. Select the launch-wizard security group and choose Actions > Delete security group > Delete
5. Verify no security groups remain with names containing ""launch-wizard""";KISA-ISMS-P-2023-korean: 2.10.2 | ISO27001-2022: A.8.20, A.8.21, A.8.22 | ENS-RD2022: mp.com.1.aws.sg.1 | AWS-Well-Architected-Framework-Security-Pillar: SEC05-BP03 | KISA-ISMS-P-2023: 2.10.2;;;;;5.32.0;https://www.trendmicro.com/trendaivisiononecloudriskmanagement/knowledge-base/aws/EC2/security-group-prefixed-with-launch-wizard.html | https://docs.aws.amazon.com/eks/latest/userguide/sec-group-reqs.html;;
profile: None;2026-07-14 16:40:35.360893;213146990554;;;;;;prowler-aws-ec2_securitygroup_from_launch_wizard-213146990554-ap-southeast-2-sg-008231ea5552078ba;aws;ec2_securitygroup_from_launch_wizard;Security group not created using the EC2 Launch Wizard;Software and Configuration Checks/AWS Security Best Practices/Network Reachability;FAIL;Security group launch-wizard-30 (sg-008231ea5552078ba) was created using the EC2 Launch Wizard.;False;ec2;;medium;AwsEc2SecurityGroup;arn:aws:ec2:ap-southeast-2:213146990554:security-group/sg-008231ea5552078ba;sg-008231ea5552078ba;launch-wizard-30;;aws;ap-southeast-2;**EC2 security groups** whose names include `launch-wizard` are identified as created by the **EC2 Launch Wizard**, distinguishing auto-generated groups from curated, baseline-controlled groups.;"Wizard-generated groups often include **overly permissive rules** (e.g., `0.0.0.0/0` to admin ports), expanding exposure. Attackers can run **port scans** and **brute-force** to gain entry, then **lateral movement** and **data exfiltration**, impacting **confidentiality** and **integrity**; broad egress aids command-and-control.";;Replace or harden these groups. Apply **least privilege**: restrict inbound to required sources, avoid public admin ports, and minimize egress. Use approved baseline security groups, enforce change control with IaC and guardrails, prefer private administration (bastion or Session Manager), and remove unused rules.;https://hub.prowler.com/check/ec2_securitygroup_from_launch_wizard;"```yaml
# CloudFormation: create a security group not named by Launch Wizard
Resources:
  <example_resource_name>:
    Type: AWS::EC2::SecurityGroup
    Properties:
      GroupDescription: SG not created by Launch Wizard
      VpcId: <example_resource_id>
      GroupName: <example_resource_name>  # Critical: name does NOT contain ""launch-wizard"" to avoid FAIL
```";"```hcl
# Create a security group not named by Launch Wizard
resource ""aws_security_group"" ""<example_resource_name>"" {
  name   = ""<example_resource_name>""  # Critical: name does NOT contain ""launch-wizard"" to avoid FAIL
  vpc_id = ""<example_resource_id>""
}
```";aws ec2 delete-security-group --group-id <SECURITY_GROUP_ID>;"1. In the AWS console, go to EC2 > Network & Security > Security Groups
2. In the search box, filter by Name contains ""launch-wizard""
3. For each matching group, open the References tab and remove it from any ENIs/instances by replacing it with a different security group
4. Select the launch-wizard security group and choose Actions > Delete security group > Delete
5. Verify no security groups remain with names containing ""launch-wizard""";KISA-ISMS-P-2023-korean: 2.10.2 | ISO27001-2022: A.8.20, A.8.21, A.8.22 | ENS-RD2022: mp.com.1.aws.sg.1 | AWS-Well-Architected-Framework-Security-Pillar: SEC05-BP03 | KISA-ISMS-P-2023: 2.10.2;;;;;5.32.0;https://www.trendmicro.com/trendaivisiononecloudriskmanagement/knowledge-base/aws/EC2/security-group-prefixed-with-launch-wizard.html | https://docs.aws.amazon.com/eks/latest/userguide/sec-group-reqs.html;;
profile: None;2026-07-14 16:40:35.360893;213146990554;;;;;;prowler-aws-ec2_securitygroup_from_launch_wizard-213146990554-ap-southeast-2-sg-0edc7e028df8de3e9;aws;ec2_securitygroup_from_launch_wizard;Security group not created using the EC2 Launch Wizard;Software and Configuration Checks/AWS Security Best Practices/Network Reachability;PASS;Security group Kali Linux-2026.1-amd64-AutogenByAWSMP--2 (sg-0edc7e028df8de3e9) was not created using the EC2 Launch Wizard.;False;ec2;;medium;AwsEc2SecurityGroup;arn:aws:ec2:ap-southeast-2:213146990554:security-group/sg-0edc7e028df8de3e9;sg-0edc7e028df8de3e9;Kali Linux-2026.1-amd64-AutogenByAWSMP--2;;aws;ap-southeast-2;**EC2 security groups** whose names include `launch-wizard` are identified as created by the **EC2 Launch Wizard**, distinguishing auto-generated groups from curated, baseline-controlled groups.;"Wizard-generated groups often include **overly permissive rules** (e.g., `0.0.0.0/0` to admin ports), expanding exposure. Attackers can run **port scans** and **brute-force** to gain entry, then **lateral movement** and **data exfiltration**, impacting **confidentiality** and **integrity**; broad egress aids command-and-control.";;Replace or harden these groups. Apply **least privilege**: restrict inbound to required sources, avoid public admin ports, and minimize egress. Use approved baseline security groups, enforce change control with IaC and guardrails, prefer private administration (bastion or Session Manager), and remove unused rules.;https://hub.prowler.com/check/ec2_securitygroup_from_launch_wizard;"```yaml
# CloudFormation: create a security group not named by Launch Wizard
Resources:
  <example_resource_name>:
    Type: AWS::EC2::SecurityGroup
    Properties:
      GroupDescription: SG not created by Launch Wizard
      VpcId: <example_resource_id>
      GroupName: <example_resource_name>  # Critical: name does NOT contain ""launch-wizard"" to avoid FAIL
```";"```hcl
# Create a security group not named by Launch Wizard
resource ""aws_security_group"" ""<example_resource_name>"" {
  name   = ""<example_resource_name>""  # Critical: name does NOT contain ""launch-wizard"" to avoid FAIL
  vpc_id = ""<example_resource_id>""
}
```";aws ec2 delete-security-group --group-id <SECURITY_GROUP_ID>;"1. In the AWS console, go to EC2 > Network & Security > Security Groups
2. In the search box, filter by Name contains ""launch-wizard""
3. For each matching group, open the References tab and remove it from any ENIs/instances by replacing it with a different security group
4. Select the launch-wizard security group and choose Actions > Delete security group > Delete
5. Verify no security groups remain with names containing ""launch-wizard""";KISA-ISMS-P-2023-korean: 2.10.2 | ISO27001-2022: A.8.20, A.8.21, A.8.22 | ENS-RD2022: mp.com.1.aws.sg.1 | AWS-Well-Architected-Framework-Security-Pillar: SEC05-BP03 | KISA-ISMS-P-2023: 2.10.2;;;;;5.32.0;https://www.trendmicro.com/trendaivisiononecloudriskmanagement/knowledge-base/aws/EC2/security-group-prefixed-with-launch-wizard.html | https://docs.aws.amazon.com/eks/latest/userguide/sec-group-reqs.html;;
profile: None;2026-07-14 16:40:35.360893;213146990554;;;;;;prowler-aws-ec2_securitygroup_from_launch_wizard-213146990554-ap-southeast-2-sg-03f34a362761817bd;aws;ec2_securitygroup_from_launch_wizard;Security group not created using the EC2 Launch Wizard;Software and Configuration Checks/AWS Security Best Practices/Network Reachability;PASS;Security group Kali Linux-2025.2-amd64-AutogenByAWSMP--1 (sg-03f34a362761817bd) was not created using the EC2 Launch Wizard.;False;ec2;;medium;AwsEc2SecurityGroup;arn:aws:ec2:ap-southeast-2:213146990554:security-group/sg-03f34a362761817bd;sg-03f34a362761817bd;Kali Linux-2025.2-amd64-AutogenByAWSMP--1;;aws;ap-southeast-2;**EC2 security groups** whose names include `launch-wizard` are identified as created by the **EC2 Launch Wizard**, distinguishing auto-generated groups from curated, baseline-controlled groups.;"Wizard-generated groups often include **overly permissive rules** (e.g., `0.0.0.0/0` to admin ports), expanding exposure. Attackers can run **port scans** and **brute-force** to gain entry, then **lateral movement** and **data exfiltration**, impacting **confidentiality** and **integrity**; broad egress aids command-and-control.";;Replace or harden these groups. Apply **least privilege**: restrict inbound to required sources, avoid public admin ports, and minimize egress. Use approved baseline security groups, enforce change control with IaC and guardrails, prefer private administration (bastion or Session Manager), and remove unused rules.;https://hub.prowler.com/check/ec2_securitygroup_from_launch_wizard;"```yaml
# CloudFormation: create a security group not named by Launch Wizard
Resources:
  <example_resource_name>:
    Type: AWS::EC2::SecurityGroup
    Properties:
      GroupDescription: SG not created by Launch Wizard
      VpcId: <example_resource_id>
      GroupName: <example_resource_name>  # Critical: name does NOT contain ""launch-wizard"" to avoid FAIL
```";"```hcl
# Create a security group not named by Launch Wizard
resource ""aws_security_group"" ""<example_resource_name>"" {
  name   = ""<example_resource_name>""  # Critical: name does NOT contain ""launch-wizard"" to avoid FAIL
  vpc_id = ""<example_resource_id>""
}
```";aws ec2 delete-security-group --group-id <SECURITY_GROUP_ID>;"1. In the AWS console, go to EC2 > Network & Security > Security Groups
2. In the search box, filter by Name contains ""launch-wizard""
3. For each matching group, open the References tab and remove it from any ENIs/instances by replacing it with a different security group
4. Select the launch-wizard security group and choose Actions > Delete security group > Delete
5. Verify no security groups remain with names containing ""launch-wizard""";KISA-ISMS-P-2023-korean: 2.10.2 | ISO27001-2022: A.8.20, A.8.21, A.8.22 | ENS-RD2022: mp.com.1.aws.sg.1 | AWS-Well-Architected-Framework-Security-Pillar: SEC05-BP03 | KISA-ISMS-P-2023: 2.10.2;;;;;5.32.0;https://www.trendmicro.com/trendaivisiononecloudriskmanagement/knowledge-base/aws/EC2/security-group-prefixed-with-launch-wizard.html | https://docs.aws.amazon.com/eks/latest/userguide/sec-group-reqs.html;;
profile: None;2026-07-14 16:40:35.360893;213146990554;;;;;;prowler-aws-ec2_securitygroup_from_launch_wizard-213146990554-ap-southeast-2-sg-09af3d1131f67434c;aws;ec2_securitygroup_from_launch_wizard;Security group not created using the EC2 Launch Wizard;Software and Configuration Checks/AWS Security Best Practices/Network Reachability;FAIL;Security group launch-wizard-10 (sg-09af3d1131f67434c) was created using the EC2 Launch Wizard.;False;ec2;;medium;AwsEc2SecurityGroup;arn:aws:ec2:ap-southeast-2:213146990554:security-group/sg-09af3d1131f67434c;sg-09af3d1131f67434c;launch-wizard-10;;aws;ap-southeast-2;**EC2 security groups** whose names include `launch-wizard` are identified as created by the **EC2 Launch Wizard**, distinguishing auto-generated groups from curated, baseline-controlled groups.;"Wizard-generated groups often include **overly permissive rules** (e.g., `0.0.0.0/0` to admin ports), expanding exposure. Attackers can run **port scans** and **brute-force** to gain entry, then **lateral movement** and **data exfiltration**, impacting **confidentiality** and **integrity**; broad egress aids command-and-control.";;Replace or harden these groups. Apply **least privilege**: restrict inbound to required sources, avoid public admin ports, and minimize egress. Use approved baseline security groups, enforce change control with IaC and guardrails, prefer private administration (bastion or Session Manager), and remove unused rules.;https://hub.prowler.com/check/ec2_securitygroup_from_launch_wizard;"```yaml
# CloudFormation: create a security group not named by Launch Wizard
Resources:
  <example_resource_name>:
    Type: AWS::EC2::SecurityGroup
    Properties:
      GroupDescription: SG not created by Launch Wizard
      VpcId: <example_resource_id>
      GroupName: <example_resource_name>  # Critical: name does NOT contain ""launch-wizard"" to avoid FAIL
```";"```hcl
# Create a security group not named by Launch Wizard
resource ""aws_security_group"" ""<example_resource_name>"" {
  name   = ""<example_resource_name>""  # Critical: name does NOT contain ""launch-wizard"" to avoid FAIL
  vpc_id = ""<example_resource_id>""
}
```";aws ec2 delete-security-group --group-id <SECURITY_GROUP_ID>;"1. In the AWS console, go to EC2 > Network & Security > Security Groups
2. In the search box, filter by Name contains ""launch-wizard""
3. For each matching group, open the References tab and remove it from any ENIs/instances by replacing it with a different security group
4. Select the launch-wizard security group and choose Actions > Delete security group > Delete
5. Verify no security groups remain with names containing ""launch-wizard""";KISA-ISMS-P-2023-korean: 2.10.2 | ISO27001-2022: A.8.20, A.8.21, A.8.22 | ENS-RD2022: mp.com.1.aws.sg.1 | AWS-Well-Architected-Framework-Security-Pillar: SEC05-BP03 | KISA-ISMS-P-2023: 2.10.2;;;;;5.32.0;https://www.trendmicro.com/trendaivisiononecloudriskmanagement/knowledge-base/aws/EC2/security-group-prefixed-with-launch-wizard.html | https://docs.aws.amazon.com/eks/latest/userguide/sec-group-reqs.html;;
profile: None;2026-07-14 16:40:35.360893;213146990554;;;;;;prowler-aws-ec2_securitygroup_from_launch_wizard-213146990554-ap-southeast-2-sg-04cb06d277b67eb6c;aws;ec2_securitygroup_from_launch_wizard;Security group not created using the EC2 Launch Wizard;Software and Configuration Checks/AWS Security Best Practices/Network Reachability;FAIL;Security group launch-wizard-17 (sg-04cb06d277b67eb6c) was created using the EC2 Launch Wizard.;False;ec2;;medium;AwsEc2SecurityGroup;arn:aws:ec2:ap-southeast-2:213146990554:security-group/sg-04cb06d277b67eb6c;sg-04cb06d277b67eb6c;launch-wizard-17;;aws;ap-southeast-2;**EC2 security groups** whose names include `launch-wizard` are identified as created by the **EC2 Launch Wizard**, distinguishing auto-generated groups from curated, baseline-controlled groups.;"Wizard-generated groups often include **overly permissive rules** (e.g., `0.0.0.0/0` to admin ports), expanding exposure. Attackers can run **port scans** and **brute-force** to gain entry, then **lateral movement** and **data exfiltration**, impacting **confidentiality** and **integrity**; broad egress aids command-and-control.";;Replace or harden these groups. Apply **least privilege**: restrict inbound to required sources, avoid public admin ports, and minimize egress. Use approved baseline security groups, enforce change control with IaC and guardrails, prefer private administration (bastion or Session Manager), and remove unused rules.;https://hub.prowler.com/check/ec2_securitygroup_from_launch_wizard;"```yaml
# CloudFormation: create a security group not named by Launch Wizard
Resources:
  <example_resource_name>:
    Type: AWS::EC2::SecurityGroup
    Properties:
      GroupDescription: SG not created by Launch Wizard
      VpcId: <example_resource_id>
      GroupName: <example_resource_name>  # Critical: name does NOT contain ""launch-wizard"" to avoid FAIL
```";"```hcl
# Create a security group not named by Launch Wizard
resource ""aws_security_group"" ""<example_resource_name>"" {
  name   = ""<example_resource_name>""  # Critical: name does NOT contain ""launch-wizard"" to avoid FAIL
  vpc_id = ""<example_resource_id>""
}
```";aws ec2 delete-security-group --group-id <SECURITY_GROUP_ID>;"1. In the AWS console, go to EC2 > Network & Security > Security Groups
2. In the search box, filter by Name contains ""launch-wizard""
3. For each matching group, open the References tab and remove it from any ENIs/instances by replacing it with a different security group
4. Select the launch-wizard security group and choose Actions > Delete security group > Delete
5. Verify no security groups remain with names containing ""launch-wizard""";KISA-ISMS-P-2023-korean: 2.10.2 | ISO27001-2022: A.8.20, A.8.21, A.8.22 | ENS-RD2022: mp.com.1.aws.sg.1 | AWS-Well-Architected-Framework-Security-Pillar: SEC05-BP03 | KISA-ISMS-P-2023: 2.10.2;;;;;5.32.0;https://www.trendmicro.com/trendaivisiononecloudriskmanagement/knowledge-base/aws/EC2/security-group-prefixed-with-launch-wizard.html | https://docs.aws.amazon.com/eks/latest/userguide/sec-group-reqs.html;;
profile: None;2026-07-14 16:40:35.360893;213146990554;;;;;;prowler-aws-ec2_securitygroup_not_used-213146990554-ap-southeast-2-sg-0e24f3f2bbca5b5fa;aws;ec2_securitygroup_not_used;Non-default EC2 security group is in use;Software and Configuration Checks/AWS Security Best Practices;FAIL;Security group launch-wizard-9 (sg-0e24f3f2bbca5b5fa) it is not being used.;False;ec2;;low;AwsEc2SecurityGroup;arn:aws:ec2:ap-southeast-2:213146990554:security-group/sg-0e24f3f2bbca5b5fa;sg-0e24f3f2bbca5b5fa;launch-wizard-9;;aws;ap-southeast-2;EC2 security groups, except `default`, are assessed for **unused** status: zero attached network interfaces, no AWS Lambda associations, and no references from other security groups.;Orphaned security groups may later be attached with **overly permissive rules** without review, enabling unintended inbound or lateral access that compromises **confidentiality** and **integrity**. They also create **configuration drift**, increasing the chance of misapplied access controls.;;Apply **least privilege** and strong lifecycle management: delete or quarantine **unused security groups**, enforce ownership tags and retention policies, review regularly, and manage changes via IaC with approvals. Restrict who can attach groups and use guardrails to prevent reuse of stale or permissive groups.;https://hub.prowler.com/check/ec2_securitygroup_not_used;;"```hcl
# Destroy the unused non-default security group
resource ""aws_security_group"" ""<example_resource_name>"" {
  count = 0 # Critical: setting count=0 removes/destroys this unused SG
}
```";aws ec2 delete-security-group --group-id <SECURITY_GROUP_ID>;"1. In the AWS Console, go to EC2 > Security Groups
2. Select the non-default security group that shows Used by = 0 (no network interfaces or resources)
3. Click Actions > Delete security group > Delete";KISA-ISMS-P-2023-korean: 2.10.2 | NIST-CSF-2.0: ac_5, ip_1 | ISO27001-2022: A.8.20, A.8.21, A.8.22 | AWS-Foundational-Security-Best-Practices: EC2.22 | ENS-RD2022: mp.com.1.aws.sg.3 | AWS-Foundational-Technical-Review: NETSEC-001 | AWS-Well-Architected-Framework-Security-Pillar: SEC05-BP03 | KISA-ISMS-P-2023: 2.10.2;trust-boundaries;;;;5.32.0;https://www.trendmicro.com/trendaivisiononecloudriskmanagement/knowledge-base/aws/EC2/default-security-group-unrestricted.html | https://docs.aws.amazon.com/AWSEC2/latest/UserGuide/ec2-security-groups.html;;
profile: None;2026-07-14 16:40:35.360893;213146990554;;;;;;prowler-aws-ec2_securitygroup_not_used-213146990554-ap-southeast-2-sg-0dd8eae2e1153c210;aws;ec2_securitygroup_not_used;Non-default EC2 security group is in use;Software and Configuration Checks/AWS Security Best Practices;FAIL;Security group Kali Linux-2025.4-amd64-AutogenByAWSMP--1 (sg-0dd8eae2e1153c210) it is not being used.;False;ec2;;low;AwsEc2SecurityGroup;arn:aws:ec2:ap-southeast-2:213146990554:security-group/sg-0dd8eae2e1153c210;sg-0dd8eae2e1153c210;Kali Linux-2025.4-amd64-AutogenByAWSMP--1;;aws;ap-southeast-2;EC2 security groups, except `default`, are assessed for **unused** status: zero attached network interfaces, no AWS Lambda associations, and no references from other security groups.;Orphaned security groups may later be attached with **overly permissive rules** without review, enabling unintended inbound or lateral access that compromises **confidentiality** and **integrity**. They also create **configuration drift**, increasing the chance of misapplied access controls.;;Apply **least privilege** and strong lifecycle management: delete or quarantine **unused security groups**, enforce ownership tags and retention policies, review regularly, and manage changes via IaC with approvals. Restrict who can attach groups and use guardrails to prevent reuse of stale or permissive groups.;https://hub.prowler.com/check/ec2_securitygroup_not_used;;"```hcl
# Destroy the unused non-default security group
resource ""aws_security_group"" ""<example_resource_name>"" {
  count = 0 # Critical: setting count=0 removes/destroys this unused SG
}
```";aws ec2 delete-security-group --group-id <SECURITY_GROUP_ID>;"1. In the AWS Console, go to EC2 > Security Groups
2. Select the non-default security group that shows Used by = 0 (no network interfaces or resources)
3. Click Actions > Delete security group > Delete";KISA-ISMS-P-2023-korean: 2.10.2 | NIST-CSF-2.0: ac_5, ip_1 | ISO27001-2022: A.8.20, A.8.21, A.8.22 | AWS-Foundational-Security-Best-Practices: EC2.22 | ENS-RD2022: mp.com.1.aws.sg.3 | AWS-Foundational-Technical-Review: NETSEC-001 | AWS-Well-Architected-Framework-Security-Pillar: SEC05-BP03 | KISA-ISMS-P-2023: 2.10.2;trust-boundaries;;;;5.32.0;https://www.trendmicro.com/trendaivisiononecloudriskmanagement/knowledge-base/aws/EC2/default-security-group-unrestricted.html | https://docs.aws.amazon.com/AWSEC2/latest/UserGuide/ec2-security-groups.html;;
profile: None;2026-07-14 16:40:35.360893;213146990554;;;;;;prowler-aws-ec2_securitygroup_not_used-213146990554-ap-southeast-2-sg-01b40d1c357914bca;aws;ec2_securitygroup_not_used;Non-default EC2 security group is in use;Software and Configuration Checks/AWS Security Best Practices;FAIL;Security group launch-wizard-24 (sg-01b40d1c357914bca) it is not being used.;False;ec2;;low;AwsEc2SecurityGroup;arn:aws:ec2:ap-southeast-2:213146990554:security-group/sg-01b40d1c357914bca;sg-01b40d1c357914bca;launch-wizard-24;;aws;ap-southeast-2;EC2 security groups, except `default`, are assessed for **unused** status: zero attached network interfaces, no AWS Lambda associations, and no references from other security groups.;Orphaned security groups may later be attached with **overly permissive rules** without review, enabling unintended inbound or lateral access that compromises **confidentiality** and **integrity**. They also create **configuration drift**, increasing the chance of misapplied access controls.;;Apply **least privilege** and strong lifecycle management: delete or quarantine **unused security groups**, enforce ownership tags and retention policies, review regularly, and manage changes via IaC with approvals. Restrict who can attach groups and use guardrails to prevent reuse of stale or permissive groups.;https://hub.prowler.com/check/ec2_securitygroup_not_used;;"```hcl
# Destroy the unused non-default security group
resource ""aws_security_group"" ""<example_resource_name>"" {
  count = 0 # Critical: setting count=0 removes/destroys this unused SG
}
```";aws ec2 delete-security-group --group-id <SECURITY_GROUP_ID>;"1. In the AWS Console, go to EC2 > Security Groups
2. Select the non-default security group that shows Used by = 0 (no network interfaces or resources)
3. Click Actions > Delete security group > Delete";KISA-ISMS-P-2023-korean: 2.10.2 | NIST-CSF-2.0: ac_5, ip_1 | ISO27001-2022: A.8.20, A.8.21, A.8.22 | AWS-Foundational-Security-Best-Practices: EC2.22 | ENS-RD2022: mp.com.1.aws.sg.3 | AWS-Foundational-Technical-Review: NETSEC-001 | AWS-Well-Architected-Framework-Security-Pillar: SEC05-BP03 | KISA-ISMS-P-2023: 2.10.2;trust-boundaries;;;;5.32.0;https://www.trendmicro.com/trendaivisiononecloudriskmanagement/knowledge-base/aws/EC2/default-security-group-unrestricted.html | https://docs.aws.amazon.com/AWSEC2/latest/UserGuide/ec2-security-groups.html;;
profile: None;2026-07-14 16:40:35.360893;213146990554;;;;;;prowler-aws-ec2_securitygroup_not_used-213146990554-ap-southeast-2-sg-00b892f9efa4e0814;aws;ec2_securitygroup_not_used;Non-default EC2 security group is in use;Software and Configuration Checks/AWS Security Best Practices;FAIL;Security group launch-wizard-14 (sg-00b892f9efa4e0814) it is not being used.;False;ec2;;low;AwsEc2SecurityGroup;arn:aws:ec2:ap-southeast-2:213146990554:security-group/sg-00b892f9efa4e0814;sg-00b892f9efa4e0814;launch-wizard-14;;aws;ap-southeast-2;EC2 security groups, except `default`, are assessed for **unused** status: zero attached network interfaces, no AWS Lambda associations, and no references from other security groups.;Orphaned security groups may later be attached with **overly permissive rules** without review, enabling unintended inbound or lateral access that compromises **confidentiality** and **integrity**. They also create **configuration drift**, increasing the chance of misapplied access controls.;;Apply **least privilege** and strong lifecycle management: delete or quarantine **unused security groups**, enforce ownership tags and retention policies, review regularly, and manage changes via IaC with approvals. Restrict who can attach groups and use guardrails to prevent reuse of stale or permissive groups.;https://hub.prowler.com/check/ec2_securitygroup_not_used;;"```hcl
# Destroy the unused non-default security group
resource ""aws_security_group"" ""<example_resource_name>"" {
  count = 0 # Critical: setting count=0 removes/destroys this unused SG
}
```";aws ec2 delete-security-group --group-id <SECURITY_GROUP_ID>;"1. In the AWS Console, go to EC2 > Security Groups
2. Select the non-default security group that shows Used by = 0 (no network interfaces or resources)
3. Click Actions > Delete security group > Delete";KISA-ISMS-P-2023-korean: 2.10.2 | NIST-CSF-2.0: ac_5, ip_1 | ISO27001-2022: A.8.20, A.8.21, A.8.22 | AWS-Foundational-Security-Best-Practices: EC2.22 | ENS-RD2022: mp.com.1.aws.sg.3 | AWS-Foundational-Technical-Review: NETSEC-001 | AWS-Well-Architected-Framework-Security-Pillar: SEC05-BP03 | KISA-ISMS-P-2023: 2.10.2;trust-boundaries;;;;5.32.0;https://www.trendmicro.com/trendaivisiononecloudriskmanagement/knowledge-base/aws/EC2/default-security-group-unrestricted.html | https://docs.aws.amazon.com/AWSEC2/latest/UserGuide/ec2-security-groups.html;;
profile: None;2026-07-14 16:40:35.360893;213146990554;;;;;;prowler-aws-ec2_securitygroup_not_used-213146990554-ap-southeast-2-sg-0bc66643e651629dd;aws;ec2_securitygroup_not_used;Non-default EC2 security group is in use;Software and Configuration Checks/AWS Security Best Practices;FAIL;Security group launch-wizard-15 (sg-0bc66643e651629dd) it is not being used.;False;ec2;;low;AwsEc2SecurityGroup;arn:aws:ec2:ap-southeast-2:213146990554:security-group/sg-0bc66643e651629dd;sg-0bc66643e651629dd;launch-wizard-15;;aws;ap-southeast-2;EC2 security groups, except `default`, are assessed for **unused** status: zero attached network interfaces, no AWS Lambda associations, and no references from other security groups.;Orphaned security groups may later be attached with **overly permissive rules** without review, enabling unintended inbound or lateral access that compromises **confidentiality** and **integrity**. They also create **configuration drift**, increasing the chance of misapplied access controls.;;Apply **least privilege** and strong lifecycle management: delete or quarantine **unused security groups**, enforce ownership tags and retention policies, review regularly, and manage changes via IaC with approvals. Restrict who can attach groups and use guardrails to prevent reuse of stale or permissive groups.;https://hub.prowler.com/check/ec2_securitygroup_not_used;;"```hcl
# Destroy the unused non-default security group
resource ""aws_security_group"" ""<example_resource_name>"" {
  count = 0 # Critical: setting count=0 removes/destroys this unused SG
}
```";aws ec2 delete-security-group --group-id <SECURITY_GROUP_ID>;"1. In the AWS Console, go to EC2 > Security Groups
2. Select the non-default security group that shows Used by = 0 (no network interfaces or resources)
3. Click Actions > Delete security group > Delete";KISA-ISMS-P-2023-korean: 2.10.2 | NIST-CSF-2.0: ac_5, ip_1 | ISO27001-2022: A.8.20, A.8.21, A.8.22 | AWS-Foundational-Security-Best-Practices: EC2.22 | ENS-RD2022: mp.com.1.aws.sg.3 | AWS-Foundational-Technical-Review: NETSEC-001 | AWS-Well-Architected-Framework-Security-Pillar: SEC05-BP03 | KISA-ISMS-P-2023: 2.10.2;trust-boundaries;;;;5.32.0;https://www.trendmicro.com/trendaivisiononecloudriskmanagement/knowledge-base/aws/EC2/default-security-group-unrestricted.html | https://docs.aws.amazon.com/AWSEC2/latest/UserGuide/ec2-security-groups.html;;
profile: None;2026-07-14 16:40:35.360893;213146990554;;;;;;prowler-aws-ec2_securitygroup_not_used-213146990554-ap-southeast-2-sg-04a9ab6d35a6a8de4;aws;ec2_securitygroup_not_used;Non-default EC2 security group is in use;Software and Configuration Checks/AWS Security Best Practices;FAIL;Security group launch-wizard-12 (sg-04a9ab6d35a6a8de4) it is not being used.;False;ec2;;low;AwsEc2SecurityGroup;arn:aws:ec2:ap-southeast-2:213146990554:security-group/sg-04a9ab6d35a6a8de4;sg-04a9ab6d35a6a8de4;launch-wizard-12;;aws;ap-southeast-2;EC2 security groups, except `default`, are assessed for **unused** status: zero attached network interfaces, no AWS Lambda associations, and no references from other security groups.;Orphaned security groups may later be attached with **overly permissive rules** without review, enabling unintended inbound or lateral access that compromises **confidentiality** and **integrity**. They also create **configuration drift**, increasing the chance of misapplied access controls.;;Apply **least privilege** and strong lifecycle management: delete or quarantine **unused security groups**, enforce ownership tags and retention policies, review regularly, and manage changes via IaC with approvals. Restrict who can attach groups and use guardrails to prevent reuse of stale or permissive groups.;https://hub.prowler.com/check/ec2_securitygroup_not_used;;"```hcl
# Destroy the unused non-default security group
resource ""aws_security_group"" ""<example_resource_name>"" {
  count = 0 # Critical: setting count=0 removes/destroys this unused SG
}
```";aws ec2 delete-security-group --group-id <SECURITY_GROUP_ID>;"1. In the AWS Console, go to EC2 > Security Groups
2. Select the non-default security group that shows Used by = 0 (no network interfaces or resources)
3. Click Actions > Delete security group > Delete";KISA-ISMS-P-2023-korean: 2.10.2 | NIST-CSF-2.0: ac_5, ip_1 | ISO27001-2022: A.8.20, A.8.21, A.8.22 | AWS-Foundational-Security-Best-Practices: EC2.22 | ENS-RD2022: mp.com.1.aws.sg.3 | AWS-Foundational-Technical-Review: NETSEC-001 | AWS-Well-Architected-Framework-Security-Pillar: SEC05-BP03 | KISA-ISMS-P-2023: 2.10.2;trust-boundaries;;;;5.32.0;https://www.trendmicro.com/trendaivisiononecloudriskmanagement/knowledge-base/aws/EC2/default-security-group-unrestricted.html | https://docs.aws.amazon.com/AWSEC2/latest/UserGuide/ec2-security-groups.html;;
profile: None;2026-07-14 16:40:35.360893;213146990554;;;;;;prowler-aws-ec2_securitygroup_not_used-213146990554-ap-southeast-2-sg-044ad0ea7338dbce0;aws;ec2_securitygroup_not_used;Non-default EC2 security group is in use;Software and Configuration Checks/AWS Security Best Practices;FAIL;Security group Kali Linux-2026.1-amd64-AutogenByAWSMP--4 (sg-044ad0ea7338dbce0) it is not being used.;False;ec2;;low;AwsEc2SecurityGroup;arn:aws:ec2:ap-southeast-2:213146990554:security-group/sg-044ad0ea7338dbce0;sg-044ad0ea7338dbce0;Kali Linux-2026.1-amd64-AutogenByAWSMP--4;;aws;ap-southeast-2;EC2 security groups, except `default`, are assessed for **unused** status: zero attached network interfaces, no AWS Lambda associations, and no references from other security groups.;Orphaned security groups may later be attached with **overly permissive rules** without review, enabling unintended inbound or lateral access that compromises **confidentiality** and **integrity**. They also create **configuration drift**, increasing the chance of misapplied access controls.;;Apply **least privilege** and strong lifecycle management: delete or quarantine **unused security groups**, enforce ownership tags and retention policies, review regularly, and manage changes via IaC with approvals. Restrict who can attach groups and use guardrails to prevent reuse of stale or permissive groups.;https://hub.prowler.com/check/ec2_securitygroup_not_used;;"```hcl
# Destroy the unused non-default security group
resource ""aws_security_group"" ""<example_resource_name>"" {
  count = 0 # Critical: setting count=0 removes/destroys this unused SG
}
```";aws ec2 delete-security-group --group-id <SECURITY_GROUP_ID>;"1. In the AWS Console, go to EC2 > Security Groups
2. Select the non-default security group that shows Used by = 0 (no network interfaces or resources)
3. Click Actions > Delete security group > Delete";KISA-ISMS-P-2023-korean: 2.10.2 | NIST-CSF-2.0: ac_5, ip_1 | ISO27001-2022: A.8.20, A.8.21, A.8.22 | AWS-Foundational-Security-Best-Practices: EC2.22 | ENS-RD2022: mp.com.1.aws.sg.3 | AWS-Foundational-Technical-Review: NETSEC-001 | AWS-Well-Architected-Framework-Security-Pillar: SEC05-BP03 | KISA-ISMS-P-2023: 2.10.2;trust-boundaries;;;;5.32.0;https://www.trendmicro.com/trendaivisiononecloudriskmanagement/knowledge-base/aws/EC2/default-security-group-unrestricted.html | https://docs.aws.amazon.com/AWSEC2/latest/UserGuide/ec2-security-groups.html;;
profile: None;2026-07-14 16:40:35.360893;213146990554;;;;;;prowler-aws-ec2_securitygroup_not_used-213146990554-ap-southeast-2-sg-0003161c3fb914627;aws;ec2_securitygroup_not_used;Non-default EC2 security group is in use;Software and Configuration Checks/AWS Security Best Practices;FAIL;Security group launch-wizard-28 (sg-0003161c3fb914627) it is not being used.;False;ec2;;low;AwsEc2SecurityGroup;arn:aws:ec2:ap-southeast-2:213146990554:security-group/sg-0003161c3fb914627;sg-0003161c3fb914627;launch-wizard-28;;aws;ap-southeast-2;EC2 security groups, except `default`, are assessed for **unused** status: zero attached network interfaces, no AWS Lambda associations, and no references from other security groups.;Orphaned security groups may later be attached with **overly permissive rules** without review, enabling unintended inbound or lateral access that compromises **confidentiality** and **integrity**. They also create **configuration drift**, increasing the chance of misapplied access controls.;;Apply **least privilege** and strong lifecycle management: delete or quarantine **unused security groups**, enforce ownership tags and retention policies, review regularly, and manage changes via IaC with approvals. Restrict who can attach groups and use guardrails to prevent reuse of stale or permissive groups.;https://hub.prowler.com/check/ec2_securitygroup_not_used;;"```hcl
# Destroy the unused non-default security group
resource ""aws_security_group"" ""<example_resource_name>"" {
  count = 0 # Critical: setting count=0 removes/destroys this unused SG
}
```";aws ec2 delete-security-group --group-id <SECURITY_GROUP_ID>;"1. In the AWS Console, go to EC2 > Security Groups
2. Select the non-default security group that shows Used by = 0 (no network interfaces or resources)
3. Click Actions > Delete security group > Delete";KISA-ISMS-P-2023-korean: 2.10.2 | NIST-CSF-2.0: ac_5, ip_1 | ISO27001-2022: A.8.20, A.8.21, A.8.22 | AWS-Foundational-Security-Best-Practices: EC2.22 | ENS-RD2022: mp.com.1.aws.sg.3 | AWS-Foundational-Technical-Review: NETSEC-001 | AWS-Well-Architected-Framework-Security-Pillar: SEC05-BP03 | KISA-ISMS-P-2023: 2.10.2;trust-boundaries;;;;5.32.0;https://www.trendmicro.com/trendaivisiononecloudriskmanagement/knowledge-base/aws/EC2/default-security-group-unrestricted.html | https://docs.aws.amazon.com/AWSEC2/latest/UserGuide/ec2-security-groups.html;;
profile: None;2026-07-14 16:40:35.360893;213146990554;;;;;;prowler-aws-ec2_securitygroup_not_used-213146990554-ap-southeast-2-sg-0b16338608e021959;aws;ec2_securitygroup_not_used;Non-default EC2 security group is in use;Software and Configuration Checks/AWS Security Best Practices;FAIL;Security group Kali Linux-2026.1-amd64-AutogenByAWSMP--7 (sg-0b16338608e021959) it is not being used.;False;ec2;;low;AwsEc2SecurityGroup;arn:aws:ec2:ap-southeast-2:213146990554:security-group/sg-0b16338608e021959;sg-0b16338608e021959;Kali Linux-2026.1-amd64-AutogenByAWSMP--7;;aws;ap-southeast-2;EC2 security groups, except `default`, are assessed for **unused** status: zero attached network interfaces, no AWS Lambda associations, and no references from other security groups.;Orphaned security groups may later be attached with **overly permissive rules** without review, enabling unintended inbound or lateral access that compromises **confidentiality** and **integrity**. They also create **configuration drift**, increasing the chance of misapplied access controls.;;Apply **least privilege** and strong lifecycle management: delete or quarantine **unused security groups**, enforce ownership tags and retention policies, review regularly, and manage changes via IaC with approvals. Restrict who can attach groups and use guardrails to prevent reuse of stale or permissive groups.;https://hub.prowler.com/check/ec2_securitygroup_not_used;;"```hcl
# Destroy the unused non-default security group
resource ""aws_security_group"" ""<example_resource_name>"" {
  count = 0 # Critical: setting count=0 removes/destroys this unused SG
}
```";aws ec2 delete-security-group --group-id <SECURITY_GROUP_ID>;"1. In the AWS Console, go to EC2 > Security Groups
2. Select the non-default security group that shows Used by = 0 (no network interfaces or resources)
3. Click Actions > Delete security group > Delete";KISA-ISMS-P-2023-korean: 2.10.2 | NIST-CSF-2.0: ac_5, ip_1 | ISO27001-2022: A.8.20, A.8.21, A.8.22 | AWS-Foundational-Security-Best-Practices: EC2.22 | ENS-RD2022: mp.com.1.aws.sg.3 | AWS-Foundational-Technical-Review: NETSEC-001 | AWS-Well-Architected-Framework-Security-Pillar: SEC05-BP03 | KISA-ISMS-P-2023: 2.10.2;trust-boundaries;;;;5.32.0;https://www.trendmicro.com/trendaivisiononecloudriskmanagement/knowledge-base/aws/EC2/default-security-group-unrestricted.html | https://docs.aws.amazon.com/AWSEC2/latest/UserGuide/ec2-security-groups.html;;
profile: None;2026-07-14 16:40:35.360893;213146990554;;;;;;prowler-aws-ec2_securitygroup_not_used-213146990554-ap-southeast-2-sg-034bdb14753e85207;aws;ec2_securitygroup_not_used;Non-default EC2 security group is in use;Software and Configuration Checks/AWS Security Best Practices;FAIL;Security group Kali Linux-2026.1-amd64-AutogenByAWSMP--6 (sg-034bdb14753e85207) it is not being used.;False;ec2;;low;AwsEc2SecurityGroup;arn:aws:ec2:ap-southeast-2:213146990554:security-group/sg-034bdb14753e85207;sg-034bdb14753e85207;Kali Linux-2026.1-amd64-AutogenByAWSMP--6;;aws;ap-southeast-2;EC2 security groups, except `default`, are assessed for **unused** status: zero attached network interfaces, no AWS Lambda associations, and no references from other security groups.;Orphaned security groups may later be attached with **overly permissive rules** without review, enabling unintended inbound or lateral access that compromises **confidentiality** and **integrity**. They also create **configuration drift**, increasing the chance of misapplied access controls.;;Apply **least privilege** and strong lifecycle management: delete or quarantine **unused security groups**, enforce ownership tags and retention policies, review regularly, and manage changes via IaC with approvals. Restrict who can attach groups and use guardrails to prevent reuse of stale or permissive groups.;https://hub.prowler.com/check/ec2_securitygroup_not_used;;"```hcl
# Destroy the unused non-default security group
resource ""aws_security_group"" ""<example_resource_name>"" {
  count = 0 # Critical: setting count=0 removes/destroys this unused SG
}
```";aws ec2 delete-security-group --group-id <SECURITY_GROUP_ID>;"1. In the AWS Console, go to EC2 > Security Groups
2. Select the non-default security group that shows Used by = 0 (no network interfaces or resources)
3. Click Actions > Delete security group > Delete";KISA-ISMS-P-2023-korean: 2.10.2 | NIST-CSF-2.0: ac_5, ip_1 | ISO27001-2022: A.8.20, A.8.21, A.8.22 | AWS-Foundational-Security-Best-Practices: EC2.22 | ENS-RD2022: mp.com.1.aws.sg.3 | AWS-Foundational-Technical-Review: NETSEC-001 | AWS-Well-Architected-Framework-Security-Pillar: SEC05-BP03 | KISA-ISMS-P-2023: 2.10.2;trust-boundaries;;;;5.32.0;https://www.trendmicro.com/trendaivisiononecloudriskmanagement/knowledge-base/aws/EC2/default-security-group-unrestricted.html | https://docs.aws.amazon.com/AWSEC2/latest/UserGuide/ec2-security-groups.html;;
profile: None;2026-07-14 16:40:35.360893;213146990554;;;;;;prowler-aws-ec2_securitygroup_not_used-213146990554-ap-southeast-2-sg-03667e84668fbefee;aws;ec2_securitygroup_not_used;Non-default EC2 security group is in use;Software and Configuration Checks/AWS Security Best Practices;FAIL;Security group EG-SG (sg-03667e84668fbefee) it is not being used.;False;ec2;;low;AwsEc2SecurityGroup;arn:aws:ec2:ap-southeast-2:213146990554:security-group/sg-03667e84668fbefee;sg-03667e84668fbefee;EG-SG;Name=EG-SG | Project=RedTeamInfra;aws;ap-southeast-2;EC2 security groups, except `default`, are assessed for **unused** status: zero attached network interfaces, no AWS Lambda associations, and no references from other security groups.;Orphaned security groups may later be attached with **overly permissive rules** without review, enabling unintended inbound or lateral access that compromises **confidentiality** and **integrity**. They also create **configuration drift**, increasing the chance of misapplied access controls.;;Apply **least privilege** and strong lifecycle management: delete or quarantine **unused security groups**, enforce ownership tags and retention policies, review regularly, and manage changes via IaC with approvals. Restrict who can attach groups and use guardrails to prevent reuse of stale or permissive groups.;https://hub.prowler.com/check/ec2_securitygroup_not_used;;"```hcl
# Destroy the unused non-default security group
resource ""aws_security_group"" ""<example_resource_name>"" {
  count = 0 # Critical: setting count=0 removes/destroys this unused SG
}
```";aws ec2 delete-security-group --group-id <SECURITY_GROUP_ID>;"1. In the AWS Console, go to EC2 > Security Groups
2. Select the non-default security group that shows Used by = 0 (no network interfaces or resources)
3. Click Actions > Delete security group > Delete";KISA-ISMS-P-2023-korean: 2.10.2 | NIST-CSF-2.0: ac_5, ip_1 | ISO27001-2022: A.8.20, A.8.21, A.8.22 | AWS-Foundational-Security-Best-Practices: EC2.22 | ENS-RD2022: mp.com.1.aws.sg.3 | AWS-Foundational-Technical-Review: NETSEC-001 | AWS-Well-Architected-Framework-Security-Pillar: SEC05-BP03 | KISA-ISMS-P-2023: 2.10.2;trust-boundaries;;;;5.32.0;https://www.trendmicro.com/trendaivisiononecloudriskmanagement/knowledge-base/aws/EC2/default-security-group-unrestricted.html | https://docs.aws.amazon.com/AWSEC2/latest/UserGuide/ec2-security-groups.html;;
profile: None;2026-07-14 16:40:35.360893;213146990554;;;;;;prowler-aws-ec2_securitygroup_not_used-213146990554-ap-southeast-2-sg-0e3756b7faacf9749;aws;ec2_securitygroup_not_used;Non-default EC2 security group is in use;Software and Configuration Checks/AWS Security Best Practices;FAIL;Security group launch-wizard-2 (sg-0e3756b7faacf9749) it is not being used.;False;ec2;;low;AwsEc2SecurityGroup;arn:aws:ec2:ap-southeast-2:213146990554:security-group/sg-0e3756b7faacf9749;sg-0e3756b7faacf9749;launch-wizard-2;;aws;ap-southeast-2;EC2 security groups, except `default`, are assessed for **unused** status: zero attached network interfaces, no AWS Lambda associations, and no references from other security groups.;Orphaned security groups may later be attached with **overly permissive rules** without review, enabling unintended inbound or lateral access that compromises **confidentiality** and **integrity**. They also create **configuration drift**, increasing the chance of misapplied access controls.;;Apply **least privilege** and strong lifecycle management: delete or quarantine **unused security groups**, enforce ownership tags and retention policies, review regularly, and manage changes via IaC with approvals. Restrict who can attach groups and use guardrails to prevent reuse of stale or permissive groups.;https://hub.prowler.com/check/ec2_securitygroup_not_used;;"```hcl
# Destroy the unused non-default security group
resource ""aws_security_group"" ""<example_resource_name>"" {
  count = 0 # Critical: setting count=0 removes/destroys this unused SG
}
```";aws ec2 delete-security-group --group-id <SECURITY_GROUP_ID>;"1. In the AWS Console, go to EC2 > Security Groups
2. Select the non-default security group that shows Used by = 0 (no network interfaces or resources)
3. Click Actions > Delete security group > Delete";KISA-ISMS-P-2023-korean: 2.10.2 | NIST-CSF-2.0: ac_5, ip_1 | ISO27001-2022: A.8.20, A.8.21, A.8.22 | AWS-Foundational-Security-Best-Practices: EC2.22 | ENS-RD2022: mp.com.1.aws.sg.3 | AWS-Foundational-Technical-Review: NETSEC-001 | AWS-Well-Architected-Framework-Security-Pillar: SEC05-BP03 | KISA-ISMS-P-2023: 2.10.2;trust-boundaries;;;;5.32.0;https://www.trendmicro.com/trendaivisiononecloudriskmanagement/knowledge-base/aws/EC2/default-security-group-unrestricted.html | https://docs.aws.amazon.com/AWSEC2/latest/UserGuide/ec2-security-groups.html;;
profile: None;2026-07-14 16:40:35.360893;213146990554;;;;;;prowler-aws-ec2_securitygroup_not_used-213146990554-ap-southeast-2-sg-0b8ded5ed0698a732;aws;ec2_securitygroup_not_used;Non-default EC2 security group is in use;Software and Configuration Checks/AWS Security Best Practices;FAIL;Security group launch-wizard-16 (sg-0b8ded5ed0698a732) it is not being used.;False;ec2;;low;AwsEc2SecurityGroup;arn:aws:ec2:ap-southeast-2:213146990554:security-group/sg-0b8ded5ed0698a732;sg-0b8ded5ed0698a732;launch-wizard-16;;aws;ap-southeast-2;EC2 security groups, except `default`, are assessed for **unused** status: zero attached network interfaces, no AWS Lambda associations, and no references from other security groups.;Orphaned security groups may later be attached with **overly permissive rules** without review, enabling unintended inbound or lateral access that compromises **confidentiality** and **integrity**. They also create **configuration drift**, increasing the chance of misapplied access controls.;;Apply **least privilege** and strong lifecycle management: delete or quarantine **unused security groups**, enforce ownership tags and retention policies, review regularly, and manage changes via IaC with approvals. Restrict who can attach groups and use guardrails to prevent reuse of stale or permissive groups.;https://hub.prowler.com/check/ec2_securitygroup_not_used;;"```hcl
# Destroy the unused non-default security group
resource ""aws_security_group"" ""<example_resource_name>"" {
  count = 0 # Critical: setting count=0 removes/destroys this unused SG
}
```";aws ec2 delete-security-group --group-id <SECURITY_GROUP_ID>;"1. In the AWS Console, go to EC2 > Security Groups
2. Select the non-default security group that shows Used by = 0 (no network interfaces or resources)
3. Click Actions > Delete security group > Delete";KISA-ISMS-P-2023-korean: 2.10.2 | NIST-CSF-2.0: ac_5, ip_1 | ISO27001-2022: A.8.20, A.8.21, A.8.22 | AWS-Foundational-Security-Best-Practices: EC2.22 | ENS-RD2022: mp.com.1.aws.sg.3 | AWS-Foundational-Technical-Review: NETSEC-001 | AWS-Well-Architected-Framework-Security-Pillar: SEC05-BP03 | KISA-ISMS-P-2023: 2.10.2;trust-boundaries;;;;5.32.0;https://www.trendmicro.com/trendaivisiononecloudriskmanagement/knowledge-base/aws/EC2/default-security-group-unrestricted.html | https://docs.aws.amazon.com/AWSEC2/latest/UserGuide/ec2-security-groups.html;;
profile: None;2026-07-14 16:40:35.360893;213146990554;;;;;;prowler-aws-ec2_securitygroup_not_used-213146990554-ap-southeast-2-sg-0a7306065b047c47a;aws;ec2_securitygroup_not_used;Non-default EC2 security group is in use;Software and Configuration Checks/AWS Security Best Practices;FAIL;Security group launch-wizard-3 (sg-0a7306065b047c47a) it is not being used.;False;ec2;;low;AwsEc2SecurityGroup;arn:aws:ec2:ap-southeast-2:213146990554:security-group/sg-0a7306065b047c47a;sg-0a7306065b047c47a;launch-wizard-3;;aws;ap-southeast-2;EC2 security groups, except `default`, are assessed for **unused** status: zero attached network interfaces, no AWS Lambda associations, and no references from other security groups.;Orphaned security groups may later be attached with **overly permissive rules** without review, enabling unintended inbound or lateral access that compromises **confidentiality** and **integrity**. They also create **configuration drift**, increasing the chance of misapplied access controls.;;Apply **least privilege** and strong lifecycle management: delete or quarantine **unused security groups**, enforce ownership tags and retention policies, review regularly, and manage changes via IaC with approvals. Restrict who can attach groups and use guardrails to prevent reuse of stale or permissive groups.;https://hub.prowler.com/check/ec2_securitygroup_not_used;;"```hcl
# Destroy the unused non-default security group
resource ""aws_security_group"" ""<example_resource_name>"" {
  count = 0 # Critical: setting count=0 removes/destroys this unused SG
}
```";aws ec2 delete-security-group --group-id <SECURITY_GROUP_ID>;"1. In the AWS Console, go to EC2 > Security Groups
2. Select the non-default security group that shows Used by = 0 (no network interfaces or resources)
3. Click Actions > Delete security group > Delete";KISA-ISMS-P-2023-korean: 2.10.2 | NIST-CSF-2.0: ac_5, ip_1 | ISO27001-2022: A.8.20, A.8.21, A.8.22 | AWS-Foundational-Security-Best-Practices: EC2.22 | ENS-RD2022: mp.com.1.aws.sg.3 | AWS-Foundational-Technical-Review: NETSEC-001 | AWS-Well-Architected-Framework-Security-Pillar: SEC05-BP03 | KISA-ISMS-P-2023: 2.10.2;trust-boundaries;;;;5.32.0;https://www.trendmicro.com/trendaivisiononecloudriskmanagement/knowledge-base/aws/EC2/default-security-group-unrestricted.html | https://docs.aws.amazon.com/AWSEC2/latest/UserGuide/ec2-security-groups.html;;
profile: None;2026-07-14 16:40:35.360893;213146990554;;;;;;prowler-aws-ec2_securitygroup_not_used-213146990554-ap-southeast-2-sg-0e126e8fe16324420;aws;ec2_securitygroup_not_used;Non-default EC2 security group is in use;Software and Configuration Checks/AWS Security Best Practices;FAIL;Security group launch-wizard-21 (sg-0e126e8fe16324420) it is not being used.;False;ec2;;low;AwsEc2SecurityGroup;arn:aws:ec2:ap-southeast-2:213146990554:security-group/sg-0e126e8fe16324420;sg-0e126e8fe16324420;launch-wizard-21;;aws;ap-southeast-2;EC2 security groups, except `default`, are assessed for **unused** status: zero attached network interfaces, no AWS Lambda associations, and no references from other security groups.;Orphaned security groups may later be attached with **overly permissive rules** without review, enabling unintended inbound or lateral access that compromises **confidentiality** and **integrity**. They also create **configuration drift**, increasing the chance of misapplied access controls.;;Apply **least privilege** and strong lifecycle management: delete or quarantine **unused security groups**, enforce ownership tags and retention policies, review regularly, and manage changes via IaC with approvals. Restrict who can attach groups and use guardrails to prevent reuse of stale or permissive groups.;https://hub.prowler.com/check/ec2_securitygroup_not_used;;"```hcl
# Destroy the unused non-default security group
resource ""aws_security_group"" ""<example_resource_name>"" {
  count = 0 # Critical: setting count=0 removes/destroys this unused SG
}
```";aws ec2 delete-security-group --group-id <SECURITY_GROUP_ID>;"1. In the AWS Console, go to EC2 > Security Groups
2. Select the non-default security group that shows Used by = 0 (no network interfaces or resources)
3. Click Actions > Delete security group > Delete";KISA-ISMS-P-2023-korean: 2.10.2 | NIST-CSF-2.0: ac_5, ip_1 | ISO27001-2022: A.8.20, A.8.21, A.8.22 | AWS-Foundational-Security-Best-Practices: EC2.22 | ENS-RD2022: mp.com.1.aws.sg.3 | AWS-Foundational-Technical-Review: NETSEC-001 | AWS-Well-Architected-Framework-Security-Pillar: SEC05-BP03 | KISA-ISMS-P-2023: 2.10.2;trust-boundaries;;;;5.32.0;https://www.trendmicro.com/trendaivisiononecloudriskmanagement/knowledge-base/aws/EC2/default-security-group-unrestricted.html | https://docs.aws.amazon.com/AWSEC2/latest/UserGuide/ec2-security-groups.html;;
profile: None;2026-07-14 16:40:35.360893;213146990554;;;;;;prowler-aws-ec2_securitygroup_not_used-213146990554-ap-southeast-2-sg-05dd4ebdd18f412c1;aws;ec2_securitygroup_not_used;Non-default EC2 security group is in use;Software and Configuration Checks/AWS Security Best Practices;FAIL;Security group launch-wizard-19 (sg-05dd4ebdd18f412c1) it is not being used.;False;ec2;;low;AwsEc2SecurityGroup;arn:aws:ec2:ap-southeast-2:213146990554:security-group/sg-05dd4ebdd18f412c1;sg-05dd4ebdd18f412c1;launch-wizard-19;;aws;ap-southeast-2;EC2 security groups, except `default`, are assessed for **unused** status: zero attached network interfaces, no AWS Lambda associations, and no references from other security groups.;Orphaned security groups may later be attached with **overly permissive rules** without review, enabling unintended inbound or lateral access that compromises **confidentiality** and **integrity**. They also create **configuration drift**, increasing the chance of misapplied access controls.;;Apply **least privilege** and strong lifecycle management: delete or quarantine **unused security groups**, enforce ownership tags and retention policies, review regularly, and manage changes via IaC with approvals. Restrict who can attach groups and use guardrails to prevent reuse of stale or permissive groups.;https://hub.prowler.com/check/ec2_securitygroup_not_used;;"```hcl
# Destroy the unused non-default security group
resource ""aws_security_group"" ""<example_resource_name>"" {
  count = 0 # Critical: setting count=0 removes/destroys this unused SG
}
```";aws ec2 delete-security-group --group-id <SECURITY_GROUP_ID>;"1. In the AWS Console, go to EC2 > Security Groups
2. Select the non-default security group that shows Used by = 0 (no network interfaces or resources)
3. Click Actions > Delete security group > Delete";KISA-ISMS-P-2023-korean: 2.10.2 | NIST-CSF-2.0: ac_5, ip_1 | ISO27001-2022: A.8.20, A.8.21, A.8.22 | AWS-Foundational-Security-Best-Practices: EC2.22 | ENS-RD2022: mp.com.1.aws.sg.3 | AWS-Foundational-Technical-Review: NETSEC-001 | AWS-Well-Architected-Framework-Security-Pillar: SEC05-BP03 | KISA-ISMS-P-2023: 2.10.2;trust-boundaries;;;;5.32.0;https://www.trendmicro.com/trendaivisiononecloudriskmanagement/knowledge-base/aws/EC2/default-security-group-unrestricted.html | https://docs.aws.amazon.com/AWSEC2/latest/UserGuide/ec2-security-groups.html;;
profile: None;2026-07-14 16:40:35.360893;213146990554;;;;;;prowler-aws-ec2_securitygroup_not_used-213146990554-ap-southeast-2-sg-0d759a2bdfa128cd1;aws;ec2_securitygroup_not_used;Non-default EC2 security group is in use;Software and Configuration Checks/AWS Security Best Practices;FAIL;Security group launch-wizard-7 (sg-0d759a2bdfa128cd1) it is not being used.;False;ec2;;low;AwsEc2SecurityGroup;arn:aws:ec2:ap-southeast-2:213146990554:security-group/sg-0d759a2bdfa128cd1;sg-0d759a2bdfa128cd1;launch-wizard-7;;aws;ap-southeast-2;EC2 security groups, except `default`, are assessed for **unused** status: zero attached network interfaces, no AWS Lambda associations, and no references from other security groups.;Orphaned security groups may later be attached with **overly permissive rules** without review, enabling unintended inbound or lateral access that compromises **confidentiality** and **integrity**. They also create **configuration drift**, increasing the chance of misapplied access controls.;;Apply **least privilege** and strong lifecycle management: delete or quarantine **unused security groups**, enforce ownership tags and retention policies, review regularly, and manage changes via IaC with approvals. Restrict who can attach groups and use guardrails to prevent reuse of stale or permissive groups.;https://hub.prowler.com/check/ec2_securitygroup_not_used;;"```hcl
# Destroy the unused non-default security group
resource ""aws_security_group"" ""<example_resource_name>"" {
  count = 0 # Critical: setting count=0 removes/destroys this unused SG
}
```";aws ec2 delete-security-group --group-id <SECURITY_GROUP_ID>;"1. In the AWS Console, go to EC2 > Security Groups
2. Select the non-default security group that shows Used by = 0 (no network interfaces or resources)
3. Click Actions > Delete security group > Delete";KISA-ISMS-P-2023-korean: 2.10.2 | NIST-CSF-2.0: ac_5, ip_1 | ISO27001-2022: A.8.20, A.8.21, A.8.22 | AWS-Foundational-Security-Best-Practices: EC2.22 | ENS-RD2022: mp.com.1.aws.sg.3 | AWS-Foundational-Technical-Review: NETSEC-001 | AWS-Well-Architected-Framework-Security-Pillar: SEC05-BP03 | KISA-ISMS-P-2023: 2.10.2;trust-boundaries;;;;5.32.0;https://www.trendmicro.com/trendaivisiononecloudriskmanagement/knowledge-base/aws/EC2/default-security-group-unrestricted.html | https://docs.aws.amazon.com/AWSEC2/latest/UserGuide/ec2-security-groups.html;;
profile: None;2026-07-14 16:40:35.360893;213146990554;;;;;;prowler-aws-ec2_securitygroup_not_used-213146990554-ap-southeast-2-sg-045dc2456086efc1d;aws;ec2_securitygroup_not_used;Non-default EC2 security group is in use;Software and Configuration Checks/AWS Security Best Practices;FAIL;Security group launch-wizard-11 (sg-045dc2456086efc1d) it is not being used.;False;ec2;;low;AwsEc2SecurityGroup;arn:aws:ec2:ap-southeast-2:213146990554:security-group/sg-045dc2456086efc1d;sg-045dc2456086efc1d;launch-wizard-11;;aws;ap-southeast-2;EC2 security groups, except `default`, are assessed for **unused** status: zero attached network interfaces, no AWS Lambda associations, and no references from other security groups.;Orphaned security groups may later be attached with **overly permissive rules** without review, enabling unintended inbound or lateral access that compromises **confidentiality** and **integrity**. They also create **configuration drift**, increasing the chance of misapplied access controls.;;Apply **least privilege** and strong lifecycle management: delete or quarantine **unused security groups**, enforce ownership tags and retention policies, review regularly, and manage changes via IaC with approvals. Restrict who can attach groups and use guardrails to prevent reuse of stale or permissive groups.;https://hub.prowler.com/check/ec2_securitygroup_not_used;;"```hcl
# Destroy the unused non-default security group
resource ""aws_security_group"" ""<example_resource_name>"" {
  count = 0 # Critical: setting count=0 removes/destroys this unused SG
}
```";aws ec2 delete-security-group --group-id <SECURITY_GROUP_ID>;"1. In the AWS Console, go to EC2 > Security Groups
2. Select the non-default security group that shows Used by = 0 (no network interfaces or resources)
3. Click Actions > Delete security group > Delete";KISA-ISMS-P-2023-korean: 2.10.2 | NIST-CSF-2.0: ac_5, ip_1 | ISO27001-2022: A.8.20, A.8.21, A.8.22 | AWS-Foundational-Security-Best-Practices: EC2.22 | ENS-RD2022: mp.com.1.aws.sg.3 | AWS-Foundational-Technical-Review: NETSEC-001 | AWS-Well-Architected-Framework-Security-Pillar: SEC05-BP03 | KISA-ISMS-P-2023: 2.10.2;trust-boundaries;;;;5.32.0;https://www.trendmicro.com/trendaivisiononecloudriskmanagement/knowledge-base/aws/EC2/default-security-group-unrestricted.html | https://docs.aws.amazon.com/AWSEC2/latest/UserGuide/ec2-security-groups.html;;
profile: None;2026-07-14 16:40:35.360893;213146990554;;;;;;prowler-aws-ec2_securitygroup_not_used-213146990554-ap-southeast-2-sg-07c211d3ff7ed3416;aws;ec2_securitygroup_not_used;Non-default EC2 security group is in use;Software and Configuration Checks/AWS Security Best Practices;FAIL;Security group Kali Linux-2026.1-amd64-AutogenByAWSMP--1 (sg-07c211d3ff7ed3416) it is not being used.;False;ec2;;low;AwsEc2SecurityGroup;arn:aws:ec2:ap-southeast-2:213146990554:security-group/sg-07c211d3ff7ed3416;sg-07c211d3ff7ed3416;Kali Linux-2026.1-amd64-AutogenByAWSMP--1;;aws;ap-southeast-2;EC2 security groups, except `default`, are assessed for **unused** status: zero attached network interfaces, no AWS Lambda associations, and no references from other security groups.;Orphaned security groups may later be attached with **overly permissive rules** without review, enabling unintended inbound or lateral access that compromises **confidentiality** and **integrity**. They also create **configuration drift**, increasing the chance of misapplied access controls.;;Apply **least privilege** and strong lifecycle management: delete or quarantine **unused security groups**, enforce ownership tags and retention policies, review regularly, and manage changes via IaC with approvals. Restrict who can attach groups and use guardrails to prevent reuse of stale or permissive groups.;https://hub.prowler.com/check/ec2_securitygroup_not_used;;"```hcl
# Destroy the unused non-default security group
resource ""aws_security_group"" ""<example_resource_name>"" {
  count = 0 # Critical: setting count=0 removes/destroys this unused SG
}
```";aws ec2 delete-security-group --group-id <SECURITY_GROUP_ID>;"1. In the AWS Console, go to EC2 > Security Groups
2. Select the non-default security group that shows Used by = 0 (no network interfaces or resources)
3. Click Actions > Delete security group > Delete";KISA-ISMS-P-2023-korean: 2.10.2 | NIST-CSF-2.0: ac_5, ip_1 | ISO27001-2022: A.8.20, A.8.21, A.8.22 | AWS-Foundational-Security-Best-Practices: EC2.22 | ENS-RD2022: mp.com.1.aws.sg.3 | AWS-Foundational-Technical-Review: NETSEC-001 | AWS-Well-Architected-Framework-Security-Pillar: SEC05-BP03 | KISA-ISMS-P-2023: 2.10.2;trust-boundaries;;;;5.32.0;https://www.trendmicro.com/trendaivisiononecloudriskmanagement/knowledge-base/aws/EC2/default-security-group-unrestricted.html | https://docs.aws.amazon.com/AWSEC2/latest/UserGuide/ec2-security-groups.html;;
profile: None;2026-07-14 16:40:35.360893;213146990554;;;;;;prowler-aws-ec2_securitygroup_not_used-213146990554-ap-southeast-2-sg-0fa04d76ad5a60f29;aws;ec2_securitygroup_not_used;Non-default EC2 security group is in use;Software and Configuration Checks/AWS Security Best Practices;FAIL;Security group launch-wizard-13 (sg-0fa04d76ad5a60f29) it is not being used.;False;ec2;;low;AwsEc2SecurityGroup;arn:aws:ec2:ap-southeast-2:213146990554:security-group/sg-0fa04d76ad5a60f29;sg-0fa04d76ad5a60f29;launch-wizard-13;;aws;ap-southeast-2;EC2 security groups, except `default`, are assessed for **unused** status: zero attached network interfaces, no AWS Lambda associations, and no references from other security groups.;Orphaned security groups may later be attached with **overly permissive rules** without review, enabling unintended inbound or lateral access that compromises **confidentiality** and **integrity**. They also create **configuration drift**, increasing the chance of misapplied access controls.;;Apply **least privilege** and strong lifecycle management: delete or quarantine **unused security groups**, enforce ownership tags and retention policies, review regularly, and manage changes via IaC with approvals. Restrict who can attach groups and use guardrails to prevent reuse of stale or permissive groups.;https://hub.prowler.com/check/ec2_securitygroup_not_used;;"```hcl
# Destroy the unused non-default security group
resource ""aws_security_group"" ""<example_resource_name>"" {
  count = 0 # Critical: setting count=0 removes/destroys this unused SG
}
```";aws ec2 delete-security-group --group-id <SECURITY_GROUP_ID>;"1. In the AWS Console, go to EC2 > Security Groups
2. Select the non-default security group that shows Used by = 0 (no network interfaces or resources)
3. Click Actions > Delete security group > Delete";KISA-ISMS-P-2023-korean: 2.10.2 | NIST-CSF-2.0: ac_5, ip_1 | ISO27001-2022: A.8.20, A.8.21, A.8.22 | AWS-Foundational-Security-Best-Practices: EC2.22 | ENS-RD2022: mp.com.1.aws.sg.3 | AWS-Foundational-Technical-Review: NETSEC-001 | AWS-Well-Architected-Framework-Security-Pillar: SEC05-BP03 | KISA-ISMS-P-2023: 2.10.2;trust-boundaries;;;;5.32.0;https://www.trendmicro.com/trendaivisiononecloudriskmanagement/knowledge-base/aws/EC2/default-security-group-unrestricted.html | https://docs.aws.amazon.com/AWSEC2/latest/UserGuide/ec2-security-groups.html;;
profile: None;2026-07-14 16:40:35.360893;213146990554;;;;;;prowler-aws-ec2_securitygroup_not_used-213146990554-ap-southeast-2-sg-0b304f3d171f7dd95;aws;ec2_securitygroup_not_used;Non-default EC2 security group is in use;Software and Configuration Checks/AWS Security Best Practices;FAIL;Security group launch-wizard-25 (sg-0b304f3d171f7dd95) it is not being used.;False;ec2;;low;AwsEc2SecurityGroup;arn:aws:ec2:ap-southeast-2:213146990554:security-group/sg-0b304f3d171f7dd95;sg-0b304f3d171f7dd95;launch-wizard-25;;aws;ap-southeast-2;EC2 security groups, except `default`, are assessed for **unused** status: zero attached network interfaces, no AWS Lambda associations, and no references from other security groups.;Orphaned security groups may later be attached with **overly permissive rules** without review, enabling unintended inbound or lateral access that compromises **confidentiality** and **integrity**. They also create **configuration drift**, increasing the chance of misapplied access controls.;;Apply **least privilege** and strong lifecycle management: delete or quarantine **unused security groups**, enforce ownership tags and retention policies, review regularly, and manage changes via IaC with approvals. Restrict who can attach groups and use guardrails to prevent reuse of stale or permissive groups.;https://hub.prowler.com/check/ec2_securitygroup_not_used;;"```hcl
# Destroy the unused non-default security group
resource ""aws_security_group"" ""<example_resource_name>"" {
  count = 0 # Critical: setting count=0 removes/destroys this unused SG
}
```";aws ec2 delete-security-group --group-id <SECURITY_GROUP_ID>;"1. In the AWS Console, go to EC2 > Security Groups
2. Select the non-default security group that shows Used by = 0 (no network interfaces or resources)
3. Click Actions > Delete security group > Delete";KISA-ISMS-P-2023-korean: 2.10.2 | NIST-CSF-2.0: ac_5, ip_1 | ISO27001-2022: A.8.20, A.8.21, A.8.22 | AWS-Foundational-Security-Best-Practices: EC2.22 | ENS-RD2022: mp.com.1.aws.sg.3 | AWS-Foundational-Technical-Review: NETSEC-001 | AWS-Well-Architected-Framework-Security-Pillar: SEC05-BP03 | KISA-ISMS-P-2023: 2.10.2;trust-boundaries;;;;5.32.0;https://www.trendmicro.com/trendaivisiononecloudriskmanagement/knowledge-base/aws/EC2/default-security-group-unrestricted.html | https://docs.aws.amazon.com/AWSEC2/latest/UserGuide/ec2-security-groups.html;;
profile: None;2026-07-14 16:40:35.360893;213146990554;;;;;;prowler-aws-ec2_securitygroup_not_used-213146990554-ap-southeast-2-sg-091fb088c3998e4c9;aws;ec2_securitygroup_not_used;Non-default EC2 security group is in use;Software and Configuration Checks/AWS Security Best Practices;FAIL;Security group Kali Linux-2026.1-amd64-AutogenByAWSMP--3 (sg-091fb088c3998e4c9) it is not being used.;False;ec2;;low;AwsEc2SecurityGroup;arn:aws:ec2:ap-southeast-2:213146990554:security-group/sg-091fb088c3998e4c9;sg-091fb088c3998e4c9;Kali Linux-2026.1-amd64-AutogenByAWSMP--3;;aws;ap-southeast-2;EC2 security groups, except `default`, are assessed for **unused** status: zero attached network interfaces, no AWS Lambda associations, and no references from other security groups.;Orphaned security groups may later be attached with **overly permissive rules** without review, enabling unintended inbound or lateral access that compromises **confidentiality** and **integrity**. They also create **configuration drift**, increasing the chance of misapplied access controls.;;Apply **least privilege** and strong lifecycle management: delete or quarantine **unused security groups**, enforce ownership tags and retention policies, review regularly, and manage changes via IaC with approvals. Restrict who can attach groups and use guardrails to prevent reuse of stale or permissive groups.;https://hub.prowler.com/check/ec2_securitygroup_not_used;;"```hcl
# Destroy the unused non-default security group
resource ""aws_security_group"" ""<example_resource_name>"" {
  count = 0 # Critical: setting count=0 removes/destroys this unused SG
}
```";aws ec2 delete-security-group --group-id <SECURITY_GROUP_ID>;"1. In the AWS Console, go to EC2 > Security Groups
2. Select the non-default security group that shows Used by = 0 (no network interfaces or resources)
3. Click Actions > Delete security group > Delete";KISA-ISMS-P-2023-korean: 2.10.2 | NIST-CSF-2.0: ac_5, ip_1 | ISO27001-2022: A.8.20, A.8.21, A.8.22 | AWS-Foundational-Security-Best-Practices: EC2.22 | ENS-RD2022: mp.com.1.aws.sg.3 | AWS-Foundational-Technical-Review: NETSEC-001 | AWS-Well-Architected-Framework-Security-Pillar: SEC05-BP03 | KISA-ISMS-P-2023: 2.10.2;trust-boundaries;;;;5.32.0;https://www.trendmicro.com/trendaivisiononecloudriskmanagement/knowledge-base/aws/EC2/default-security-group-unrestricted.html | https://docs.aws.amazon.com/AWSEC2/latest/UserGuide/ec2-security-groups.html;;
profile: None;2026-07-14 16:40:35.360893;213146990554;;;;;;prowler-aws-ec2_securitygroup_not_used-213146990554-ap-southeast-2-sg-0f4d71516c8b2e2d3;aws;ec2_securitygroup_not_used;Non-default EC2 security group is in use;Software and Configuration Checks/AWS Security Best Practices;FAIL;Security group launch-wizard-18 (sg-0f4d71516c8b2e2d3) it is not being used.;False;ec2;;low;AwsEc2SecurityGroup;arn:aws:ec2:ap-southeast-2:213146990554:security-group/sg-0f4d71516c8b2e2d3;sg-0f4d71516c8b2e2d3;launch-wizard-18;;aws;ap-southeast-2;EC2 security groups, except `default`, are assessed for **unused** status: zero attached network interfaces, no AWS Lambda associations, and no references from other security groups.;Orphaned security groups may later be attached with **overly permissive rules** without review, enabling unintended inbound or lateral access that compromises **confidentiality** and **integrity**. They also create **configuration drift**, increasing the chance of misapplied access controls.;;Apply **least privilege** and strong lifecycle management: delete or quarantine **unused security groups**, enforce ownership tags and retention policies, review regularly, and manage changes via IaC with approvals. Restrict who can attach groups and use guardrails to prevent reuse of stale or permissive groups.;https://hub.prowler.com/check/ec2_securitygroup_not_used;;"```hcl
# Destroy the unused non-default security group
resource ""aws_security_group"" ""<example_resource_name>"" {
  count = 0 # Critical: setting count=0 removes/destroys this unused SG
}
```";aws ec2 delete-security-group --group-id <SECURITY_GROUP_ID>;"1. In the AWS Console, go to EC2 > Security Groups
2. Select the non-default security group that shows Used by = 0 (no network interfaces or resources)
3. Click Actions > Delete security group > Delete";KISA-ISMS-P-2023-korean: 2.10.2 | NIST-CSF-2.0: ac_5, ip_1 | ISO27001-2022: A.8.20, A.8.21, A.8.22 | AWS-Foundational-Security-Best-Practices: EC2.22 | ENS-RD2022: mp.com.1.aws.sg.3 | AWS-Foundational-Technical-Review: NETSEC-001 | AWS-Well-Architected-Framework-Security-Pillar: SEC05-BP03 | KISA-ISMS-P-2023: 2.10.2;trust-boundaries;;;;5.32.0;https://www.trendmicro.com/trendaivisiononecloudriskmanagement/knowledge-base/aws/EC2/default-security-group-unrestricted.html | https://docs.aws.amazon.com/AWSEC2/latest/UserGuide/ec2-security-groups.html;;
profile: None;2026-07-14 16:40:35.360893;213146990554;;;;;;prowler-aws-ec2_securitygroup_not_used-213146990554-ap-southeast-2-sg-08acc1093fd79a732;aws;ec2_securitygroup_not_used;Non-default EC2 security group is in use;Software and Configuration Checks/AWS Security Best Practices;FAIL;Security group launch-wizard-6 (sg-08acc1093fd79a732) it is not being used.;False;ec2;;low;AwsEc2SecurityGroup;arn:aws:ec2:ap-southeast-2:213146990554:security-group/sg-08acc1093fd79a732;sg-08acc1093fd79a732;launch-wizard-6;;aws;ap-southeast-2;EC2 security groups, except `default`, are assessed for **unused** status: zero attached network interfaces, no AWS Lambda associations, and no references from other security groups.;Orphaned security groups may later be attached with **overly permissive rules** without review, enabling unintended inbound or lateral access that compromises **confidentiality** and **integrity**. They also create **configuration drift**, increasing the chance of misapplied access controls.;;Apply **least privilege** and strong lifecycle management: delete or quarantine **unused security groups**, enforce ownership tags and retention policies, review regularly, and manage changes via IaC with approvals. Restrict who can attach groups and use guardrails to prevent reuse of stale or permissive groups.;https://hub.prowler.com/check/ec2_securitygroup_not_used;;"```hcl
# Destroy the unused non-default security group
resource ""aws_security_group"" ""<example_resource_name>"" {
  count = 0 # Critical: setting count=0 removes/destroys this unused SG
}
```";aws ec2 delete-security-group --group-id <SECURITY_GROUP_ID>;"1. In the AWS Console, go to EC2 > Security Groups
2. Select the non-default security group that shows Used by = 0 (no network interfaces or resources)
3. Click Actions > Delete security group > Delete";KISA-ISMS-P-2023-korean: 2.10.2 | NIST-CSF-2.0: ac_5, ip_1 | ISO27001-2022: A.8.20, A.8.21, A.8.22 | AWS-Foundational-Security-Best-Practices: EC2.22 | ENS-RD2022: mp.com.1.aws.sg.3 | AWS-Foundational-Technical-Review: NETSEC-001 | AWS-Well-Architected-Framework-Security-Pillar: SEC05-BP03 | KISA-ISMS-P-2023: 2.10.2;trust-boundaries;;;;5.32.0;https://www.trendmicro.com/trendaivisiononecloudriskmanagement/knowledge-base/aws/EC2/default-security-group-unrestricted.html | https://docs.aws.amazon.com/AWSEC2/latest/UserGuide/ec2-security-groups.html;;
profile: None;2026-07-14 16:40:35.360893;213146990554;;;;;;prowler-aws-ec2_securitygroup_not_used-213146990554-ap-southeast-2-sg-0de6d2a27e144ae35;aws;ec2_securitygroup_not_used;Non-default EC2 security group is in use;Software and Configuration Checks/AWS Security Best Practices;FAIL;Security group launch-wizard-27 (sg-0de6d2a27e144ae35) it is not being used.;False;ec2;;low;AwsEc2SecurityGroup;arn:aws:ec2:ap-southeast-2:213146990554:security-group/sg-0de6d2a27e144ae35;sg-0de6d2a27e144ae35;launch-wizard-27;;aws;ap-southeast-2;EC2 security groups, except `default`, are assessed for **unused** status: zero attached network interfaces, no AWS Lambda associations, and no references from other security groups.;Orphaned security groups may later be attached with **overly permissive rules** without review, enabling unintended inbound or lateral access that compromises **confidentiality** and **integrity**. They also create **configuration drift**, increasing the chance of misapplied access controls.;;Apply **least privilege** and strong lifecycle management: delete or quarantine **unused security groups**, enforce ownership tags and retention policies, review regularly, and manage changes via IaC with approvals. Restrict who can attach groups and use guardrails to prevent reuse of stale or permissive groups.;https://hub.prowler.com/check/ec2_securitygroup_not_used;;"```hcl
# Destroy the unused non-default security group
resource ""aws_security_group"" ""<example_resource_name>"" {
  count = 0 # Critical: setting count=0 removes/destroys this unused SG
}
```";aws ec2 delete-security-group --group-id <SECURITY_GROUP_ID>;"1. In the AWS Console, go to EC2 > Security Groups
2. Select the non-default security group that shows Used by = 0 (no network interfaces or resources)
3. Click Actions > Delete security group > Delete";KISA-ISMS-P-2023-korean: 2.10.2 | NIST-CSF-2.0: ac_5, ip_1 | ISO27001-2022: A.8.20, A.8.21, A.8.22 | AWS-Foundational-Security-Best-Practices: EC2.22 | ENS-RD2022: mp.com.1.aws.sg.3 | AWS-Foundational-Technical-Review: NETSEC-001 | AWS-Well-Architected-Framework-Security-Pillar: SEC05-BP03 | KISA-ISMS-P-2023: 2.10.2;trust-boundaries;;;;5.32.0;https://www.trendmicro.com/trendaivisiononecloudriskmanagement/knowledge-base/aws/EC2/default-security-group-unrestricted.html | https://docs.aws.amazon.com/AWSEC2/latest/UserGuide/ec2-security-groups.html;;
profile: None;2026-07-14 16:40:35.360893;213146990554;;;;;;prowler-aws-ec2_securitygroup_not_used-213146990554-ap-southeast-2-sg-0c41cea7345a9798c;aws;ec2_securitygroup_not_used;Non-default EC2 security group is in use;Software and Configuration Checks/AWS Security Best Practices;FAIL;Security group launch-wizard-26 (sg-0c41cea7345a9798c) it is not being used.;False;ec2;;low;AwsEc2SecurityGroup;arn:aws:ec2:ap-southeast-2:213146990554:security-group/sg-0c41cea7345a9798c;sg-0c41cea7345a9798c;launch-wizard-26;;aws;ap-southeast-2;EC2 security groups, except `default`, are assessed for **unused** status: zero attached network interfaces, no AWS Lambda associations, and no references from other security groups.;Orphaned security groups may later be attached with **overly permissive rules** without review, enabling unintended inbound or lateral access that compromises **confidentiality** and **integrity**. They also create **configuration drift**, increasing the chance of misapplied access controls.;;Apply **least privilege** and strong lifecycle management: delete or quarantine **unused security groups**, enforce ownership tags and retention policies, review regularly, and manage changes via IaC with approvals. Restrict who can attach groups and use guardrails to prevent reuse of stale or permissive groups.;https://hub.prowler.com/check/ec2_securitygroup_not_used;;"```hcl
# Destroy the unused non-default security group
resource ""aws_security_group"" ""<example_resource_name>"" {
  count = 0 # Critical: setting count=0 removes/destroys this unused SG
}
```";aws ec2 delete-security-group --group-id <SECURITY_GROUP_ID>;"1. In the AWS Console, go to EC2 > Security Groups
2. Select the non-default security group that shows Used by = 0 (no network interfaces or resources)
3. Click Actions > Delete security group > Delete";KISA-ISMS-P-2023-korean: 2.10.2 | NIST-CSF-2.0: ac_5, ip_1 | ISO27001-2022: A.8.20, A.8.21, A.8.22 | AWS-Foundational-Security-Best-Practices: EC2.22 | ENS-RD2022: mp.com.1.aws.sg.3 | AWS-Foundational-Technical-Review: NETSEC-001 | AWS-Well-Architected-Framework-Security-Pillar: SEC05-BP03 | KISA-ISMS-P-2023: 2.10.2;trust-boundaries;;;;5.32.0;https://www.trendmicro.com/trendaivisiononecloudriskmanagement/knowledge-base/aws/EC2/default-security-group-unrestricted.html | https://docs.aws.amazon.com/AWSEC2/latest/UserGuide/ec2-security-groups.html;;
profile: None;2026-07-14 16:40:35.360893;213146990554;;;;;;prowler-aws-ec2_securitygroup_not_used-213146990554-ap-southeast-2-sg-045790af312b78364;aws;ec2_securitygroup_not_used;Non-default EC2 security group is in use;Software and Configuration Checks/AWS Security Best Practices;FAIL;Security group launch-wizard-23 (sg-045790af312b78364) it is not being used.;False;ec2;;low;AwsEc2SecurityGroup;arn:aws:ec2:ap-southeast-2:213146990554:security-group/sg-045790af312b78364;sg-045790af312b78364;launch-wizard-23;;aws;ap-southeast-2;EC2 security groups, except `default`, are assessed for **unused** status: zero attached network interfaces, no AWS Lambda associations, and no references from other security groups.;Orphaned security groups may later be attached with **overly permissive rules** without review, enabling unintended inbound or lateral access that compromises **confidentiality** and **integrity**. They also create **configuration drift**, increasing the chance of misapplied access controls.;;Apply **least privilege** and strong lifecycle management: delete or quarantine **unused security groups**, enforce ownership tags and retention policies, review regularly, and manage changes via IaC with approvals. Restrict who can attach groups and use guardrails to prevent reuse of stale or permissive groups.;https://hub.prowler.com/check/ec2_securitygroup_not_used;;"```hcl
# Destroy the unused non-default security group
resource ""aws_security_group"" ""<example_resource_name>"" {
  count = 0 # Critical: setting count=0 removes/destroys this unused SG
}
```";aws ec2 delete-security-group --group-id <SECURITY_GROUP_ID>;"1. In the AWS Console, go to EC2 > Security Groups
2. Select the non-default security group that shows Used by = 0 (no network interfaces or resources)
3. Click Actions > Delete security group > Delete";KISA-ISMS-P-2023-korean: 2.10.2 | NIST-CSF-2.0: ac_5, ip_1 | ISO27001-2022: A.8.20, A.8.21, A.8.22 | AWS-Foundational-Security-Best-Practices: EC2.22 | ENS-RD2022: mp.com.1.aws.sg.3 | AWS-Foundational-Technical-Review: NETSEC-001 | AWS-Well-Architected-Framework-Security-Pillar: SEC05-BP03 | KISA-ISMS-P-2023: 2.10.2;trust-boundaries;;;;5.32.0;https://www.trendmicro.com/trendaivisiononecloudriskmanagement/knowledge-base/aws/EC2/default-security-group-unrestricted.html | https://docs.aws.amazon.com/AWSEC2/latest/UserGuide/ec2-security-groups.html;;
profile: None;2026-07-14 16:40:35.360893;213146990554;;;;;;prowler-aws-ec2_securitygroup_not_used-213146990554-ap-southeast-2-sg-04fcbe519245d2d53;aws;ec2_securitygroup_not_used;Non-default EC2 security group is in use;Software and Configuration Checks/AWS Security Best Practices;FAIL;Security group launch-wizard-20 (sg-04fcbe519245d2d53) it is not being used.;False;ec2;;low;AwsEc2SecurityGroup;arn:aws:ec2:ap-southeast-2:213146990554:security-group/sg-04fcbe519245d2d53;sg-04fcbe519245d2d53;launch-wizard-20;;aws;ap-southeast-2;EC2 security groups, except `default`, are assessed for **unused** status: zero attached network interfaces, no AWS Lambda associations, and no references from other security groups.;Orphaned security groups may later be attached with **overly permissive rules** without review, enabling unintended inbound or lateral access that compromises **confidentiality** and **integrity**. They also create **configuration drift**, increasing the chance of misapplied access controls.;;Apply **least privilege** and strong lifecycle management: delete or quarantine **unused security groups**, enforce ownership tags and retention policies, review regularly, and manage changes via IaC with approvals. Restrict who can attach groups and use guardrails to prevent reuse of stale or permissive groups.;https://hub.prowler.com/check/ec2_securitygroup_not_used;;"```hcl
# Destroy the unused non-default security group
resource ""aws_security_group"" ""<example_resource_name>"" {
  count = 0 # Critical: setting count=0 removes/destroys this unused SG
}
```";aws ec2 delete-security-group --group-id <SECURITY_GROUP_ID>;"1. In the AWS Console, go to EC2 > Security Groups
2. Select the non-default security group that shows Used by = 0 (no network interfaces or resources)
3. Click Actions > Delete security group > Delete";KISA-ISMS-P-2023-korean: 2.10.2 | NIST-CSF-2.0: ac_5, ip_1 | ISO27001-2022: A.8.20, A.8.21, A.8.22 | AWS-Foundational-Security-Best-Practices: EC2.22 | ENS-RD2022: mp.com.1.aws.sg.3 | AWS-Foundational-Technical-Review: NETSEC-001 | AWS-Well-Architected-Framework-Security-Pillar: SEC05-BP03 | KISA-ISMS-P-2023: 2.10.2;trust-boundaries;;;;5.32.0;https://www.trendmicro.com/trendaivisiononecloudriskmanagement/knowledge-base/aws/EC2/default-security-group-unrestricted.html | https://docs.aws.amazon.com/AWSEC2/latest/UserGuide/ec2-security-groups.html;;
profile: None;2026-07-14 16:40:35.360893;213146990554;;;;;;prowler-aws-ec2_securitygroup_not_used-213146990554-ap-southeast-2-sg-080e0a6bfdfded924;aws;ec2_securitygroup_not_used;Non-default EC2 security group is in use;Software and Configuration Checks/AWS Security Best Practices;FAIL;Security group launch-wizard-29 (sg-080e0a6bfdfded924) it is not being used.;False;ec2;;low;AwsEc2SecurityGroup;arn:aws:ec2:ap-southeast-2:213146990554:security-group/sg-080e0a6bfdfded924;sg-080e0a6bfdfded924;launch-wizard-29;;aws;ap-southeast-2;EC2 security groups, except `default`, are assessed for **unused** status: zero attached network interfaces, no AWS Lambda associations, and no references from other security groups.;Orphaned security groups may later be attached with **overly permissive rules** without review, enabling unintended inbound or lateral access that compromises **confidentiality** and **integrity**. They also create **configuration drift**, increasing the chance of misapplied access controls.;;Apply **least privilege** and strong lifecycle management: delete or quarantine **unused security groups**, enforce ownership tags and retention policies, review regularly, and manage changes via IaC with approvals. Restrict who can attach groups and use guardrails to prevent reuse of stale or permissive groups.;https://hub.prowler.com/check/ec2_securitygroup_not_used;;"```hcl
# Destroy the unused non-default security group
resource ""aws_security_group"" ""<example_resource_name>"" {
  count = 0 # Critical: setting count=0 removes/destroys this unused SG
}
```";aws ec2 delete-security-group --group-id <SECURITY_GROUP_ID>;"1. In the AWS Console, go to EC2 > Security Groups
2. Select the non-default security group that shows Used by = 0 (no network interfaces or resources)
3. Click Actions > Delete security group > Delete";KISA-ISMS-P-2023-korean: 2.10.2 | NIST-CSF-2.0: ac_5, ip_1 | ISO27001-2022: A.8.20, A.8.21, A.8.22 | AWS-Foundational-Security-Best-Practices: EC2.22 | ENS-RD2022: mp.com.1.aws.sg.3 | AWS-Foundational-Technical-Review: NETSEC-001 | AWS-Well-Architected-Framework-Security-Pillar: SEC05-BP03 | KISA-ISMS-P-2023: 2.10.2;trust-boundaries;;;;5.32.0;https://www.trendmicro.com/trendaivisiononecloudriskmanagement/knowledge-base/aws/EC2/default-security-group-unrestricted.html | https://docs.aws.amazon.com/AWSEC2/latest/UserGuide/ec2-security-groups.html;;
profile: None;2026-07-14 16:40:35.360893;213146990554;;;;;;prowler-aws-ec2_securitygroup_not_used-213146990554-ap-southeast-2-sg-0ffe3f16ec9186f36;aws;ec2_securitygroup_not_used;Non-default EC2 security group is in use;Software and Configuration Checks/AWS Security Best Practices;FAIL;Security group launch-wizard-8 (sg-0ffe3f16ec9186f36) it is not being used.;False;ec2;;low;AwsEc2SecurityGroup;arn:aws:ec2:ap-southeast-2:213146990554:security-group/sg-0ffe3f16ec9186f36;sg-0ffe3f16ec9186f36;launch-wizard-8;;aws;ap-southeast-2;EC2 security groups, except `default`, are assessed for **unused** status: zero attached network interfaces, no AWS Lambda associations, and no references from other security groups.;Orphaned security groups may later be attached with **overly permissive rules** without review, enabling unintended inbound or lateral access that compromises **confidentiality** and **integrity**. They also create **configuration drift**, increasing the chance of misapplied access controls.;;Apply **least privilege** and strong lifecycle management: delete or quarantine **unused security groups**, enforce ownership tags and retention policies, review regularly, and manage changes via IaC with approvals. Restrict who can attach groups and use guardrails to prevent reuse of stale or permissive groups.;https://hub.prowler.com/check/ec2_securitygroup_not_used;;"```hcl
# Destroy the unused non-default security group
resource ""aws_security_group"" ""<example_resource_name>"" {
  count = 0 # Critical: setting count=0 removes/destroys this unused SG
}
```";aws ec2 delete-security-group --group-id <SECURITY_GROUP_ID>;"1. In the AWS Console, go to EC2 > Security Groups
2. Select the non-default security group that shows Used by = 0 (no network interfaces or resources)
3. Click Actions > Delete security group > Delete";KISA-ISMS-P-2023-korean: 2.10.2 | NIST-CSF-2.0: ac_5, ip_1 | ISO27001-2022: A.8.20, A.8.21, A.8.22 | AWS-Foundational-Security-Best-Practices: EC2.22 | ENS-RD2022: mp.com.1.aws.sg.3 | AWS-Foundational-Technical-Review: NETSEC-001 | AWS-Well-Architected-Framework-Security-Pillar: SEC05-BP03 | KISA-ISMS-P-2023: 2.10.2;trust-boundaries;;;;5.32.0;https://www.trendmicro.com/trendaivisiononecloudriskmanagement/knowledge-base/aws/EC2/default-security-group-unrestricted.html | https://docs.aws.amazon.com/AWSEC2/latest/UserGuide/ec2-security-groups.html;;
profile: None;2026-07-14 16:40:35.360893;213146990554;;;;;;prowler-aws-ec2_securitygroup_not_used-213146990554-ap-southeast-2-sg-02ddfdb7c2274ed3b;aws;ec2_securitygroup_not_used;Non-default EC2 security group is in use;Software and Configuration Checks/AWS Security Best Practices;FAIL;Security group Kali Linux-2026.1-amd64-AutogenByAWSMP--5 (sg-02ddfdb7c2274ed3b) it is not being used.;False;ec2;;low;AwsEc2SecurityGroup;arn:aws:ec2:ap-southeast-2:213146990554:security-group/sg-02ddfdb7c2274ed3b;sg-02ddfdb7c2274ed3b;Kali Linux-2026.1-amd64-AutogenByAWSMP--5;;aws;ap-southeast-2;EC2 security groups, except `default`, are assessed for **unused** status: zero attached network interfaces, no AWS Lambda associations, and no references from other security groups.;Orphaned security groups may later be attached with **overly permissive rules** without review, enabling unintended inbound or lateral access that compromises **confidentiality** and **integrity**. They also create **configuration drift**, increasing the chance of misapplied access controls.;;Apply **least privilege** and strong lifecycle management: delete or quarantine **unused security groups**, enforce ownership tags and retention policies, review regularly, and manage changes via IaC with approvals. Restrict who can attach groups and use guardrails to prevent reuse of stale or permissive groups.;https://hub.prowler.com/check/ec2_securitygroup_not_used;;"```hcl
# Destroy the unused non-default security group
resource ""aws_security_group"" ""<example_resource_name>"" {
  count = 0 # Critical: setting count=0 removes/destroys this unused SG
}
```";aws ec2 delete-security-group --group-id <SECURITY_GROUP_ID>;"1. In the AWS Console, go to EC2 > Security Groups
2. Select the non-default security group that shows Used by = 0 (no network interfaces or resources)
3. Click Actions > Delete security group > Delete";KISA-ISMS-P-2023-korean: 2.10.2 | NIST-CSF-2.0: ac_5, ip_1 | ISO27001-2022: A.8.20, A.8.21, A.8.22 | AWS-Foundational-Security-Best-Practices: EC2.22 | ENS-RD2022: mp.com.1.aws.sg.3 | AWS-Foundational-Technical-Review: NETSEC-001 | AWS-Well-Architected-Framework-Security-Pillar: SEC05-BP03 | KISA-ISMS-P-2023: 2.10.2;trust-boundaries;;;;5.32.0;https://www.trendmicro.com/trendaivisiononecloudriskmanagement/knowledge-base/aws/EC2/default-security-group-unrestricted.html | https://docs.aws.amazon.com/AWSEC2/latest/UserGuide/ec2-security-groups.html;;
profile: None;2026-07-14 16:40:35.360893;213146990554;;;;;;prowler-aws-ec2_securitygroup_not_used-213146990554-ap-southeast-2-sg-047f254a8ebdbbf30;aws;ec2_securitygroup_not_used;Non-default EC2 security group is in use;Software and Configuration Checks/AWS Security Best Practices;FAIL;Security group launch-wizard-4 (sg-047f254a8ebdbbf30) it is not being used.;False;ec2;;low;AwsEc2SecurityGroup;arn:aws:ec2:ap-southeast-2:213146990554:security-group/sg-047f254a8ebdbbf30;sg-047f254a8ebdbbf30;launch-wizard-4;;aws;ap-southeast-2;EC2 security groups, except `default`, are assessed for **unused** status: zero attached network interfaces, no AWS Lambda associations, and no references from other security groups.;Orphaned security groups may later be attached with **overly permissive rules** without review, enabling unintended inbound or lateral access that compromises **confidentiality** and **integrity**. They also create **configuration drift**, increasing the chance of misapplied access controls.;;Apply **least privilege** and strong lifecycle management: delete or quarantine **unused security groups**, enforce ownership tags and retention policies, review regularly, and manage changes via IaC with approvals. Restrict who can attach groups and use guardrails to prevent reuse of stale or permissive groups.;https://hub.prowler.com/check/ec2_securitygroup_not_used;;"```hcl
# Destroy the unused non-default security group
resource ""aws_security_group"" ""<example_resource_name>"" {
  count = 0 # Critical: setting count=0 removes/destroys this unused SG
}
```";aws ec2 delete-security-group --group-id <SECURITY_GROUP_ID>;"1. In the AWS Console, go to EC2 > Security Groups
2. Select the non-default security group that shows Used by = 0 (no network interfaces or resources)
3. Click Actions > Delete security group > Delete";KISA-ISMS-P-2023-korean: 2.10.2 | NIST-CSF-2.0: ac_5, ip_1 | ISO27001-2022: A.8.20, A.8.21, A.8.22 | AWS-Foundational-Security-Best-Practices: EC2.22 | ENS-RD2022: mp.com.1.aws.sg.3 | AWS-Foundational-Technical-Review: NETSEC-001 | AWS-Well-Architected-Framework-Security-Pillar: SEC05-BP03 | KISA-ISMS-P-2023: 2.10.2;trust-boundaries;;;;5.32.0;https://www.trendmicro.com/trendaivisiononecloudriskmanagement/knowledge-base/aws/EC2/default-security-group-unrestricted.html | https://docs.aws.amazon.com/AWSEC2/latest/UserGuide/ec2-security-groups.html;;
profile: None;2026-07-14 16:40:35.360893;213146990554;;;;;;prowler-aws-ec2_securitygroup_not_used-213146990554-ap-southeast-2-sg-060a180310cc93e3a;aws;ec2_securitygroup_not_used;Non-default EC2 security group is in use;Software and Configuration Checks/AWS Security Best Practices;FAIL;Security group launch-wizard-1 (sg-060a180310cc93e3a) it is not being used.;False;ec2;;low;AwsEc2SecurityGroup;arn:aws:ec2:ap-southeast-2:213146990554:security-group/sg-060a180310cc93e3a;sg-060a180310cc93e3a;launch-wizard-1;;aws;ap-southeast-2;EC2 security groups, except `default`, are assessed for **unused** status: zero attached network interfaces, no AWS Lambda associations, and no references from other security groups.;Orphaned security groups may later be attached with **overly permissive rules** without review, enabling unintended inbound or lateral access that compromises **confidentiality** and **integrity**. They also create **configuration drift**, increasing the chance of misapplied access controls.;;Apply **least privilege** and strong lifecycle management: delete or quarantine **unused security groups**, enforce ownership tags and retention policies, review regularly, and manage changes via IaC with approvals. Restrict who can attach groups and use guardrails to prevent reuse of stale or permissive groups.;https://hub.prowler.com/check/ec2_securitygroup_not_used;;"```hcl
# Destroy the unused non-default security group
resource ""aws_security_group"" ""<example_resource_name>"" {
  count = 0 # Critical: setting count=0 removes/destroys this unused SG
}
```";aws ec2 delete-security-group --group-id <SECURITY_GROUP_ID>;"1. In the AWS Console, go to EC2 > Security Groups
2. Select the non-default security group that shows Used by = 0 (no network interfaces or resources)
3. Click Actions > Delete security group > Delete";KISA-ISMS-P-2023-korean: 2.10.2 | NIST-CSF-2.0: ac_5, ip_1 | ISO27001-2022: A.8.20, A.8.21, A.8.22 | AWS-Foundational-Security-Best-Practices: EC2.22 | ENS-RD2022: mp.com.1.aws.sg.3 | AWS-Foundational-Technical-Review: NETSEC-001 | AWS-Well-Architected-Framework-Security-Pillar: SEC05-BP03 | KISA-ISMS-P-2023: 2.10.2;trust-boundaries;;;;5.32.0;https://www.trendmicro.com/trendaivisiononecloudriskmanagement/knowledge-base/aws/EC2/default-security-group-unrestricted.html | https://docs.aws.amazon.com/AWSEC2/latest/UserGuide/ec2-security-groups.html;;
profile: None;2026-07-14 16:40:35.360893;213146990554;;;;;;prowler-aws-ec2_securitygroup_not_used-213146990554-ap-southeast-2-sg-06d75823ce655fc42;aws;ec2_securitygroup_not_used;Non-default EC2 security group is in use;Software and Configuration Checks/AWS Security Best Practices;FAIL;Security group launch-wizard-5 (sg-06d75823ce655fc42) it is not being used.;False;ec2;;low;AwsEc2SecurityGroup;arn:aws:ec2:ap-southeast-2:213146990554:security-group/sg-06d75823ce655fc42;sg-06d75823ce655fc42;launch-wizard-5;;aws;ap-southeast-2;EC2 security groups, except `default`, are assessed for **unused** status: zero attached network interfaces, no AWS Lambda associations, and no references from other security groups.;Orphaned security groups may later be attached with **overly permissive rules** without review, enabling unintended inbound or lateral access that compromises **confidentiality** and **integrity**. They also create **configuration drift**, increasing the chance of misapplied access controls.;;Apply **least privilege** and strong lifecycle management: delete or quarantine **unused security groups**, enforce ownership tags and retention policies, review regularly, and manage changes via IaC with approvals. Restrict who can attach groups and use guardrails to prevent reuse of stale or permissive groups.;https://hub.prowler.com/check/ec2_securitygroup_not_used;;"```hcl
# Destroy the unused non-default security group
resource ""aws_security_group"" ""<example_resource_name>"" {
  count = 0 # Critical: setting count=0 removes/destroys this unused SG
}
```";aws ec2 delete-security-group --group-id <SECURITY_GROUP_ID>;"1. In the AWS Console, go to EC2 > Security Groups
2. Select the non-default security group that shows Used by = 0 (no network interfaces or resources)
3. Click Actions > Delete security group > Delete";KISA-ISMS-P-2023-korean: 2.10.2 | NIST-CSF-2.0: ac_5, ip_1 | ISO27001-2022: A.8.20, A.8.21, A.8.22 | AWS-Foundational-Security-Best-Practices: EC2.22 | ENS-RD2022: mp.com.1.aws.sg.3 | AWS-Foundational-Technical-Review: NETSEC-001 | AWS-Well-Architected-Framework-Security-Pillar: SEC05-BP03 | KISA-ISMS-P-2023: 2.10.2;trust-boundaries;;;;5.32.0;https://www.trendmicro.com/trendaivisiononecloudriskmanagement/knowledge-base/aws/EC2/default-security-group-unrestricted.html | https://docs.aws.amazon.com/AWSEC2/latest/UserGuide/ec2-security-groups.html;;
profile: None;2026-07-14 16:40:35.360893;213146990554;;;;;;prowler-aws-ec2_securitygroup_not_used-213146990554-ap-southeast-2-sg-0b3f5038592545c0e;aws;ec2_securitygroup_not_used;Non-default EC2 security group is in use;Software and Configuration Checks/AWS Security Best Practices;FAIL;Security group launch-wizard-22 (sg-0b3f5038592545c0e) it is not being used.;False;ec2;;low;AwsEc2SecurityGroup;arn:aws:ec2:ap-southeast-2:213146990554:security-group/sg-0b3f5038592545c0e;sg-0b3f5038592545c0e;launch-wizard-22;;aws;ap-southeast-2;EC2 security groups, except `default`, are assessed for **unused** status: zero attached network interfaces, no AWS Lambda associations, and no references from other security groups.;Orphaned security groups may later be attached with **overly permissive rules** without review, enabling unintended inbound or lateral access that compromises **confidentiality** and **integrity**. They also create **configuration drift**, increasing the chance of misapplied access controls.;;Apply **least privilege** and strong lifecycle management: delete or quarantine **unused security groups**, enforce ownership tags and retention policies, review regularly, and manage changes via IaC with approvals. Restrict who can attach groups and use guardrails to prevent reuse of stale or permissive groups.;https://hub.prowler.com/check/ec2_securitygroup_not_used;;"```hcl
# Destroy the unused non-default security group
resource ""aws_security_group"" ""<example_resource_name>"" {
  count = 0 # Critical: setting count=0 removes/destroys this unused SG
}
```";aws ec2 delete-security-group --group-id <SECURITY_GROUP_ID>;"1. In the AWS Console, go to EC2 > Security Groups
2. Select the non-default security group that shows Used by = 0 (no network interfaces or resources)
3. Click Actions > Delete security group > Delete";KISA-ISMS-P-2023-korean: 2.10.2 | NIST-CSF-2.0: ac_5, ip_1 | ISO27001-2022: A.8.20, A.8.21, A.8.22 | AWS-Foundational-Security-Best-Practices: EC2.22 | ENS-RD2022: mp.com.1.aws.sg.3 | AWS-Foundational-Technical-Review: NETSEC-001 | AWS-Well-Architected-Framework-Security-Pillar: SEC05-BP03 | KISA-ISMS-P-2023: 2.10.2;trust-boundaries;;;;5.32.0;https://www.trendmicro.com/trendaivisiononecloudriskmanagement/knowledge-base/aws/EC2/default-security-group-unrestricted.html | https://docs.aws.amazon.com/AWSEC2/latest/UserGuide/ec2-security-groups.html;;
profile: None;2026-07-14 16:40:35.360893;213146990554;;;;;;prowler-aws-ec2_securitygroup_not_used-213146990554-ap-southeast-2-sg-008231ea5552078ba;aws;ec2_securitygroup_not_used;Non-default EC2 security group is in use;Software and Configuration Checks/AWS Security Best Practices;FAIL;Security group launch-wizard-30 (sg-008231ea5552078ba) it is not being used.;False;ec2;;low;AwsEc2SecurityGroup;arn:aws:ec2:ap-southeast-2:213146990554:security-group/sg-008231ea5552078ba;sg-008231ea5552078ba;launch-wizard-30;;aws;ap-southeast-2;EC2 security groups, except `default`, are assessed for **unused** status: zero attached network interfaces, no AWS Lambda associations, and no references from other security groups.;Orphaned security groups may later be attached with **overly permissive rules** without review, enabling unintended inbound or lateral access that compromises **confidentiality** and **integrity**. They also create **configuration drift**, increasing the chance of misapplied access controls.;;Apply **least privilege** and strong lifecycle management: delete or quarantine **unused security groups**, enforce ownership tags and retention policies, review regularly, and manage changes via IaC with approvals. Restrict who can attach groups and use guardrails to prevent reuse of stale or permissive groups.;https://hub.prowler.com/check/ec2_securitygroup_not_used;;"```hcl
# Destroy the unused non-default security group
resource ""aws_security_group"" ""<example_resource_name>"" {
  count = 0 # Critical: setting count=0 removes/destroys this unused SG
}
```";aws ec2 delete-security-group --group-id <SECURITY_GROUP_ID>;"1. In the AWS Console, go to EC2 > Security Groups
2. Select the non-default security group that shows Used by = 0 (no network interfaces or resources)
3. Click Actions > Delete security group > Delete";KISA-ISMS-P-2023-korean: 2.10.2 | NIST-CSF-2.0: ac_5, ip_1 | ISO27001-2022: A.8.20, A.8.21, A.8.22 | AWS-Foundational-Security-Best-Practices: EC2.22 | ENS-RD2022: mp.com.1.aws.sg.3 | AWS-Foundational-Technical-Review: NETSEC-001 | AWS-Well-Architected-Framework-Security-Pillar: SEC05-BP03 | KISA-ISMS-P-2023: 2.10.2;trust-boundaries;;;;5.32.0;https://www.trendmicro.com/trendaivisiononecloudriskmanagement/knowledge-base/aws/EC2/default-security-group-unrestricted.html | https://docs.aws.amazon.com/AWSEC2/latest/UserGuide/ec2-security-groups.html;;
profile: None;2026-07-14 16:40:35.360893;213146990554;;;;;;prowler-aws-ec2_securitygroup_not_used-213146990554-ap-southeast-2-sg-0edc7e028df8de3e9;aws;ec2_securitygroup_not_used;Non-default EC2 security group is in use;Software and Configuration Checks/AWS Security Best Practices;FAIL;Security group Kali Linux-2026.1-amd64-AutogenByAWSMP--2 (sg-0edc7e028df8de3e9) it is not being used.;False;ec2;;low;AwsEc2SecurityGroup;arn:aws:ec2:ap-southeast-2:213146990554:security-group/sg-0edc7e028df8de3e9;sg-0edc7e028df8de3e9;Kali Linux-2026.1-amd64-AutogenByAWSMP--2;;aws;ap-southeast-2;EC2 security groups, except `default`, are assessed for **unused** status: zero attached network interfaces, no AWS Lambda associations, and no references from other security groups.;Orphaned security groups may later be attached with **overly permissive rules** without review, enabling unintended inbound or lateral access that compromises **confidentiality** and **integrity**. They also create **configuration drift**, increasing the chance of misapplied access controls.;;Apply **least privilege** and strong lifecycle management: delete or quarantine **unused security groups**, enforce ownership tags and retention policies, review regularly, and manage changes via IaC with approvals. Restrict who can attach groups and use guardrails to prevent reuse of stale or permissive groups.;https://hub.prowler.com/check/ec2_securitygroup_not_used;;"```hcl
# Destroy the unused non-default security group
resource ""aws_security_group"" ""<example_resource_name>"" {
  count = 0 # Critical: setting count=0 removes/destroys this unused SG
}
```";aws ec2 delete-security-group --group-id <SECURITY_GROUP_ID>;"1. In the AWS Console, go to EC2 > Security Groups
2. Select the non-default security group that shows Used by = 0 (no network interfaces or resources)
3. Click Actions > Delete security group > Delete";KISA-ISMS-P-2023-korean: 2.10.2 | NIST-CSF-2.0: ac_5, ip_1 | ISO27001-2022: A.8.20, A.8.21, A.8.22 | AWS-Foundational-Security-Best-Practices: EC2.22 | ENS-RD2022: mp.com.1.aws.sg.3 | AWS-Foundational-Technical-Review: NETSEC-001 | AWS-Well-Architected-Framework-Security-Pillar: SEC05-BP03 | KISA-ISMS-P-2023: 2.10.2;trust-boundaries;;;;5.32.0;https://www.trendmicro.com/trendaivisiononecloudriskmanagement/knowledge-base/aws/EC2/default-security-group-unrestricted.html | https://docs.aws.amazon.com/AWSEC2/latest/UserGuide/ec2-security-groups.html;;
profile: None;2026-07-14 16:40:35.360893;213146990554;;;;;;prowler-aws-ec2_securitygroup_not_used-213146990554-ap-southeast-2-sg-03f34a362761817bd;aws;ec2_securitygroup_not_used;Non-default EC2 security group is in use;Software and Configuration Checks/AWS Security Best Practices;FAIL;Security group Kali Linux-2025.2-amd64-AutogenByAWSMP--1 (sg-03f34a362761817bd) it is not being used.;False;ec2;;low;AwsEc2SecurityGroup;arn:aws:ec2:ap-southeast-2:213146990554:security-group/sg-03f34a362761817bd;sg-03f34a362761817bd;Kali Linux-2025.2-amd64-AutogenByAWSMP--1;;aws;ap-southeast-2;EC2 security groups, except `default`, are assessed for **unused** status: zero attached network interfaces, no AWS Lambda associations, and no references from other security groups.;Orphaned security groups may later be attached with **overly permissive rules** without review, enabling unintended inbound or lateral access that compromises **confidentiality** and **integrity**. They also create **configuration drift**, increasing the chance of misapplied access controls.;;Apply **least privilege** and strong lifecycle management: delete or quarantine **unused security groups**, enforce ownership tags and retention policies, review regularly, and manage changes via IaC with approvals. Restrict who can attach groups and use guardrails to prevent reuse of stale or permissive groups.;https://hub.prowler.com/check/ec2_securitygroup_not_used;;"```hcl
# Destroy the unused non-default security group
resource ""aws_security_group"" ""<example_resource_name>"" {
  count = 0 # Critical: setting count=0 removes/destroys this unused SG
}
```";aws ec2 delete-security-group --group-id <SECURITY_GROUP_ID>;"1. In the AWS Console, go to EC2 > Security Groups
2. Select the non-default security group that shows Used by = 0 (no network interfaces or resources)
3. Click Actions > Delete security group > Delete";KISA-ISMS-P-2023-korean: 2.10.2 | NIST-CSF-2.0: ac_5, ip_1 | ISO27001-2022: A.8.20, A.8.21, A.8.22 | AWS-Foundational-Security-Best-Practices: EC2.22 | ENS-RD2022: mp.com.1.aws.sg.3 | AWS-Foundational-Technical-Review: NETSEC-001 | AWS-Well-Architected-Framework-Security-Pillar: SEC05-BP03 | KISA-ISMS-P-2023: 2.10.2;trust-boundaries;;;;5.32.0;https://www.trendmicro.com/trendaivisiononecloudriskmanagement/knowledge-base/aws/EC2/default-security-group-unrestricted.html | https://docs.aws.amazon.com/AWSEC2/latest/UserGuide/ec2-security-groups.html;;
profile: None;2026-07-14 16:40:35.360893;213146990554;;;;;;prowler-aws-ec2_securitygroup_not_used-213146990554-ap-southeast-2-sg-09af3d1131f67434c;aws;ec2_securitygroup_not_used;Non-default EC2 security group is in use;Software and Configuration Checks/AWS Security Best Practices;PASS;Security group launch-wizard-10 (sg-09af3d1131f67434c) it is being used.;False;ec2;;low;AwsEc2SecurityGroup;arn:aws:ec2:ap-southeast-2:213146990554:security-group/sg-09af3d1131f67434c;sg-09af3d1131f67434c;launch-wizard-10;;aws;ap-southeast-2;EC2 security groups, except `default`, are assessed for **unused** status: zero attached network interfaces, no AWS Lambda associations, and no references from other security groups.;Orphaned security groups may later be attached with **overly permissive rules** without review, enabling unintended inbound or lateral access that compromises **confidentiality** and **integrity**. They also create **configuration drift**, increasing the chance of misapplied access controls.;;Apply **least privilege** and strong lifecycle management: delete or quarantine **unused security groups**, enforce ownership tags and retention policies, review regularly, and manage changes via IaC with approvals. Restrict who can attach groups and use guardrails to prevent reuse of stale or permissive groups.;https://hub.prowler.com/check/ec2_securitygroup_not_used;;"```hcl
# Destroy the unused non-default security group
resource ""aws_security_group"" ""<example_resource_name>"" {
  count = 0 # Critical: setting count=0 removes/destroys this unused SG
}
```";aws ec2 delete-security-group --group-id <SECURITY_GROUP_ID>;"1. In the AWS Console, go to EC2 > Security Groups
2. Select the non-default security group that shows Used by = 0 (no network interfaces or resources)
3. Click Actions > Delete security group > Delete";KISA-ISMS-P-2023-korean: 2.10.2 | NIST-CSF-2.0: ac_5, ip_1 | ISO27001-2022: A.8.20, A.8.21, A.8.22 | AWS-Foundational-Security-Best-Practices: EC2.22 | ENS-RD2022: mp.com.1.aws.sg.3 | AWS-Foundational-Technical-Review: NETSEC-001 | AWS-Well-Architected-Framework-Security-Pillar: SEC05-BP03 | KISA-ISMS-P-2023: 2.10.2;trust-boundaries;;;;5.32.0;https://www.trendmicro.com/trendaivisiononecloudriskmanagement/knowledge-base/aws/EC2/default-security-group-unrestricted.html | https://docs.aws.amazon.com/AWSEC2/latest/UserGuide/ec2-security-groups.html;;
profile: None;2026-07-14 16:40:35.360893;213146990554;;;;;;prowler-aws-ec2_securitygroup_not_used-213146990554-ap-southeast-2-sg-04cb06d277b67eb6c;aws;ec2_securitygroup_not_used;Non-default EC2 security group is in use;Software and Configuration Checks/AWS Security Best Practices;FAIL;Security group launch-wizard-17 (sg-04cb06d277b67eb6c) it is not being used.;False;ec2;;low;AwsEc2SecurityGroup;arn:aws:ec2:ap-southeast-2:213146990554:security-group/sg-04cb06d277b67eb6c;sg-04cb06d277b67eb6c;launch-wizard-17;;aws;ap-southeast-2;EC2 security groups, except `default`, are assessed for **unused** status: zero attached network interfaces, no AWS Lambda associations, and no references from other security groups.;Orphaned security groups may later be attached with **overly permissive rules** without review, enabling unintended inbound or lateral access that compromises **confidentiality** and **integrity**. They also create **configuration drift**, increasing the chance of misapplied access controls.;;Apply **least privilege** and strong lifecycle management: delete or quarantine **unused security groups**, enforce ownership tags and retention policies, review regularly, and manage changes via IaC with approvals. Restrict who can attach groups and use guardrails to prevent reuse of stale or permissive groups.;https://hub.prowler.com/check/ec2_securitygroup_not_used;;"```hcl
# Destroy the unused non-default security group
resource ""aws_security_group"" ""<example_resource_name>"" {
  count = 0 # Critical: setting count=0 removes/destroys this unused SG
}
```";aws ec2 delete-security-group --group-id <SECURITY_GROUP_ID>;"1. In the AWS Console, go to EC2 > Security Groups
2. Select the non-default security group that shows Used by = 0 (no network interfaces or resources)
3. Click Actions > Delete security group > Delete";KISA-ISMS-P-2023-korean: 2.10.2 | NIST-CSF-2.0: ac_5, ip_1 | ISO27001-2022: A.8.20, A.8.21, A.8.22 | AWS-Foundational-Security-Best-Practices: EC2.22 | ENS-RD2022: mp.com.1.aws.sg.3 | AWS-Foundational-Technical-Review: NETSEC-001 | AWS-Well-Architected-Framework-Security-Pillar: SEC05-BP03 | KISA-ISMS-P-2023: 2.10.2;trust-boundaries;;;;5.32.0;https://www.trendmicro.com/trendaivisiononecloudriskmanagement/knowledge-base/aws/EC2/default-security-group-unrestricted.html | https://docs.aws.amazon.com/AWSEC2/latest/UserGuide/ec2-security-groups.html;;
profile: None;2026-07-14 16:40:35.360893;213146990554;;;;;;prowler-aws-ec2_securitygroup_with_many_ingress_egress_rules-213146990554-ap-southeast-2-sg-0e24f3f2bbca5b5fa;aws;ec2_securitygroup_with_many_ingress_egress_rules;Security group has 50 or fewer inbound rules and 50 or fewer outbound rules;Software and Configuration Checks/AWS Security Best Practices/Network Reachability | Software and Configuration Checks/Industry and Regulatory Standards/AWS Foundational Security Best Practices | Software and Configuration Checks/Industry and Regulatory Standards/CIS AWS Foundations Benchmark;PASS;Security group launch-wizard-9 (sg-0e24f3f2bbca5b5fa) has 1 inbound rules and 1 outbound rules.;False;ec2;;medium;AwsEc2SecurityGroup;arn:aws:ec2:ap-southeast-2:213146990554:security-group/sg-0e24f3f2bbca5b5fa;sg-0e24f3f2bbca5b5fa;launch-wizard-9;;aws;ap-southeast-2;**EC2 security groups** are evaluated for excessive rule counts, flagging groups where `ingress` or `egress` entries exceed the configured threshold (default `50`). This targets groups with unusually large rule sets that complicate access control.;**Rule sprawl** weakens **least privilege**: large rule sets can hide overly permissive entries, exposing services to the Internet or unintended peers. This enables unauthorized access, data exfiltration, and lateral movement, impacting **confidentiality** and **integrity**, and can threaten **availability** via abuse of exposed services.;;"Apply **least privilege** and **segmentation**:
- Limit rules to required ports, protocols, and sources
- Split workloads into dedicated security groups per role
- Prefer SG-to-SG references over broad CIDRs
- Regularly review, deduplicate, and remove stale rules
- Layer controls (NACLs, private endpoints) for **defense in depth**";https://hub.prowler.com/check/ec2_securitygroup_with_many_ingress_egress_rules;"```yaml
# CloudFormation: Security group with limited number of rules
Resources:
  <example_resource_name>:
    Type: AWS::EC2::SecurityGroup
    Properties:
      GroupDescription: ""<example_resource_name>""
      VpcId: <example_resource_id>
      SecurityGroupIngress:
        - IpProtocol: tcp
          FromPort: 443
          ToPort: 443
          CidrIp: 10.0.0.0/8  # Critical: keep total inbound rules  50; this example defines only 1 rule to ensure compliance
```";"```hcl
# Terraform: Security group with limited number of rules
resource ""aws_security_group"" ""<example_resource_name>"" {
  name   = ""<example_resource_name>""
  vpc_id = ""<example_resource_id>""

  ingress {                      # Critical: keep total ingress/egress rules  50; single rule ensures PASS
    from_port   = 443
    to_port     = 443
    protocol    = ""tcp""
    cidr_blocks = [""10.0.0.0/8""]
  }
}
```";;"1. In the AWS console, go to EC2 > Security Groups
2. Select the security group that FAILED
3. In Inbound rules, click Edit inbound rules
4. Delete rules until the inbound rule count is 50 or fewer, then Save
5. In Outbound rules, click Edit outbound rules
6. Delete rules until the outbound rule count is 50 or fewer, then Save";KISA-ISMS-P-2023-korean: 2.10.2 | ISO27001-2022: A.8.20, A.8.21, A.8.22 | AWS-Foundational-Technical-Review: NETSEC-001 | AWS-Well-Architected-Framework-Security-Pillar: SEC05-BP03 | KISA-ISMS-P-2023: 2.10.2;trust-boundaries;;;;5.32.0;https://docs.aws.amazon.com/vpc/latest/userguide/VPC_SecurityGroups.html | https://www.trendmicro.com/trendaivisiononecloudriskmanagement/knowledge-base/aws/EC2/security-group-rules-counts.html;;
profile: None;2026-07-14 16:40:35.360893;213146990554;;;;;;prowler-aws-ec2_securitygroup_with_many_ingress_egress_rules-213146990554-ap-southeast-2-sg-0dd8eae2e1153c210;aws;ec2_securitygroup_with_many_ingress_egress_rules;Security group has 50 or fewer inbound rules and 50 or fewer outbound rules;Software and Configuration Checks/AWS Security Best Practices/Network Reachability | Software and Configuration Checks/Industry and Regulatory Standards/AWS Foundational Security Best Practices | Software and Configuration Checks/Industry and Regulatory Standards/CIS AWS Foundations Benchmark;PASS;Security group Kali Linux-2025.4-amd64-AutogenByAWSMP--1 (sg-0dd8eae2e1153c210) has 2 inbound rules and 1 outbound rules.;False;ec2;;medium;AwsEc2SecurityGroup;arn:aws:ec2:ap-southeast-2:213146990554:security-group/sg-0dd8eae2e1153c210;sg-0dd8eae2e1153c210;Kali Linux-2025.4-amd64-AutogenByAWSMP--1;;aws;ap-southeast-2;**EC2 security groups** are evaluated for excessive rule counts, flagging groups where `ingress` or `egress` entries exceed the configured threshold (default `50`). This targets groups with unusually large rule sets that complicate access control.;**Rule sprawl** weakens **least privilege**: large rule sets can hide overly permissive entries, exposing services to the Internet or unintended peers. This enables unauthorized access, data exfiltration, and lateral movement, impacting **confidentiality** and **integrity**, and can threaten **availability** via abuse of exposed services.;;"Apply **least privilege** and **segmentation**:
- Limit rules to required ports, protocols, and sources
- Split workloads into dedicated security groups per role
- Prefer SG-to-SG references over broad CIDRs
- Regularly review, deduplicate, and remove stale rules
- Layer controls (NACLs, private endpoints) for **defense in depth**";https://hub.prowler.com/check/ec2_securitygroup_with_many_ingress_egress_rules;"```yaml
# CloudFormation: Security group with limited number of rules
Resources:
  <example_resource_name>:
    Type: AWS::EC2::SecurityGroup
    Properties:
      GroupDescription: ""<example_resource_name>""
      VpcId: <example_resource_id>
      SecurityGroupIngress:
        - IpProtocol: tcp
          FromPort: 443
          ToPort: 443
          CidrIp: 10.0.0.0/8  # Critical: keep total inbound rules  50; this example defines only 1 rule to ensure compliance
```";"```hcl
# Terraform: Security group with limited number of rules
resource ""aws_security_group"" ""<example_resource_name>"" {
  name   = ""<example_resource_name>""
  vpc_id = ""<example_resource_id>""

  ingress {                      # Critical: keep total ingress/egress rules  50; single rule ensures PASS
    from_port   = 443
    to_port     = 443
    protocol    = ""tcp""
    cidr_blocks = [""10.0.0.0/8""]
  }
}
```";;"1. In the AWS console, go to EC2 > Security Groups
2. Select the security group that FAILED
3. In Inbound rules, click Edit inbound rules
4. Delete rules until the inbound rule count is 50 or fewer, then Save
5. In Outbound rules, click Edit outbound rules
6. Delete rules until the outbound rule count is 50 or fewer, then Save";KISA-ISMS-P-2023-korean: 2.10.2 | ISO27001-2022: A.8.20, A.8.21, A.8.22 | AWS-Foundational-Technical-Review: NETSEC-001 | AWS-Well-Architected-Framework-Security-Pillar: SEC05-BP03 | KISA-ISMS-P-2023: 2.10.2;trust-boundaries;;;;5.32.0;https://docs.aws.amazon.com/vpc/latest/userguide/VPC_SecurityGroups.html | https://www.trendmicro.com/trendaivisiononecloudriskmanagement/knowledge-base/aws/EC2/security-group-rules-counts.html;;
profile: None;2026-07-14 16:40:35.360893;213146990554;;;;;;prowler-aws-ec2_securitygroup_with_many_ingress_egress_rules-213146990554-ap-southeast-2-sg-01b40d1c357914bca;aws;ec2_securitygroup_with_many_ingress_egress_rules;Security group has 50 or fewer inbound rules and 50 or fewer outbound rules;Software and Configuration Checks/AWS Security Best Practices/Network Reachability | Software and Configuration Checks/Industry and Regulatory Standards/AWS Foundational Security Best Practices | Software and Configuration Checks/Industry and Regulatory Standards/CIS AWS Foundations Benchmark;PASS;Security group launch-wizard-24 (sg-01b40d1c357914bca) has 1 inbound rules and 1 outbound rules.;False;ec2;;medium;AwsEc2SecurityGroup;arn:aws:ec2:ap-southeast-2:213146990554:security-group/sg-01b40d1c357914bca;sg-01b40d1c357914bca;launch-wizard-24;;aws;ap-southeast-2;**EC2 security groups** are evaluated for excessive rule counts, flagging groups where `ingress` or `egress` entries exceed the configured threshold (default `50`). This targets groups with unusually large rule sets that complicate access control.;**Rule sprawl** weakens **least privilege**: large rule sets can hide overly permissive entries, exposing services to the Internet or unintended peers. This enables unauthorized access, data exfiltration, and lateral movement, impacting **confidentiality** and **integrity**, and can threaten **availability** via abuse of exposed services.;;"Apply **least privilege** and **segmentation**:
- Limit rules to required ports, protocols, and sources
- Split workloads into dedicated security groups per role
- Prefer SG-to-SG references over broad CIDRs
- Regularly review, deduplicate, and remove stale rules
- Layer controls (NACLs, private endpoints) for **defense in depth**";https://hub.prowler.com/check/ec2_securitygroup_with_many_ingress_egress_rules;"```yaml
# CloudFormation: Security group with limited number of rules
Resources:
  <example_resource_name>:
    Type: AWS::EC2::SecurityGroup
    Properties:
      GroupDescription: ""<example_resource_name>""
      VpcId: <example_resource_id>
      SecurityGroupIngress:
        - IpProtocol: tcp
          FromPort: 443
          ToPort: 443
          CidrIp: 10.0.0.0/8  # Critical: keep total inbound rules  50; this example defines only 1 rule to ensure compliance
```";"```hcl
# Terraform: Security group with limited number of rules
resource ""aws_security_group"" ""<example_resource_name>"" {
  name   = ""<example_resource_name>""
  vpc_id = ""<example_resource_id>""

  ingress {                      # Critical: keep total ingress/egress rules  50; single rule ensures PASS
    from_port   = 443
    to_port     = 443
    protocol    = ""tcp""
    cidr_blocks = [""10.0.0.0/8""]
  }
}
```";;"1. In the AWS console, go to EC2 > Security Groups
2. Select the security group that FAILED
3. In Inbound rules, click Edit inbound rules
4. Delete rules until the inbound rule count is 50 or fewer, then Save
5. In Outbound rules, click Edit outbound rules
6. Delete rules until the outbound rule count is 50 or fewer, then Save";KISA-ISMS-P-2023-korean: 2.10.2 | ISO27001-2022: A.8.20, A.8.21, A.8.22 | AWS-Foundational-Technical-Review: NETSEC-001 | AWS-Well-Architected-Framework-Security-Pillar: SEC05-BP03 | KISA-ISMS-P-2023: 2.10.2;trust-boundaries;;;;5.32.0;https://docs.aws.amazon.com/vpc/latest/userguide/VPC_SecurityGroups.html | https://www.trendmicro.com/trendaivisiononecloudriskmanagement/knowledge-base/aws/EC2/security-group-rules-counts.html;;
profile: None;2026-07-14 16:40:35.360893;213146990554;;;;;;prowler-aws-ec2_securitygroup_with_many_ingress_egress_rules-213146990554-ap-southeast-2-sg-00b892f9efa4e0814;aws;ec2_securitygroup_with_many_ingress_egress_rules;Security group has 50 or fewer inbound rules and 50 or fewer outbound rules;Software and Configuration Checks/AWS Security Best Practices/Network Reachability | Software and Configuration Checks/Industry and Regulatory Standards/AWS Foundational Security Best Practices | Software and Configuration Checks/Industry and Regulatory Standards/CIS AWS Foundations Benchmark;PASS;Security group launch-wizard-14 (sg-00b892f9efa4e0814) has 5 inbound rules and 1 outbound rules.;False;ec2;;medium;AwsEc2SecurityGroup;arn:aws:ec2:ap-southeast-2:213146990554:security-group/sg-00b892f9efa4e0814;sg-00b892f9efa4e0814;launch-wizard-14;;aws;ap-southeast-2;**EC2 security groups** are evaluated for excessive rule counts, flagging groups where `ingress` or `egress` entries exceed the configured threshold (default `50`). This targets groups with unusually large rule sets that complicate access control.;**Rule sprawl** weakens **least privilege**: large rule sets can hide overly permissive entries, exposing services to the Internet or unintended peers. This enables unauthorized access, data exfiltration, and lateral movement, impacting **confidentiality** and **integrity**, and can threaten **availability** via abuse of exposed services.;;"Apply **least privilege** and **segmentation**:
- Limit rules to required ports, protocols, and sources
- Split workloads into dedicated security groups per role
- Prefer SG-to-SG references over broad CIDRs
- Regularly review, deduplicate, and remove stale rules
- Layer controls (NACLs, private endpoints) for **defense in depth**";https://hub.prowler.com/check/ec2_securitygroup_with_many_ingress_egress_rules;"```yaml
# CloudFormation: Security group with limited number of rules
Resources:
  <example_resource_name>:
    Type: AWS::EC2::SecurityGroup
    Properties:
      GroupDescription: ""<example_resource_name>""
      VpcId: <example_resource_id>
      SecurityGroupIngress:
        - IpProtocol: tcp
          FromPort: 443
          ToPort: 443
          CidrIp: 10.0.0.0/8  # Critical: keep total inbound rules  50; this example defines only 1 rule to ensure compliance
```";"```hcl
# Terraform: Security group with limited number of rules
resource ""aws_security_group"" ""<example_resource_name>"" {
  name   = ""<example_resource_name>""
  vpc_id = ""<example_resource_id>""

  ingress {                      # Critical: keep total ingress/egress rules  50; single rule ensures PASS
    from_port   = 443
    to_port     = 443
    protocol    = ""tcp""
    cidr_blocks = [""10.0.0.0/8""]
  }
}
```";;"1. In the AWS console, go to EC2 > Security Groups
2. Select the security group that FAILED
3. In Inbound rules, click Edit inbound rules
4. Delete rules until the inbound rule count is 50 or fewer, then Save
5. In Outbound rules, click Edit outbound rules
6. Delete rules until the outbound rule count is 50 or fewer, then Save";KISA-ISMS-P-2023-korean: 2.10.2 | ISO27001-2022: A.8.20, A.8.21, A.8.22 | AWS-Foundational-Technical-Review: NETSEC-001 | AWS-Well-Architected-Framework-Security-Pillar: SEC05-BP03 | KISA-ISMS-P-2023: 2.10.2;trust-boundaries;;;;5.32.0;https://docs.aws.amazon.com/vpc/latest/userguide/VPC_SecurityGroups.html | https://www.trendmicro.com/trendaivisiononecloudriskmanagement/knowledge-base/aws/EC2/security-group-rules-counts.html;;
profile: None;2026-07-14 16:40:35.360893;213146990554;;;;;;prowler-aws-ec2_securitygroup_with_many_ingress_egress_rules-213146990554-ap-southeast-2-sg-0bc66643e651629dd;aws;ec2_securitygroup_with_many_ingress_egress_rules;Security group has 50 or fewer inbound rules and 50 or fewer outbound rules;Software and Configuration Checks/AWS Security Best Practices/Network Reachability | Software and Configuration Checks/Industry and Regulatory Standards/AWS Foundational Security Best Practices | Software and Configuration Checks/Industry and Regulatory Standards/CIS AWS Foundations Benchmark;PASS;Security group launch-wizard-15 (sg-0bc66643e651629dd) has 3 inbound rules and 1 outbound rules.;False;ec2;;medium;AwsEc2SecurityGroup;arn:aws:ec2:ap-southeast-2:213146990554:security-group/sg-0bc66643e651629dd;sg-0bc66643e651629dd;launch-wizard-15;;aws;ap-southeast-2;**EC2 security groups** are evaluated for excessive rule counts, flagging groups where `ingress` or `egress` entries exceed the configured threshold (default `50`). This targets groups with unusually large rule sets that complicate access control.;**Rule sprawl** weakens **least privilege**: large rule sets can hide overly permissive entries, exposing services to the Internet or unintended peers. This enables unauthorized access, data exfiltration, and lateral movement, impacting **confidentiality** and **integrity**, and can threaten **availability** via abuse of exposed services.;;"Apply **least privilege** and **segmentation**:
- Limit rules to required ports, protocols, and sources
- Split workloads into dedicated security groups per role
- Prefer SG-to-SG references over broad CIDRs
- Regularly review, deduplicate, and remove stale rules
- Layer controls (NACLs, private endpoints) for **defense in depth**";https://hub.prowler.com/check/ec2_securitygroup_with_many_ingress_egress_rules;"```yaml
# CloudFormation: Security group with limited number of rules
Resources:
  <example_resource_name>:
    Type: AWS::EC2::SecurityGroup
    Properties:
      GroupDescription: ""<example_resource_name>""
      VpcId: <example_resource_id>
      SecurityGroupIngress:
        - IpProtocol: tcp
          FromPort: 443
          ToPort: 443
          CidrIp: 10.0.0.0/8  # Critical: keep total inbound rules  50; this example defines only 1 rule to ensure compliance
```";"```hcl
# Terraform: Security group with limited number of rules
resource ""aws_security_group"" ""<example_resource_name>"" {
  name   = ""<example_resource_name>""
  vpc_id = ""<example_resource_id>""

  ingress {                      # Critical: keep total ingress/egress rules  50; single rule ensures PASS
    from_port   = 443
    to_port     = 443
    protocol    = ""tcp""
    cidr_blocks = [""10.0.0.0/8""]
  }
}
```";;"1. In the AWS console, go to EC2 > Security Groups
2. Select the security group that FAILED
3. In Inbound rules, click Edit inbound rules
4. Delete rules until the inbound rule count is 50 or fewer, then Save
5. In Outbound rules, click Edit outbound rules
6. Delete rules until the outbound rule count is 50 or fewer, then Save";KISA-ISMS-P-2023-korean: 2.10.2 | ISO27001-2022: A.8.20, A.8.21, A.8.22 | AWS-Foundational-Technical-Review: NETSEC-001 | AWS-Well-Architected-Framework-Security-Pillar: SEC05-BP03 | KISA-ISMS-P-2023: 2.10.2;trust-boundaries;;;;5.32.0;https://docs.aws.amazon.com/vpc/latest/userguide/VPC_SecurityGroups.html | https://www.trendmicro.com/trendaivisiononecloudriskmanagement/knowledge-base/aws/EC2/security-group-rules-counts.html;;
profile: None;2026-07-14 16:40:35.360893;213146990554;;;;;;prowler-aws-ec2_securitygroup_with_many_ingress_egress_rules-213146990554-ap-southeast-2-sg-04a9ab6d35a6a8de4;aws;ec2_securitygroup_with_many_ingress_egress_rules;Security group has 50 or fewer inbound rules and 50 or fewer outbound rules;Software and Configuration Checks/AWS Security Best Practices/Network Reachability | Software and Configuration Checks/Industry and Regulatory Standards/AWS Foundational Security Best Practices | Software and Configuration Checks/Industry and Regulatory Standards/CIS AWS Foundations Benchmark;PASS;Security group launch-wizard-12 (sg-04a9ab6d35a6a8de4) has 3 inbound rules and 1 outbound rules.;False;ec2;;medium;AwsEc2SecurityGroup;arn:aws:ec2:ap-southeast-2:213146990554:security-group/sg-04a9ab6d35a6a8de4;sg-04a9ab6d35a6a8de4;launch-wizard-12;;aws;ap-southeast-2;**EC2 security groups** are evaluated for excessive rule counts, flagging groups where `ingress` or `egress` entries exceed the configured threshold (default `50`). This targets groups with unusually large rule sets that complicate access control.;**Rule sprawl** weakens **least privilege**: large rule sets can hide overly permissive entries, exposing services to the Internet or unintended peers. This enables unauthorized access, data exfiltration, and lateral movement, impacting **confidentiality** and **integrity**, and can threaten **availability** via abuse of exposed services.;;"Apply **least privilege** and **segmentation**:
- Limit rules to required ports, protocols, and sources
- Split workloads into dedicated security groups per role
- Prefer SG-to-SG references over broad CIDRs
- Regularly review, deduplicate, and remove stale rules
- Layer controls (NACLs, private endpoints) for **defense in depth**";https://hub.prowler.com/check/ec2_securitygroup_with_many_ingress_egress_rules;"```yaml
# CloudFormation: Security group with limited number of rules
Resources:
  <example_resource_name>:
    Type: AWS::EC2::SecurityGroup
    Properties:
      GroupDescription: ""<example_resource_name>""
      VpcId: <example_resource_id>
      SecurityGroupIngress:
        - IpProtocol: tcp
          FromPort: 443
          ToPort: 443
          CidrIp: 10.0.0.0/8  # Critical: keep total inbound rules  50; this example defines only 1 rule to ensure compliance
```";"```hcl
# Terraform: Security group with limited number of rules
resource ""aws_security_group"" ""<example_resource_name>"" {
  name   = ""<example_resource_name>""
  vpc_id = ""<example_resource_id>""

  ingress {                      # Critical: keep total ingress/egress rules  50; single rule ensures PASS
    from_port   = 443
    to_port     = 443
    protocol    = ""tcp""
    cidr_blocks = [""10.0.0.0/8""]
  }
}
```";;"1. In the AWS console, go to EC2 > Security Groups
2. Select the security group that FAILED
3. In Inbound rules, click Edit inbound rules
4. Delete rules until the inbound rule count is 50 or fewer, then Save
5. In Outbound rules, click Edit outbound rules
6. Delete rules until the outbound rule count is 50 or fewer, then Save";KISA-ISMS-P-2023-korean: 2.10.2 | ISO27001-2022: A.8.20, A.8.21, A.8.22 | AWS-Foundational-Technical-Review: NETSEC-001 | AWS-Well-Architected-Framework-Security-Pillar: SEC05-BP03 | KISA-ISMS-P-2023: 2.10.2;trust-boundaries;;;;5.32.0;https://docs.aws.amazon.com/vpc/latest/userguide/VPC_SecurityGroups.html | https://www.trendmicro.com/trendaivisiononecloudriskmanagement/knowledge-base/aws/EC2/security-group-rules-counts.html;;
profile: None;2026-07-14 16:40:35.360893;213146990554;;;;;;prowler-aws-ec2_securitygroup_with_many_ingress_egress_rules-213146990554-ap-southeast-2-sg-044ad0ea7338dbce0;aws;ec2_securitygroup_with_many_ingress_egress_rules;Security group has 50 or fewer inbound rules and 50 or fewer outbound rules;Software and Configuration Checks/AWS Security Best Practices/Network Reachability | Software and Configuration Checks/Industry and Regulatory Standards/AWS Foundational Security Best Practices | Software and Configuration Checks/Industry and Regulatory Standards/CIS AWS Foundations Benchmark;PASS;Security group Kali Linux-2026.1-amd64-AutogenByAWSMP--4 (sg-044ad0ea7338dbce0) has 2 inbound rules and 1 outbound rules.;False;ec2;;medium;AwsEc2SecurityGroup;arn:aws:ec2:ap-southeast-2:213146990554:security-group/sg-044ad0ea7338dbce0;sg-044ad0ea7338dbce0;Kali Linux-2026.1-amd64-AutogenByAWSMP--4;;aws;ap-southeast-2;**EC2 security groups** are evaluated for excessive rule counts, flagging groups where `ingress` or `egress` entries exceed the configured threshold (default `50`). This targets groups with unusually large rule sets that complicate access control.;**Rule sprawl** weakens **least privilege**: large rule sets can hide overly permissive entries, exposing services to the Internet or unintended peers. This enables unauthorized access, data exfiltration, and lateral movement, impacting **confidentiality** and **integrity**, and can threaten **availability** via abuse of exposed services.;;"Apply **least privilege** and **segmentation**:
- Limit rules to required ports, protocols, and sources
- Split workloads into dedicated security groups per role
- Prefer SG-to-SG references over broad CIDRs
- Regularly review, deduplicate, and remove stale rules
- Layer controls (NACLs, private endpoints) for **defense in depth**";https://hub.prowler.com/check/ec2_securitygroup_with_many_ingress_egress_rules;"```yaml
# CloudFormation: Security group with limited number of rules
Resources:
  <example_resource_name>:
    Type: AWS::EC2::SecurityGroup
    Properties:
      GroupDescription: ""<example_resource_name>""
      VpcId: <example_resource_id>
      SecurityGroupIngress:
        - IpProtocol: tcp
          FromPort: 443
          ToPort: 443
          CidrIp: 10.0.0.0/8  # Critical: keep total inbound rules  50; this example defines only 1 rule to ensure compliance
```";"```hcl
# Terraform: Security group with limited number of rules
resource ""aws_security_group"" ""<example_resource_name>"" {
  name   = ""<example_resource_name>""
  vpc_id = ""<example_resource_id>""

  ingress {                      # Critical: keep total ingress/egress rules  50; single rule ensures PASS
    from_port   = 443
    to_port     = 443
    protocol    = ""tcp""
    cidr_blocks = [""10.0.0.0/8""]
  }
}
```";;"1. In the AWS console, go to EC2 > Security Groups
2. Select the security group that FAILED
3. In Inbound rules, click Edit inbound rules
4. Delete rules until the inbound rule count is 50 or fewer, then Save
5. In Outbound rules, click Edit outbound rules
6. Delete rules until the outbound rule count is 50 or fewer, then Save";KISA-ISMS-P-2023-korean: 2.10.2 | ISO27001-2022: A.8.20, A.8.21, A.8.22 | AWS-Foundational-Technical-Review: NETSEC-001 | AWS-Well-Architected-Framework-Security-Pillar: SEC05-BP03 | KISA-ISMS-P-2023: 2.10.2;trust-boundaries;;;;5.32.0;https://docs.aws.amazon.com/vpc/latest/userguide/VPC_SecurityGroups.html | https://www.trendmicro.com/trendaivisiononecloudriskmanagement/knowledge-base/aws/EC2/security-group-rules-counts.html;;
profile: None;2026-07-14 16:40:35.360893;213146990554;;;;;;prowler-aws-ec2_securitygroup_with_many_ingress_egress_rules-213146990554-ap-southeast-2-sg-0003161c3fb914627;aws;ec2_securitygroup_with_many_ingress_egress_rules;Security group has 50 or fewer inbound rules and 50 or fewer outbound rules;Software and Configuration Checks/AWS Security Best Practices/Network Reachability | Software and Configuration Checks/Industry and Regulatory Standards/AWS Foundational Security Best Practices | Software and Configuration Checks/Industry and Regulatory Standards/CIS AWS Foundations Benchmark;PASS;Security group launch-wizard-28 (sg-0003161c3fb914627) has 1 inbound rules and 1 outbound rules.;False;ec2;;medium;AwsEc2SecurityGroup;arn:aws:ec2:ap-southeast-2:213146990554:security-group/sg-0003161c3fb914627;sg-0003161c3fb914627;launch-wizard-28;;aws;ap-southeast-2;**EC2 security groups** are evaluated for excessive rule counts, flagging groups where `ingress` or `egress` entries exceed the configured threshold (default `50`). This targets groups with unusually large rule sets that complicate access control.;**Rule sprawl** weakens **least privilege**: large rule sets can hide overly permissive entries, exposing services to the Internet or unintended peers. This enables unauthorized access, data exfiltration, and lateral movement, impacting **confidentiality** and **integrity**, and can threaten **availability** via abuse of exposed services.;;"Apply **least privilege** and **segmentation**:
- Limit rules to required ports, protocols, and sources
- Split workloads into dedicated security groups per role
- Prefer SG-to-SG references over broad CIDRs
- Regularly review, deduplicate, and remove stale rules
- Layer controls (NACLs, private endpoints) for **defense in depth**";https://hub.prowler.com/check/ec2_securitygroup_with_many_ingress_egress_rules;"```yaml
# CloudFormation: Security group with limited number of rules
Resources:
  <example_resource_name>:
    Type: AWS::EC2::SecurityGroup
    Properties:
      GroupDescription: ""<example_resource_name>""
      VpcId: <example_resource_id>
      SecurityGroupIngress:
        - IpProtocol: tcp
          FromPort: 443
          ToPort: 443
          CidrIp: 10.0.0.0/8  # Critical: keep total inbound rules  50; this example defines only 1 rule to ensure compliance
```";"```hcl
# Terraform: Security group with limited number of rules
resource ""aws_security_group"" ""<example_resource_name>"" {
  name   = ""<example_resource_name>""
  vpc_id = ""<example_resource_id>""

  ingress {                      # Critical: keep total ingress/egress rules  50; single rule ensures PASS
    from_port   = 443
    to_port     = 443
    protocol    = ""tcp""
    cidr_blocks = [""10.0.0.0/8""]
  }
}
```";;"1. In the AWS console, go to EC2 > Security Groups
2. Select the security group that FAILED
3. In Inbound rules, click Edit inbound rules
4. Delete rules until the inbound rule count is 50 or fewer, then Save
5. In Outbound rules, click Edit outbound rules
6. Delete rules until the outbound rule count is 50 or fewer, then Save";KISA-ISMS-P-2023-korean: 2.10.2 | ISO27001-2022: A.8.20, A.8.21, A.8.22 | AWS-Foundational-Technical-Review: NETSEC-001 | AWS-Well-Architected-Framework-Security-Pillar: SEC05-BP03 | KISA-ISMS-P-2023: 2.10.2;trust-boundaries;;;;5.32.0;https://docs.aws.amazon.com/vpc/latest/userguide/VPC_SecurityGroups.html | https://www.trendmicro.com/trendaivisiononecloudriskmanagement/knowledge-base/aws/EC2/security-group-rules-counts.html;;
profile: None;2026-07-14 16:40:35.360893;213146990554;;;;;;prowler-aws-ec2_securitygroup_with_many_ingress_egress_rules-213146990554-ap-southeast-2-sg-0b16338608e021959;aws;ec2_securitygroup_with_many_ingress_egress_rules;Security group has 50 or fewer inbound rules and 50 or fewer outbound rules;Software and Configuration Checks/AWS Security Best Practices/Network Reachability | Software and Configuration Checks/Industry and Regulatory Standards/AWS Foundational Security Best Practices | Software and Configuration Checks/Industry and Regulatory Standards/CIS AWS Foundations Benchmark;PASS;Security group Kali Linux-2026.1-amd64-AutogenByAWSMP--7 (sg-0b16338608e021959) has 3 inbound rules and 1 outbound rules.;False;ec2;;medium;AwsEc2SecurityGroup;arn:aws:ec2:ap-southeast-2:213146990554:security-group/sg-0b16338608e021959;sg-0b16338608e021959;Kali Linux-2026.1-amd64-AutogenByAWSMP--7;;aws;ap-southeast-2;**EC2 security groups** are evaluated for excessive rule counts, flagging groups where `ingress` or `egress` entries exceed the configured threshold (default `50`). This targets groups with unusually large rule sets that complicate access control.;**Rule sprawl** weakens **least privilege**: large rule sets can hide overly permissive entries, exposing services to the Internet or unintended peers. This enables unauthorized access, data exfiltration, and lateral movement, impacting **confidentiality** and **integrity**, and can threaten **availability** via abuse of exposed services.;;"Apply **least privilege** and **segmentation**:
- Limit rules to required ports, protocols, and sources
- Split workloads into dedicated security groups per role
- Prefer SG-to-SG references over broad CIDRs
- Regularly review, deduplicate, and remove stale rules
- Layer controls (NACLs, private endpoints) for **defense in depth**";https://hub.prowler.com/check/ec2_securitygroup_with_many_ingress_egress_rules;"```yaml
# CloudFormation: Security group with limited number of rules
Resources:
  <example_resource_name>:
    Type: AWS::EC2::SecurityGroup
    Properties:
      GroupDescription: ""<example_resource_name>""
      VpcId: <example_resource_id>
      SecurityGroupIngress:
        - IpProtocol: tcp
          FromPort: 443
          ToPort: 443
          CidrIp: 10.0.0.0/8  # Critical: keep total inbound rules  50; this example defines only 1 rule to ensure compliance
```";"```hcl
# Terraform: Security group with limited number of rules
resource ""aws_security_group"" ""<example_resource_name>"" {
  name   = ""<example_resource_name>""
  vpc_id = ""<example_resource_id>""

  ingress {                      # Critical: keep total ingress/egress rules  50; single rule ensures PASS
    from_port   = 443
    to_port     = 443
    protocol    = ""tcp""
    cidr_blocks = [""10.0.0.0/8""]
  }
}
```";;"1. In the AWS console, go to EC2 > Security Groups
2. Select the security group that FAILED
3. In Inbound rules, click Edit inbound rules
4. Delete rules until the inbound rule count is 50 or fewer, then Save
5. In Outbound rules, click Edit outbound rules
6. Delete rules until the outbound rule count is 50 or fewer, then Save";KISA-ISMS-P-2023-korean: 2.10.2 | ISO27001-2022: A.8.20, A.8.21, A.8.22 | AWS-Foundational-Technical-Review: NETSEC-001 | AWS-Well-Architected-Framework-Security-Pillar: SEC05-BP03 | KISA-ISMS-P-2023: 2.10.2;trust-boundaries;;;;5.32.0;https://docs.aws.amazon.com/vpc/latest/userguide/VPC_SecurityGroups.html | https://www.trendmicro.com/trendaivisiononecloudriskmanagement/knowledge-base/aws/EC2/security-group-rules-counts.html;;
profile: None;2026-07-14 16:40:35.360893;213146990554;;;;;;prowler-aws-ec2_securitygroup_with_many_ingress_egress_rules-213146990554-ap-southeast-2-sg-09402e715b9924e03;aws;ec2_securitygroup_with_many_ingress_egress_rules;Security group has 50 or fewer inbound rules and 50 or fewer outbound rules;Software and Configuration Checks/AWS Security Best Practices/Network Reachability | Software and Configuration Checks/Industry and Regulatory Standards/AWS Foundational Security Best Practices | Software and Configuration Checks/Industry and Regulatory Standards/CIS AWS Foundations Benchmark;PASS;Security group default (sg-09402e715b9924e03) has 1 inbound rules and 1 outbound rules.;False;ec2;;medium;AwsEc2SecurityGroup;arn:aws:ec2:ap-southeast-2:213146990554:security-group/sg-09402e715b9924e03;sg-09402e715b9924e03;default;;aws;ap-southeast-2;**EC2 security groups** are evaluated for excessive rule counts, flagging groups where `ingress` or `egress` entries exceed the configured threshold (default `50`). This targets groups with unusually large rule sets that complicate access control.;**Rule sprawl** weakens **least privilege**: large rule sets can hide overly permissive entries, exposing services to the Internet or unintended peers. This enables unauthorized access, data exfiltration, and lateral movement, impacting **confidentiality** and **integrity**, and can threaten **availability** via abuse of exposed services.;;"Apply **least privilege** and **segmentation**:
- Limit rules to required ports, protocols, and sources
- Split workloads into dedicated security groups per role
- Prefer SG-to-SG references over broad CIDRs
- Regularly review, deduplicate, and remove stale rules
- Layer controls (NACLs, private endpoints) for **defense in depth**";https://hub.prowler.com/check/ec2_securitygroup_with_many_ingress_egress_rules;"```yaml
# CloudFormation: Security group with limited number of rules
Resources:
  <example_resource_name>:
    Type: AWS::EC2::SecurityGroup
    Properties:
      GroupDescription: ""<example_resource_name>""
      VpcId: <example_resource_id>
      SecurityGroupIngress:
        - IpProtocol: tcp
          FromPort: 443
          ToPort: 443
          CidrIp: 10.0.0.0/8  # Critical: keep total inbound rules  50; this example defines only 1 rule to ensure compliance
```";"```hcl
# Terraform: Security group with limited number of rules
resource ""aws_security_group"" ""<example_resource_name>"" {
  name   = ""<example_resource_name>""
  vpc_id = ""<example_resource_id>""

  ingress {                      # Critical: keep total ingress/egress rules  50; single rule ensures PASS
    from_port   = 443
    to_port     = 443
    protocol    = ""tcp""
    cidr_blocks = [""10.0.0.0/8""]
  }
}
```";;"1. In the AWS console, go to EC2 > Security Groups
2. Select the security group that FAILED
3. In Inbound rules, click Edit inbound rules
4. Delete rules until the inbound rule count is 50 or fewer, then Save
5. In Outbound rules, click Edit outbound rules
6. Delete rules until the outbound rule count is 50 or fewer, then Save";KISA-ISMS-P-2023-korean: 2.10.2 | ISO27001-2022: A.8.20, A.8.21, A.8.22 | AWS-Foundational-Technical-Review: NETSEC-001 | AWS-Well-Architected-Framework-Security-Pillar: SEC05-BP03 | KISA-ISMS-P-2023: 2.10.2;trust-boundaries;;;;5.32.0;https://docs.aws.amazon.com/vpc/latest/userguide/VPC_SecurityGroups.html | https://www.trendmicro.com/trendaivisiononecloudriskmanagement/knowledge-base/aws/EC2/security-group-rules-counts.html;;
profile: None;2026-07-14 16:40:35.360893;213146990554;;;;;;prowler-aws-ec2_securitygroup_with_many_ingress_egress_rules-213146990554-ap-southeast-2-sg-034bdb14753e85207;aws;ec2_securitygroup_with_many_ingress_egress_rules;Security group has 50 or fewer inbound rules and 50 or fewer outbound rules;Software and Configuration Checks/AWS Security Best Practices/Network Reachability | Software and Configuration Checks/Industry and Regulatory Standards/AWS Foundational Security Best Practices | Software and Configuration Checks/Industry and Regulatory Standards/CIS AWS Foundations Benchmark;PASS;Security group Kali Linux-2026.1-amd64-AutogenByAWSMP--6 (sg-034bdb14753e85207) has 1 inbound rules and 1 outbound rules.;False;ec2;;medium;AwsEc2SecurityGroup;arn:aws:ec2:ap-southeast-2:213146990554:security-group/sg-034bdb14753e85207;sg-034bdb14753e85207;Kali Linux-2026.1-amd64-AutogenByAWSMP--6;;aws;ap-southeast-2;**EC2 security groups** are evaluated for excessive rule counts, flagging groups where `ingress` or `egress` entries exceed the configured threshold (default `50`). This targets groups with unusually large rule sets that complicate access control.;**Rule sprawl** weakens **least privilege**: large rule sets can hide overly permissive entries, exposing services to the Internet or unintended peers. This enables unauthorized access, data exfiltration, and lateral movement, impacting **confidentiality** and **integrity**, and can threaten **availability** via abuse of exposed services.;;"Apply **least privilege** and **segmentation**:
- Limit rules to required ports, protocols, and sources
- Split workloads into dedicated security groups per role
- Prefer SG-to-SG references over broad CIDRs
- Regularly review, deduplicate, and remove stale rules
- Layer controls (NACLs, private endpoints) for **defense in depth**";https://hub.prowler.com/check/ec2_securitygroup_with_many_ingress_egress_rules;"```yaml
# CloudFormation: Security group with limited number of rules
Resources:
  <example_resource_name>:
    Type: AWS::EC2::SecurityGroup
    Properties:
      GroupDescription: ""<example_resource_name>""
      VpcId: <example_resource_id>
      SecurityGroupIngress:
        - IpProtocol: tcp
          FromPort: 443
          ToPort: 443
          CidrIp: 10.0.0.0/8  # Critical: keep total inbound rules  50; this example defines only 1 rule to ensure compliance
```";"```hcl
# Terraform: Security group with limited number of rules
resource ""aws_security_group"" ""<example_resource_name>"" {
  name   = ""<example_resource_name>""
  vpc_id = ""<example_resource_id>""

  ingress {                      # Critical: keep total ingress/egress rules  50; single rule ensures PASS
    from_port   = 443
    to_port     = 443
    protocol    = ""tcp""
    cidr_blocks = [""10.0.0.0/8""]
  }
}
```";;"1. In the AWS console, go to EC2 > Security Groups
2. Select the security group that FAILED
3. In Inbound rules, click Edit inbound rules
4. Delete rules until the inbound rule count is 50 or fewer, then Save
5. In Outbound rules, click Edit outbound rules
6. Delete rules until the outbound rule count is 50 or fewer, then Save";KISA-ISMS-P-2023-korean: 2.10.2 | ISO27001-2022: A.8.20, A.8.21, A.8.22 | AWS-Foundational-Technical-Review: NETSEC-001 | AWS-Well-Architected-Framework-Security-Pillar: SEC05-BP03 | KISA-ISMS-P-2023: 2.10.2;trust-boundaries;;;;5.32.0;https://docs.aws.amazon.com/vpc/latest/userguide/VPC_SecurityGroups.html | https://www.trendmicro.com/trendaivisiononecloudriskmanagement/knowledge-base/aws/EC2/security-group-rules-counts.html;;
profile: None;2026-07-14 16:40:35.360893;213146990554;;;;;;prowler-aws-ec2_securitygroup_with_many_ingress_egress_rules-213146990554-ap-southeast-2-sg-03667e84668fbefee;aws;ec2_securitygroup_with_many_ingress_egress_rules;Security group has 50 or fewer inbound rules and 50 or fewer outbound rules;Software and Configuration Checks/AWS Security Best Practices/Network Reachability | Software and Configuration Checks/Industry and Regulatory Standards/AWS Foundational Security Best Practices | Software and Configuration Checks/Industry and Regulatory Standards/CIS AWS Foundations Benchmark;PASS;Security group EG-SG (sg-03667e84668fbefee) has 5 inbound rules and 1 outbound rules.;False;ec2;;medium;AwsEc2SecurityGroup;arn:aws:ec2:ap-southeast-2:213146990554:security-group/sg-03667e84668fbefee;sg-03667e84668fbefee;EG-SG;Name=EG-SG | Project=RedTeamInfra;aws;ap-southeast-2;**EC2 security groups** are evaluated for excessive rule counts, flagging groups where `ingress` or `egress` entries exceed the configured threshold (default `50`). This targets groups with unusually large rule sets that complicate access control.;**Rule sprawl** weakens **least privilege**: large rule sets can hide overly permissive entries, exposing services to the Internet or unintended peers. This enables unauthorized access, data exfiltration, and lateral movement, impacting **confidentiality** and **integrity**, and can threaten **availability** via abuse of exposed services.;;"Apply **least privilege** and **segmentation**:
- Limit rules to required ports, protocols, and sources
- Split workloads into dedicated security groups per role
- Prefer SG-to-SG references over broad CIDRs
- Regularly review, deduplicate, and remove stale rules
- Layer controls (NACLs, private endpoints) for **defense in depth**";https://hub.prowler.com/check/ec2_securitygroup_with_many_ingress_egress_rules;"```yaml
# CloudFormation: Security group with limited number of rules
Resources:
  <example_resource_name>:
    Type: AWS::EC2::SecurityGroup
    Properties:
      GroupDescription: ""<example_resource_name>""
      VpcId: <example_resource_id>
      SecurityGroupIngress:
        - IpProtocol: tcp
          FromPort: 443
          ToPort: 443
          CidrIp: 10.0.0.0/8  # Critical: keep total inbound rules  50; this example defines only 1 rule to ensure compliance
```";"```hcl
# Terraform: Security group with limited number of rules
resource ""aws_security_group"" ""<example_resource_name>"" {
  name   = ""<example_resource_name>""
  vpc_id = ""<example_resource_id>""

  ingress {                      # Critical: keep total ingress/egress rules  50; single rule ensures PASS
    from_port   = 443
    to_port     = 443
    protocol    = ""tcp""
    cidr_blocks = [""10.0.0.0/8""]
  }
}
```";;"1. In the AWS console, go to EC2 > Security Groups
2. Select the security group that FAILED
3. In Inbound rules, click Edit inbound rules
4. Delete rules until the inbound rule count is 50 or fewer, then Save
5. In Outbound rules, click Edit outbound rules
6. Delete rules until the outbound rule count is 50 or fewer, then Save";KISA-ISMS-P-2023-korean: 2.10.2 | ISO27001-2022: A.8.20, A.8.21, A.8.22 | AWS-Foundational-Technical-Review: NETSEC-001 | AWS-Well-Architected-Framework-Security-Pillar: SEC05-BP03 | KISA-ISMS-P-2023: 2.10.2;trust-boundaries;;;;5.32.0;https://docs.aws.amazon.com/vpc/latest/userguide/VPC_SecurityGroups.html | https://www.trendmicro.com/trendaivisiononecloudriskmanagement/knowledge-base/aws/EC2/security-group-rules-counts.html;;
profile: None;2026-07-14 16:40:35.360893;213146990554;;;;;;prowler-aws-ec2_securitygroup_with_many_ingress_egress_rules-213146990554-ap-southeast-2-sg-0e3756b7faacf9749;aws;ec2_securitygroup_with_many_ingress_egress_rules;Security group has 50 or fewer inbound rules and 50 or fewer outbound rules;Software and Configuration Checks/AWS Security Best Practices/Network Reachability | Software and Configuration Checks/Industry and Regulatory Standards/AWS Foundational Security Best Practices | Software and Configuration Checks/Industry and Regulatory Standards/CIS AWS Foundations Benchmark;PASS;Security group launch-wizard-2 (sg-0e3756b7faacf9749) has 3 inbound rules and 1 outbound rules.;False;ec2;;medium;AwsEc2SecurityGroup;arn:aws:ec2:ap-southeast-2:213146990554:security-group/sg-0e3756b7faacf9749;sg-0e3756b7faacf9749;launch-wizard-2;;aws;ap-southeast-2;**EC2 security groups** are evaluated for excessive rule counts, flagging groups where `ingress` or `egress` entries exceed the configured threshold (default `50`). This targets groups with unusually large rule sets that complicate access control.;**Rule sprawl** weakens **least privilege**: large rule sets can hide overly permissive entries, exposing services to the Internet or unintended peers. This enables unauthorized access, data exfiltration, and lateral movement, impacting **confidentiality** and **integrity**, and can threaten **availability** via abuse of exposed services.;;"Apply **least privilege** and **segmentation**:
- Limit rules to required ports, protocols, and sources
- Split workloads into dedicated security groups per role
- Prefer SG-to-SG references over broad CIDRs
- Regularly review, deduplicate, and remove stale rules
- Layer controls (NACLs, private endpoints) for **defense in depth**";https://hub.prowler.com/check/ec2_securitygroup_with_many_ingress_egress_rules;"```yaml
# CloudFormation: Security group with limited number of rules
Resources:
  <example_resource_name>:
    Type: AWS::EC2::SecurityGroup
    Properties:
      GroupDescription: ""<example_resource_name>""
      VpcId: <example_resource_id>
      SecurityGroupIngress:
        - IpProtocol: tcp
          FromPort: 443
          ToPort: 443
          CidrIp: 10.0.0.0/8  # Critical: keep total inbound rules  50; this example defines only 1 rule to ensure compliance
```";"```hcl
# Terraform: Security group with limited number of rules
resource ""aws_security_group"" ""<example_resource_name>"" {
  name   = ""<example_resource_name>""
  vpc_id = ""<example_resource_id>""

  ingress {                      # Critical: keep total ingress/egress rules  50; single rule ensures PASS
    from_port   = 443
    to_port     = 443
    protocol    = ""tcp""
    cidr_blocks = [""10.0.0.0/8""]
  }
}
```";;"1. In the AWS console, go to EC2 > Security Groups
2. Select the security group that FAILED
3. In Inbound rules, click Edit inbound rules
4. Delete rules until the inbound rule count is 50 or fewer, then Save
5. In Outbound rules, click Edit outbound rules
6. Delete rules until the outbound rule count is 50 or fewer, then Save";KISA-ISMS-P-2023-korean: 2.10.2 | ISO27001-2022: A.8.20, A.8.21, A.8.22 | AWS-Foundational-Technical-Review: NETSEC-001 | AWS-Well-Architected-Framework-Security-Pillar: SEC05-BP03 | KISA-ISMS-P-2023: 2.10.2;trust-boundaries;;;;5.32.0;https://docs.aws.amazon.com/vpc/latest/userguide/VPC_SecurityGroups.html | https://www.trendmicro.com/trendaivisiononecloudriskmanagement/knowledge-base/aws/EC2/security-group-rules-counts.html;;
profile: None;2026-07-14 16:40:35.360893;213146990554;;;;;;prowler-aws-ec2_securitygroup_with_many_ingress_egress_rules-213146990554-ap-southeast-2-sg-0b8ded5ed0698a732;aws;ec2_securitygroup_with_many_ingress_egress_rules;Security group has 50 or fewer inbound rules and 50 or fewer outbound rules;Software and Configuration Checks/AWS Security Best Practices/Network Reachability | Software and Configuration Checks/Industry and Regulatory Standards/AWS Foundational Security Best Practices | Software and Configuration Checks/Industry and Regulatory Standards/CIS AWS Foundations Benchmark;PASS;Security group launch-wizard-16 (sg-0b8ded5ed0698a732) has 4 inbound rules and 1 outbound rules.;False;ec2;;medium;AwsEc2SecurityGroup;arn:aws:ec2:ap-southeast-2:213146990554:security-group/sg-0b8ded5ed0698a732;sg-0b8ded5ed0698a732;launch-wizard-16;;aws;ap-southeast-2;**EC2 security groups** are evaluated for excessive rule counts, flagging groups where `ingress` or `egress` entries exceed the configured threshold (default `50`). This targets groups with unusually large rule sets that complicate access control.;**Rule sprawl** weakens **least privilege**: large rule sets can hide overly permissive entries, exposing services to the Internet or unintended peers. This enables unauthorized access, data exfiltration, and lateral movement, impacting **confidentiality** and **integrity**, and can threaten **availability** via abuse of exposed services.;;"Apply **least privilege** and **segmentation**:
- Limit rules to required ports, protocols, and sources
- Split workloads into dedicated security groups per role
- Prefer SG-to-SG references over broad CIDRs
- Regularly review, deduplicate, and remove stale rules
- Layer controls (NACLs, private endpoints) for **defense in depth**";https://hub.prowler.com/check/ec2_securitygroup_with_many_ingress_egress_rules;"```yaml
# CloudFormation: Security group with limited number of rules
Resources:
  <example_resource_name>:
    Type: AWS::EC2::SecurityGroup
    Properties:
      GroupDescription: ""<example_resource_name>""
      VpcId: <example_resource_id>
      SecurityGroupIngress:
        - IpProtocol: tcp
          FromPort: 443
          ToPort: 443
          CidrIp: 10.0.0.0/8  # Critical: keep total inbound rules  50; this example defines only 1 rule to ensure compliance
```";"```hcl
# Terraform: Security group with limited number of rules
resource ""aws_security_group"" ""<example_resource_name>"" {
  name   = ""<example_resource_name>""
  vpc_id = ""<example_resource_id>""

  ingress {                      # Critical: keep total ingress/egress rules  50; single rule ensures PASS
    from_port   = 443
    to_port     = 443
    protocol    = ""tcp""
    cidr_blocks = [""10.0.0.0/8""]
  }
}
```";;"1. In the AWS console, go to EC2 > Security Groups
2. Select the security group that FAILED
3. In Inbound rules, click Edit inbound rules
4. Delete rules until the inbound rule count is 50 or fewer, then Save
5. In Outbound rules, click Edit outbound rules
6. Delete rules until the outbound rule count is 50 or fewer, then Save";KISA-ISMS-P-2023-korean: 2.10.2 | ISO27001-2022: A.8.20, A.8.21, A.8.22 | AWS-Foundational-Technical-Review: NETSEC-001 | AWS-Well-Architected-Framework-Security-Pillar: SEC05-BP03 | KISA-ISMS-P-2023: 2.10.2;trust-boundaries;;;;5.32.0;https://docs.aws.amazon.com/vpc/latest/userguide/VPC_SecurityGroups.html | https://www.trendmicro.com/trendaivisiononecloudriskmanagement/knowledge-base/aws/EC2/security-group-rules-counts.html;;
profile: None;2026-07-14 16:40:35.360893;213146990554;;;;;;prowler-aws-ec2_securitygroup_with_many_ingress_egress_rules-213146990554-ap-southeast-2-sg-0a7306065b047c47a;aws;ec2_securitygroup_with_many_ingress_egress_rules;Security group has 50 or fewer inbound rules and 50 or fewer outbound rules;Software and Configuration Checks/AWS Security Best Practices/Network Reachability | Software and Configuration Checks/Industry and Regulatory Standards/AWS Foundational Security Best Practices | Software and Configuration Checks/Industry and Regulatory Standards/CIS AWS Foundations Benchmark;PASS;Security group launch-wizard-3 (sg-0a7306065b047c47a) has 1 inbound rules and 0 outbound rules.;False;ec2;;medium;AwsEc2SecurityGroup;arn:aws:ec2:ap-southeast-2:213146990554:security-group/sg-0a7306065b047c47a;sg-0a7306065b047c47a;launch-wizard-3;;aws;ap-southeast-2;**EC2 security groups** are evaluated for excessive rule counts, flagging groups where `ingress` or `egress` entries exceed the configured threshold (default `50`). This targets groups with unusually large rule sets that complicate access control.;**Rule sprawl** weakens **least privilege**: large rule sets can hide overly permissive entries, exposing services to the Internet or unintended peers. This enables unauthorized access, data exfiltration, and lateral movement, impacting **confidentiality** and **integrity**, and can threaten **availability** via abuse of exposed services.;;"Apply **least privilege** and **segmentation**:
- Limit rules to required ports, protocols, and sources
- Split workloads into dedicated security groups per role
- Prefer SG-to-SG references over broad CIDRs
- Regularly review, deduplicate, and remove stale rules
- Layer controls (NACLs, private endpoints) for **defense in depth**";https://hub.prowler.com/check/ec2_securitygroup_with_many_ingress_egress_rules;"```yaml
# CloudFormation: Security group with limited number of rules
Resources:
  <example_resource_name>:
    Type: AWS::EC2::SecurityGroup
    Properties:
      GroupDescription: ""<example_resource_name>""
      VpcId: <example_resource_id>
      SecurityGroupIngress:
        - IpProtocol: tcp
          FromPort: 443
          ToPort: 443
          CidrIp: 10.0.0.0/8  # Critical: keep total inbound rules  50; this example defines only 1 rule to ensure compliance
```";"```hcl
# Terraform: Security group with limited number of rules
resource ""aws_security_group"" ""<example_resource_name>"" {
  name   = ""<example_resource_name>""
  vpc_id = ""<example_resource_id>""

  ingress {                      # Critical: keep total ingress/egress rules  50; single rule ensures PASS
    from_port   = 443
    to_port     = 443
    protocol    = ""tcp""
    cidr_blocks = [""10.0.0.0/8""]
  }
}
```";;"1. In the AWS console, go to EC2 > Security Groups
2. Select the security group that FAILED
3. In Inbound rules, click Edit inbound rules
4. Delete rules until the inbound rule count is 50 or fewer, then Save
5. In Outbound rules, click Edit outbound rules
6. Delete rules until the outbound rule count is 50 or fewer, then Save";KISA-ISMS-P-2023-korean: 2.10.2 | ISO27001-2022: A.8.20, A.8.21, A.8.22 | AWS-Foundational-Technical-Review: NETSEC-001 | AWS-Well-Architected-Framework-Security-Pillar: SEC05-BP03 | KISA-ISMS-P-2023: 2.10.2;trust-boundaries;;;;5.32.0;https://docs.aws.amazon.com/vpc/latest/userguide/VPC_SecurityGroups.html | https://www.trendmicro.com/trendaivisiononecloudriskmanagement/knowledge-base/aws/EC2/security-group-rules-counts.html;;
profile: None;2026-07-14 16:40:35.360893;213146990554;;;;;;prowler-aws-ec2_securitygroup_with_many_ingress_egress_rules-213146990554-ap-southeast-2-sg-0e126e8fe16324420;aws;ec2_securitygroup_with_many_ingress_egress_rules;Security group has 50 or fewer inbound rules and 50 or fewer outbound rules;Software and Configuration Checks/AWS Security Best Practices/Network Reachability | Software and Configuration Checks/Industry and Regulatory Standards/AWS Foundational Security Best Practices | Software and Configuration Checks/Industry and Regulatory Standards/CIS AWS Foundations Benchmark;PASS;Security group launch-wizard-21 (sg-0e126e8fe16324420) has 4 inbound rules and 1 outbound rules.;False;ec2;;medium;AwsEc2SecurityGroup;arn:aws:ec2:ap-southeast-2:213146990554:security-group/sg-0e126e8fe16324420;sg-0e126e8fe16324420;launch-wizard-21;;aws;ap-southeast-2;**EC2 security groups** are evaluated for excessive rule counts, flagging groups where `ingress` or `egress` entries exceed the configured threshold (default `50`). This targets groups with unusually large rule sets that complicate access control.;**Rule sprawl** weakens **least privilege**: large rule sets can hide overly permissive entries, exposing services to the Internet or unintended peers. This enables unauthorized access, data exfiltration, and lateral movement, impacting **confidentiality** and **integrity**, and can threaten **availability** via abuse of exposed services.;;"Apply **least privilege** and **segmentation**:
- Limit rules to required ports, protocols, and sources
- Split workloads into dedicated security groups per role
- Prefer SG-to-SG references over broad CIDRs
- Regularly review, deduplicate, and remove stale rules
- Layer controls (NACLs, private endpoints) for **defense in depth**";https://hub.prowler.com/check/ec2_securitygroup_with_many_ingress_egress_rules;"```yaml
# CloudFormation: Security group with limited number of rules
Resources:
  <example_resource_name>:
    Type: AWS::EC2::SecurityGroup
    Properties:
      GroupDescription: ""<example_resource_name>""
      VpcId: <example_resource_id>
      SecurityGroupIngress:
        - IpProtocol: tcp
          FromPort: 443
          ToPort: 443
          CidrIp: 10.0.0.0/8  # Critical: keep total inbound rules  50; this example defines only 1 rule to ensure compliance
```";"```hcl
# Terraform: Security group with limited number of rules
resource ""aws_security_group"" ""<example_resource_name>"" {
  name   = ""<example_resource_name>""
  vpc_id = ""<example_resource_id>""

  ingress {                      # Critical: keep total ingress/egress rules  50; single rule ensures PASS
    from_port   = 443
    to_port     = 443
    protocol    = ""tcp""
    cidr_blocks = [""10.0.0.0/8""]
  }
}
```";;"1. In the AWS console, go to EC2 > Security Groups
2. Select the security group that FAILED
3. In Inbound rules, click Edit inbound rules
4. Delete rules until the inbound rule count is 50 or fewer, then Save
5. In Outbound rules, click Edit outbound rules
6. Delete rules until the outbound rule count is 50 or fewer, then Save";KISA-ISMS-P-2023-korean: 2.10.2 | ISO27001-2022: A.8.20, A.8.21, A.8.22 | AWS-Foundational-Technical-Review: NETSEC-001 | AWS-Well-Architected-Framework-Security-Pillar: SEC05-BP03 | KISA-ISMS-P-2023: 2.10.2;trust-boundaries;;;;5.32.0;https://docs.aws.amazon.com/vpc/latest/userguide/VPC_SecurityGroups.html | https://www.trendmicro.com/trendaivisiononecloudriskmanagement/knowledge-base/aws/EC2/security-group-rules-counts.html;;
profile: None;2026-07-14 16:40:35.360893;213146990554;;;;;;prowler-aws-ec2_securitygroup_with_many_ingress_egress_rules-213146990554-ap-southeast-2-sg-05dd4ebdd18f412c1;aws;ec2_securitygroup_with_many_ingress_egress_rules;Security group has 50 or fewer inbound rules and 50 or fewer outbound rules;Software and Configuration Checks/AWS Security Best Practices/Network Reachability | Software and Configuration Checks/Industry and Regulatory Standards/AWS Foundational Security Best Practices | Software and Configuration Checks/Industry and Regulatory Standards/CIS AWS Foundations Benchmark;PASS;Security group launch-wizard-19 (sg-05dd4ebdd18f412c1) has 1 inbound rules and 1 outbound rules.;False;ec2;;medium;AwsEc2SecurityGroup;arn:aws:ec2:ap-southeast-2:213146990554:security-group/sg-05dd4ebdd18f412c1;sg-05dd4ebdd18f412c1;launch-wizard-19;;aws;ap-southeast-2;**EC2 security groups** are evaluated for excessive rule counts, flagging groups where `ingress` or `egress` entries exceed the configured threshold (default `50`). This targets groups with unusually large rule sets that complicate access control.;**Rule sprawl** weakens **least privilege**: large rule sets can hide overly permissive entries, exposing services to the Internet or unintended peers. This enables unauthorized access, data exfiltration, and lateral movement, impacting **confidentiality** and **integrity**, and can threaten **availability** via abuse of exposed services.;;"Apply **least privilege** and **segmentation**:
- Limit rules to required ports, protocols, and sources
- Split workloads into dedicated security groups per role
- Prefer SG-to-SG references over broad CIDRs
- Regularly review, deduplicate, and remove stale rules
- Layer controls (NACLs, private endpoints) for **defense in depth**";https://hub.prowler.com/check/ec2_securitygroup_with_many_ingress_egress_rules;"```yaml
# CloudFormation: Security group with limited number of rules
Resources:
  <example_resource_name>:
    Type: AWS::EC2::SecurityGroup
    Properties:
      GroupDescription: ""<example_resource_name>""
      VpcId: <example_resource_id>
      SecurityGroupIngress:
        - IpProtocol: tcp
          FromPort: 443
          ToPort: 443
          CidrIp: 10.0.0.0/8  # Critical: keep total inbound rules  50; this example defines only 1 rule to ensure compliance
```";"```hcl
# Terraform: Security group with limited number of rules
resource ""aws_security_group"" ""<example_resource_name>"" {
  name   = ""<example_resource_name>""
  vpc_id = ""<example_resource_id>""

  ingress {                      # Critical: keep total ingress/egress rules  50; single rule ensures PASS
    from_port   = 443
    to_port     = 443
    protocol    = ""tcp""
    cidr_blocks = [""10.0.0.0/8""]
  }
}
```";;"1. In the AWS console, go to EC2 > Security Groups
2. Select the security group that FAILED
3. In Inbound rules, click Edit inbound rules
4. Delete rules until the inbound rule count is 50 or fewer, then Save
5. In Outbound rules, click Edit outbound rules
6. Delete rules until the outbound rule count is 50 or fewer, then Save";KISA-ISMS-P-2023-korean: 2.10.2 | ISO27001-2022: A.8.20, A.8.21, A.8.22 | AWS-Foundational-Technical-Review: NETSEC-001 | AWS-Well-Architected-Framework-Security-Pillar: SEC05-BP03 | KISA-ISMS-P-2023: 2.10.2;trust-boundaries;;;;5.32.0;https://docs.aws.amazon.com/vpc/latest/userguide/VPC_SecurityGroups.html | https://www.trendmicro.com/trendaivisiononecloudriskmanagement/knowledge-base/aws/EC2/security-group-rules-counts.html;;
profile: None;2026-07-14 16:40:35.360893;213146990554;;;;;;prowler-aws-ec2_securitygroup_with_many_ingress_egress_rules-213146990554-ap-southeast-2-sg-0d759a2bdfa128cd1;aws;ec2_securitygroup_with_many_ingress_egress_rules;Security group has 50 or fewer inbound rules and 50 or fewer outbound rules;Software and Configuration Checks/AWS Security Best Practices/Network Reachability | Software and Configuration Checks/Industry and Regulatory Standards/AWS Foundational Security Best Practices | Software and Configuration Checks/Industry and Regulatory Standards/CIS AWS Foundations Benchmark;PASS;Security group launch-wizard-7 (sg-0d759a2bdfa128cd1) has 2 inbound rules and 1 outbound rules.;False;ec2;;medium;AwsEc2SecurityGroup;arn:aws:ec2:ap-southeast-2:213146990554:security-group/sg-0d759a2bdfa128cd1;sg-0d759a2bdfa128cd1;launch-wizard-7;;aws;ap-southeast-2;**EC2 security groups** are evaluated for excessive rule counts, flagging groups where `ingress` or `egress` entries exceed the configured threshold (default `50`). This targets groups with unusually large rule sets that complicate access control.;**Rule sprawl** weakens **least privilege**: large rule sets can hide overly permissive entries, exposing services to the Internet or unintended peers. This enables unauthorized access, data exfiltration, and lateral movement, impacting **confidentiality** and **integrity**, and can threaten **availability** via abuse of exposed services.;;"Apply **least privilege** and **segmentation**:
- Limit rules to required ports, protocols, and sources
- Split workloads into dedicated security groups per role
- Prefer SG-to-SG references over broad CIDRs
- Regularly review, deduplicate, and remove stale rules
- Layer controls (NACLs, private endpoints) for **defense in depth**";https://hub.prowler.com/check/ec2_securitygroup_with_many_ingress_egress_rules;"```yaml
# CloudFormation: Security group with limited number of rules
Resources:
  <example_resource_name>:
    Type: AWS::EC2::SecurityGroup
    Properties:
      GroupDescription: ""<example_resource_name>""
      VpcId: <example_resource_id>
      SecurityGroupIngress:
        - IpProtocol: tcp
          FromPort: 443
          ToPort: 443
          CidrIp: 10.0.0.0/8  # Critical: keep total inbound rules  50; this example defines only 1 rule to ensure compliance
```";"```hcl
# Terraform: Security group with limited number of rules
resource ""aws_security_group"" ""<example_resource_name>"" {
  name   = ""<example_resource_name>""
  vpc_id = ""<example_resource_id>""

  ingress {                      # Critical: keep total ingress/egress rules  50; single rule ensures PASS
    from_port   = 443
    to_port     = 443
    protocol    = ""tcp""
    cidr_blocks = [""10.0.0.0/8""]
  }
}
```";;"1. In the AWS console, go to EC2 > Security Groups
2. Select the security group that FAILED
3. In Inbound rules, click Edit inbound rules
4. Delete rules until the inbound rule count is 50 or fewer, then Save
5. In Outbound rules, click Edit outbound rules
6. Delete rules until the outbound rule count is 50 or fewer, then Save";KISA-ISMS-P-2023-korean: 2.10.2 | ISO27001-2022: A.8.20, A.8.21, A.8.22 | AWS-Foundational-Technical-Review: NETSEC-001 | AWS-Well-Architected-Framework-Security-Pillar: SEC05-BP03 | KISA-ISMS-P-2023: 2.10.2;trust-boundaries;;;;5.32.0;https://docs.aws.amazon.com/vpc/latest/userguide/VPC_SecurityGroups.html | https://www.trendmicro.com/trendaivisiononecloudriskmanagement/knowledge-base/aws/EC2/security-group-rules-counts.html;;
profile: None;2026-07-14 16:40:35.360893;213146990554;;;;;;prowler-aws-ec2_securitygroup_with_many_ingress_egress_rules-213146990554-ap-southeast-2-sg-045dc2456086efc1d;aws;ec2_securitygroup_with_many_ingress_egress_rules;Security group has 50 or fewer inbound rules and 50 or fewer outbound rules;Software and Configuration Checks/AWS Security Best Practices/Network Reachability | Software and Configuration Checks/Industry and Regulatory Standards/AWS Foundational Security Best Practices | Software and Configuration Checks/Industry and Regulatory Standards/CIS AWS Foundations Benchmark;PASS;Security group launch-wizard-11 (sg-045dc2456086efc1d) has 1 inbound rules and 1 outbound rules.;False;ec2;;medium;AwsEc2SecurityGroup;arn:aws:ec2:ap-southeast-2:213146990554:security-group/sg-045dc2456086efc1d;sg-045dc2456086efc1d;launch-wizard-11;;aws;ap-southeast-2;**EC2 security groups** are evaluated for excessive rule counts, flagging groups where `ingress` or `egress` entries exceed the configured threshold (default `50`). This targets groups with unusually large rule sets that complicate access control.;**Rule sprawl** weakens **least privilege**: large rule sets can hide overly permissive entries, exposing services to the Internet or unintended peers. This enables unauthorized access, data exfiltration, and lateral movement, impacting **confidentiality** and **integrity**, and can threaten **availability** via abuse of exposed services.;;"Apply **least privilege** and **segmentation**:
- Limit rules to required ports, protocols, and sources
- Split workloads into dedicated security groups per role
- Prefer SG-to-SG references over broad CIDRs
- Regularly review, deduplicate, and remove stale rules
- Layer controls (NACLs, private endpoints) for **defense in depth**";https://hub.prowler.com/check/ec2_securitygroup_with_many_ingress_egress_rules;"```yaml
# CloudFormation: Security group with limited number of rules
Resources:
  <example_resource_name>:
    Type: AWS::EC2::SecurityGroup
    Properties:
      GroupDescription: ""<example_resource_name>""
      VpcId: <example_resource_id>
      SecurityGroupIngress:
        - IpProtocol: tcp
          FromPort: 443
          ToPort: 443
          CidrIp: 10.0.0.0/8  # Critical: keep total inbound rules  50; this example defines only 1 rule to ensure compliance
```";"```hcl
# Terraform: Security group with limited number of rules
resource ""aws_security_group"" ""<example_resource_name>"" {
  name   = ""<example_resource_name>""
  vpc_id = ""<example_resource_id>""

  ingress {                      # Critical: keep total ingress/egress rules  50; single rule ensures PASS
    from_port   = 443
    to_port     = 443
    protocol    = ""tcp""
    cidr_blocks = [""10.0.0.0/8""]
  }
}
```";;"1. In the AWS console, go to EC2 > Security Groups
2. Select the security group that FAILED
3. In Inbound rules, click Edit inbound rules
4. Delete rules until the inbound rule count is 50 or fewer, then Save
5. In Outbound rules, click Edit outbound rules
6. Delete rules until the outbound rule count is 50 or fewer, then Save";KISA-ISMS-P-2023-korean: 2.10.2 | ISO27001-2022: A.8.20, A.8.21, A.8.22 | AWS-Foundational-Technical-Review: NETSEC-001 | AWS-Well-Architected-Framework-Security-Pillar: SEC05-BP03 | KISA-ISMS-P-2023: 2.10.2;trust-boundaries;;;;5.32.0;https://docs.aws.amazon.com/vpc/latest/userguide/VPC_SecurityGroups.html | https://www.trendmicro.com/trendaivisiononecloudriskmanagement/knowledge-base/aws/EC2/security-group-rules-counts.html;;
profile: None;2026-07-14 16:40:35.360893;213146990554;;;;;;prowler-aws-ec2_securitygroup_with_many_ingress_egress_rules-213146990554-ap-southeast-2-sg-07c211d3ff7ed3416;aws;ec2_securitygroup_with_many_ingress_egress_rules;Security group has 50 or fewer inbound rules and 50 or fewer outbound rules;Software and Configuration Checks/AWS Security Best Practices/Network Reachability | Software and Configuration Checks/Industry and Regulatory Standards/AWS Foundational Security Best Practices | Software and Configuration Checks/Industry and Regulatory Standards/CIS AWS Foundations Benchmark;PASS;Security group Kali Linux-2026.1-amd64-AutogenByAWSMP--1 (sg-07c211d3ff7ed3416) has 2 inbound rules and 1 outbound rules.;False;ec2;;medium;AwsEc2SecurityGroup;arn:aws:ec2:ap-southeast-2:213146990554:security-group/sg-07c211d3ff7ed3416;sg-07c211d3ff7ed3416;Kali Linux-2026.1-amd64-AutogenByAWSMP--1;;aws;ap-southeast-2;**EC2 security groups** are evaluated for excessive rule counts, flagging groups where `ingress` or `egress` entries exceed the configured threshold (default `50`). This targets groups with unusually large rule sets that complicate access control.;**Rule sprawl** weakens **least privilege**: large rule sets can hide overly permissive entries, exposing services to the Internet or unintended peers. This enables unauthorized access, data exfiltration, and lateral movement, impacting **confidentiality** and **integrity**, and can threaten **availability** via abuse of exposed services.;;"Apply **least privilege** and **segmentation**:
- Limit rules to required ports, protocols, and sources
- Split workloads into dedicated security groups per role
- Prefer SG-to-SG references over broad CIDRs
- Regularly review, deduplicate, and remove stale rules
- Layer controls (NACLs, private endpoints) for **defense in depth**";https://hub.prowler.com/check/ec2_securitygroup_with_many_ingress_egress_rules;"```yaml
# CloudFormation: Security group with limited number of rules
Resources:
  <example_resource_name>:
    Type: AWS::EC2::SecurityGroup
    Properties:
      GroupDescription: ""<example_resource_name>""
      VpcId: <example_resource_id>
      SecurityGroupIngress:
        - IpProtocol: tcp
          FromPort: 443
          ToPort: 443
          CidrIp: 10.0.0.0/8  # Critical: keep total inbound rules  50; this example defines only 1 rule to ensure compliance
```";"```hcl
# Terraform: Security group with limited number of rules
resource ""aws_security_group"" ""<example_resource_name>"" {
  name   = ""<example_resource_name>""
  vpc_id = ""<example_resource_id>""

  ingress {                      # Critical: keep total ingress/egress rules  50; single rule ensures PASS
    from_port   = 443
    to_port     = 443
    protocol    = ""tcp""
    cidr_blocks = [""10.0.0.0/8""]
  }
}
```";;"1. In the AWS console, go to EC2 > Security Groups
2. Select the security group that FAILED
3. In Inbound rules, click Edit inbound rules
4. Delete rules until the inbound rule count is 50 or fewer, then Save
5. In Outbound rules, click Edit outbound rules
6. Delete rules until the outbound rule count is 50 or fewer, then Save";KISA-ISMS-P-2023-korean: 2.10.2 | ISO27001-2022: A.8.20, A.8.21, A.8.22 | AWS-Foundational-Technical-Review: NETSEC-001 | AWS-Well-Architected-Framework-Security-Pillar: SEC05-BP03 | KISA-ISMS-P-2023: 2.10.2;trust-boundaries;;;;5.32.0;https://docs.aws.amazon.com/vpc/latest/userguide/VPC_SecurityGroups.html | https://www.trendmicro.com/trendaivisiononecloudriskmanagement/knowledge-base/aws/EC2/security-group-rules-counts.html;;
profile: None;2026-07-14 16:40:35.360893;213146990554;;;;;;prowler-aws-ec2_securitygroup_with_many_ingress_egress_rules-213146990554-ap-southeast-2-sg-0fa04d76ad5a60f29;aws;ec2_securitygroup_with_many_ingress_egress_rules;Security group has 50 or fewer inbound rules and 50 or fewer outbound rules;Software and Configuration Checks/AWS Security Best Practices/Network Reachability | Software and Configuration Checks/Industry and Regulatory Standards/AWS Foundational Security Best Practices | Software and Configuration Checks/Industry and Regulatory Standards/CIS AWS Foundations Benchmark;PASS;Security group launch-wizard-13 (sg-0fa04d76ad5a60f29) has 3 inbound rules and 1 outbound rules.;False;ec2;;medium;AwsEc2SecurityGroup;arn:aws:ec2:ap-southeast-2:213146990554:security-group/sg-0fa04d76ad5a60f29;sg-0fa04d76ad5a60f29;launch-wizard-13;;aws;ap-southeast-2;**EC2 security groups** are evaluated for excessive rule counts, flagging groups where `ingress` or `egress` entries exceed the configured threshold (default `50`). This targets groups with unusually large rule sets that complicate access control.;**Rule sprawl** weakens **least privilege**: large rule sets can hide overly permissive entries, exposing services to the Internet or unintended peers. This enables unauthorized access, data exfiltration, and lateral movement, impacting **confidentiality** and **integrity**, and can threaten **availability** via abuse of exposed services.;;"Apply **least privilege** and **segmentation**:
- Limit rules to required ports, protocols, and sources
- Split workloads into dedicated security groups per role
- Prefer SG-to-SG references over broad CIDRs
- Regularly review, deduplicate, and remove stale rules
- Layer controls (NACLs, private endpoints) for **defense in depth**";https://hub.prowler.com/check/ec2_securitygroup_with_many_ingress_egress_rules;"```yaml
# CloudFormation: Security group with limited number of rules
Resources:
  <example_resource_name>:
    Type: AWS::EC2::SecurityGroup
    Properties:
      GroupDescription: ""<example_resource_name>""
      VpcId: <example_resource_id>
      SecurityGroupIngress:
        - IpProtocol: tcp
          FromPort: 443
          ToPort: 443
          CidrIp: 10.0.0.0/8  # Critical: keep total inbound rules  50; this example defines only 1 rule to ensure compliance
```";"```hcl
# Terraform: Security group with limited number of rules
resource ""aws_security_group"" ""<example_resource_name>"" {
  name   = ""<example_resource_name>""
  vpc_id = ""<example_resource_id>""

  ingress {                      # Critical: keep total ingress/egress rules  50; single rule ensures PASS
    from_port   = 443
    to_port     = 443
    protocol    = ""tcp""
    cidr_blocks = [""10.0.0.0/8""]
  }
}
```";;"1. In the AWS console, go to EC2 > Security Groups
2. Select the security group that FAILED
3. In Inbound rules, click Edit inbound rules
4. Delete rules until the inbound rule count is 50 or fewer, then Save
5. In Outbound rules, click Edit outbound rules
6. Delete rules until the outbound rule count is 50 or fewer, then Save";KISA-ISMS-P-2023-korean: 2.10.2 | ISO27001-2022: A.8.20, A.8.21, A.8.22 | AWS-Foundational-Technical-Review: NETSEC-001 | AWS-Well-Architected-Framework-Security-Pillar: SEC05-BP03 | KISA-ISMS-P-2023: 2.10.2;trust-boundaries;;;;5.32.0;https://docs.aws.amazon.com/vpc/latest/userguide/VPC_SecurityGroups.html | https://www.trendmicro.com/trendaivisiononecloudriskmanagement/knowledge-base/aws/EC2/security-group-rules-counts.html;;
profile: None;2026-07-14 16:40:35.360893;213146990554;;;;;;prowler-aws-ec2_securitygroup_with_many_ingress_egress_rules-213146990554-ap-southeast-2-sg-0b304f3d171f7dd95;aws;ec2_securitygroup_with_many_ingress_egress_rules;Security group has 50 or fewer inbound rules and 50 or fewer outbound rules;Software and Configuration Checks/AWS Security Best Practices/Network Reachability | Software and Configuration Checks/Industry and Regulatory Standards/AWS Foundational Security Best Practices | Software and Configuration Checks/Industry and Regulatory Standards/CIS AWS Foundations Benchmark;PASS;Security group launch-wizard-25 (sg-0b304f3d171f7dd95) has 1 inbound rules and 1 outbound rules.;False;ec2;;medium;AwsEc2SecurityGroup;arn:aws:ec2:ap-southeast-2:213146990554:security-group/sg-0b304f3d171f7dd95;sg-0b304f3d171f7dd95;launch-wizard-25;;aws;ap-southeast-2;**EC2 security groups** are evaluated for excessive rule counts, flagging groups where `ingress` or `egress` entries exceed the configured threshold (default `50`). This targets groups with unusually large rule sets that complicate access control.;**Rule sprawl** weakens **least privilege**: large rule sets can hide overly permissive entries, exposing services to the Internet or unintended peers. This enables unauthorized access, data exfiltration, and lateral movement, impacting **confidentiality** and **integrity**, and can threaten **availability** via abuse of exposed services.;;"Apply **least privilege** and **segmentation**:
- Limit rules to required ports, protocols, and sources
- Split workloads into dedicated security groups per role
- Prefer SG-to-SG references over broad CIDRs
- Regularly review, deduplicate, and remove stale rules
- Layer controls (NACLs, private endpoints) for **defense in depth**";https://hub.prowler.com/check/ec2_securitygroup_with_many_ingress_egress_rules;"```yaml
# CloudFormation: Security group with limited number of rules
Resources:
  <example_resource_name>:
    Type: AWS::EC2::SecurityGroup
    Properties:
      GroupDescription: ""<example_resource_name>""
      VpcId: <example_resource_id>
      SecurityGroupIngress:
        - IpProtocol: tcp
          FromPort: 443
          ToPort: 443
          CidrIp: 10.0.0.0/8  # Critical: keep total inbound rules  50; this example defines only 1 rule to ensure compliance
```";"```hcl
# Terraform: Security group with limited number of rules
resource ""aws_security_group"" ""<example_resource_name>"" {
  name   = ""<example_resource_name>""
  vpc_id = ""<example_resource_id>""

  ingress {                      # Critical: keep total ingress/egress rules  50; single rule ensures PASS
    from_port   = 443
    to_port     = 443
    protocol    = ""tcp""
    cidr_blocks = [""10.0.0.0/8""]
  }
}
```";;"1. In the AWS console, go to EC2 > Security Groups
2. Select the security group that FAILED
3. In Inbound rules, click Edit inbound rules
4. Delete rules until the inbound rule count is 50 or fewer, then Save
5. In Outbound rules, click Edit outbound rules
6. Delete rules until the outbound rule count is 50 or fewer, then Save";KISA-ISMS-P-2023-korean: 2.10.2 | ISO27001-2022: A.8.20, A.8.21, A.8.22 | AWS-Foundational-Technical-Review: NETSEC-001 | AWS-Well-Architected-Framework-Security-Pillar: SEC05-BP03 | KISA-ISMS-P-2023: 2.10.2;trust-boundaries;;;;5.32.0;https://docs.aws.amazon.com/vpc/latest/userguide/VPC_SecurityGroups.html | https://www.trendmicro.com/trendaivisiononecloudriskmanagement/knowledge-base/aws/EC2/security-group-rules-counts.html;;
profile: None;2026-07-14 16:40:35.360893;213146990554;;;;;;prowler-aws-ec2_securitygroup_with_many_ingress_egress_rules-213146990554-ap-southeast-2-sg-090f341b3a192d510;aws;ec2_securitygroup_with_many_ingress_egress_rules;Security group has 50 or fewer inbound rules and 50 or fewer outbound rules;Software and Configuration Checks/AWS Security Best Practices/Network Reachability | Software and Configuration Checks/Industry and Regulatory Standards/AWS Foundational Security Best Practices | Software and Configuration Checks/Industry and Regulatory Standards/CIS AWS Foundations Benchmark;PASS;Security group default (sg-090f341b3a192d510) has 1 inbound rules and 1 outbound rules.;False;ec2;;medium;AwsEc2SecurityGroup;arn:aws:ec2:ap-southeast-2:213146990554:security-group/sg-090f341b3a192d510;sg-090f341b3a192d510;default;;aws;ap-southeast-2;**EC2 security groups** are evaluated for excessive rule counts, flagging groups where `ingress` or `egress` entries exceed the configured threshold (default `50`). This targets groups with unusually large rule sets that complicate access control.;**Rule sprawl** weakens **least privilege**: large rule sets can hide overly permissive entries, exposing services to the Internet or unintended peers. This enables unauthorized access, data exfiltration, and lateral movement, impacting **confidentiality** and **integrity**, and can threaten **availability** via abuse of exposed services.;;"Apply **least privilege** and **segmentation**:
- Limit rules to required ports, protocols, and sources
- Split workloads into dedicated security groups per role
- Prefer SG-to-SG references over broad CIDRs
- Regularly review, deduplicate, and remove stale rules
- Layer controls (NACLs, private endpoints) for **defense in depth**";https://hub.prowler.com/check/ec2_securitygroup_with_many_ingress_egress_rules;"```yaml
# CloudFormation: Security group with limited number of rules
Resources:
  <example_resource_name>:
    Type: AWS::EC2::SecurityGroup
    Properties:
      GroupDescription: ""<example_resource_name>""
      VpcId: <example_resource_id>
      SecurityGroupIngress:
        - IpProtocol: tcp
          FromPort: 443
          ToPort: 443
          CidrIp: 10.0.0.0/8  # Critical: keep total inbound rules  50; this example defines only 1 rule to ensure compliance
```";"```hcl
# Terraform: Security group with limited number of rules
resource ""aws_security_group"" ""<example_resource_name>"" {
  name   = ""<example_resource_name>""
  vpc_id = ""<example_resource_id>""

  ingress {                      # Critical: keep total ingress/egress rules  50; single rule ensures PASS
    from_port   = 443
    to_port     = 443
    protocol    = ""tcp""
    cidr_blocks = [""10.0.0.0/8""]
  }
}
```";;"1. In the AWS console, go to EC2 > Security Groups
2. Select the security group that FAILED
3. In Inbound rules, click Edit inbound rules
4. Delete rules until the inbound rule count is 50 or fewer, then Save
5. In Outbound rules, click Edit outbound rules
6. Delete rules until the outbound rule count is 50 or fewer, then Save";KISA-ISMS-P-2023-korean: 2.10.2 | ISO27001-2022: A.8.20, A.8.21, A.8.22 | AWS-Foundational-Technical-Review: NETSEC-001 | AWS-Well-Architected-Framework-Security-Pillar: SEC05-BP03 | KISA-ISMS-P-2023: 2.10.2;trust-boundaries;;;;5.32.0;https://docs.aws.amazon.com/vpc/latest/userguide/VPC_SecurityGroups.html | https://www.trendmicro.com/trendaivisiononecloudriskmanagement/knowledge-base/aws/EC2/security-group-rules-counts.html;;
profile: None;2026-07-14 16:40:35.360893;213146990554;;;;;;prowler-aws-ec2_securitygroup_with_many_ingress_egress_rules-213146990554-ap-southeast-2-sg-091fb088c3998e4c9;aws;ec2_securitygroup_with_many_ingress_egress_rules;Security group has 50 or fewer inbound rules and 50 or fewer outbound rules;Software and Configuration Checks/AWS Security Best Practices/Network Reachability | Software and Configuration Checks/Industry and Regulatory Standards/AWS Foundational Security Best Practices | Software and Configuration Checks/Industry and Regulatory Standards/CIS AWS Foundations Benchmark;PASS;Security group Kali Linux-2026.1-amd64-AutogenByAWSMP--3 (sg-091fb088c3998e4c9) has 1 inbound rules and 1 outbound rules.;False;ec2;;medium;AwsEc2SecurityGroup;arn:aws:ec2:ap-southeast-2:213146990554:security-group/sg-091fb088c3998e4c9;sg-091fb088c3998e4c9;Kali Linux-2026.1-amd64-AutogenByAWSMP--3;;aws;ap-southeast-2;**EC2 security groups** are evaluated for excessive rule counts, flagging groups where `ingress` or `egress` entries exceed the configured threshold (default `50`). This targets groups with unusually large rule sets that complicate access control.;**Rule sprawl** weakens **least privilege**: large rule sets can hide overly permissive entries, exposing services to the Internet or unintended peers. This enables unauthorized access, data exfiltration, and lateral movement, impacting **confidentiality** and **integrity**, and can threaten **availability** via abuse of exposed services.;;"Apply **least privilege** and **segmentation**:
- Limit rules to required ports, protocols, and sources
- Split workloads into dedicated security groups per role
- Prefer SG-to-SG references over broad CIDRs
- Regularly review, deduplicate, and remove stale rules
- Layer controls (NACLs, private endpoints) for **defense in depth**";https://hub.prowler.com/check/ec2_securitygroup_with_many_ingress_egress_rules;"```yaml
# CloudFormation: Security group with limited number of rules
Resources:
  <example_resource_name>:
    Type: AWS::EC2::SecurityGroup
    Properties:
      GroupDescription: ""<example_resource_name>""
      VpcId: <example_resource_id>
      SecurityGroupIngress:
        - IpProtocol: tcp
          FromPort: 443
          ToPort: 443
          CidrIp: 10.0.0.0/8  # Critical: keep total inbound rules  50; this example defines only 1 rule to ensure compliance
```";"```hcl
# Terraform: Security group with limited number of rules
resource ""aws_security_group"" ""<example_resource_name>"" {
  name   = ""<example_resource_name>""
  vpc_id = ""<example_resource_id>""

  ingress {                      # Critical: keep total ingress/egress rules  50; single rule ensures PASS
    from_port   = 443
    to_port     = 443
    protocol    = ""tcp""
    cidr_blocks = [""10.0.0.0/8""]
  }
}
```";;"1. In the AWS console, go to EC2 > Security Groups
2. Select the security group that FAILED
3. In Inbound rules, click Edit inbound rules
4. Delete rules until the inbound rule count is 50 or fewer, then Save
5. In Outbound rules, click Edit outbound rules
6. Delete rules until the outbound rule count is 50 or fewer, then Save";KISA-ISMS-P-2023-korean: 2.10.2 | ISO27001-2022: A.8.20, A.8.21, A.8.22 | AWS-Foundational-Technical-Review: NETSEC-001 | AWS-Well-Architected-Framework-Security-Pillar: SEC05-BP03 | KISA-ISMS-P-2023: 2.10.2;trust-boundaries;;;;5.32.0;https://docs.aws.amazon.com/vpc/latest/userguide/VPC_SecurityGroups.html | https://www.trendmicro.com/trendaivisiononecloudriskmanagement/knowledge-base/aws/EC2/security-group-rules-counts.html;;
profile: None;2026-07-14 16:40:35.360893;213146990554;;;;;;prowler-aws-ec2_securitygroup_with_many_ingress_egress_rules-213146990554-ap-southeast-2-sg-0f4d71516c8b2e2d3;aws;ec2_securitygroup_with_many_ingress_egress_rules;Security group has 50 or fewer inbound rules and 50 or fewer outbound rules;Software and Configuration Checks/AWS Security Best Practices/Network Reachability | Software and Configuration Checks/Industry and Regulatory Standards/AWS Foundational Security Best Practices | Software and Configuration Checks/Industry and Regulatory Standards/CIS AWS Foundations Benchmark;PASS;Security group launch-wizard-18 (sg-0f4d71516c8b2e2d3) has 5 inbound rules and 1 outbound rules.;False;ec2;;medium;AwsEc2SecurityGroup;arn:aws:ec2:ap-southeast-2:213146990554:security-group/sg-0f4d71516c8b2e2d3;sg-0f4d71516c8b2e2d3;launch-wizard-18;;aws;ap-southeast-2;**EC2 security groups** are evaluated for excessive rule counts, flagging groups where `ingress` or `egress` entries exceed the configured threshold (default `50`). This targets groups with unusually large rule sets that complicate access control.;**Rule sprawl** weakens **least privilege**: large rule sets can hide overly permissive entries, exposing services to the Internet or unintended peers. This enables unauthorized access, data exfiltration, and lateral movement, impacting **confidentiality** and **integrity**, and can threaten **availability** via abuse of exposed services.;;"Apply **least privilege** and **segmentation**:
- Limit rules to required ports, protocols, and sources
- Split workloads into dedicated security groups per role
- Prefer SG-to-SG references over broad CIDRs
- Regularly review, deduplicate, and remove stale rules
- Layer controls (NACLs, private endpoints) for **defense in depth**";https://hub.prowler.com/check/ec2_securitygroup_with_many_ingress_egress_rules;"```yaml
# CloudFormation: Security group with limited number of rules
Resources:
  <example_resource_name>:
    Type: AWS::EC2::SecurityGroup
    Properties:
      GroupDescription: ""<example_resource_name>""
      VpcId: <example_resource_id>
      SecurityGroupIngress:
        - IpProtocol: tcp
          FromPort: 443
          ToPort: 443
          CidrIp: 10.0.0.0/8  # Critical: keep total inbound rules  50; this example defines only 1 rule to ensure compliance
```";"```hcl
# Terraform: Security group with limited number of rules
resource ""aws_security_group"" ""<example_resource_name>"" {
  name   = ""<example_resource_name>""
  vpc_id = ""<example_resource_id>""

  ingress {                      # Critical: keep total ingress/egress rules  50; single rule ensures PASS
    from_port   = 443
    to_port     = 443
    protocol    = ""tcp""
    cidr_blocks = [""10.0.0.0/8""]
  }
}
```";;"1. In the AWS console, go to EC2 > Security Groups
2. Select the security group that FAILED
3. In Inbound rules, click Edit inbound rules
4. Delete rules until the inbound rule count is 50 or fewer, then Save
5. In Outbound rules, click Edit outbound rules
6. Delete rules until the outbound rule count is 50 or fewer, then Save";KISA-ISMS-P-2023-korean: 2.10.2 | ISO27001-2022: A.8.20, A.8.21, A.8.22 | AWS-Foundational-Technical-Review: NETSEC-001 | AWS-Well-Architected-Framework-Security-Pillar: SEC05-BP03 | KISA-ISMS-P-2023: 2.10.2;trust-boundaries;;;;5.32.0;https://docs.aws.amazon.com/vpc/latest/userguide/VPC_SecurityGroups.html | https://www.trendmicro.com/trendaivisiononecloudriskmanagement/knowledge-base/aws/EC2/security-group-rules-counts.html;;
profile: None;2026-07-14 16:40:35.360893;213146990554;;;;;;prowler-aws-ec2_securitygroup_with_many_ingress_egress_rules-213146990554-ap-southeast-2-sg-08acc1093fd79a732;aws;ec2_securitygroup_with_many_ingress_egress_rules;Security group has 50 or fewer inbound rules and 50 or fewer outbound rules;Software and Configuration Checks/AWS Security Best Practices/Network Reachability | Software and Configuration Checks/Industry and Regulatory Standards/AWS Foundational Security Best Practices | Software and Configuration Checks/Industry and Regulatory Standards/CIS AWS Foundations Benchmark;PASS;Security group launch-wizard-6 (sg-08acc1093fd79a732) has 1 inbound rules and 1 outbound rules.;False;ec2;;medium;AwsEc2SecurityGroup;arn:aws:ec2:ap-southeast-2:213146990554:security-group/sg-08acc1093fd79a732;sg-08acc1093fd79a732;launch-wizard-6;;aws;ap-southeast-2;**EC2 security groups** are evaluated for excessive rule counts, flagging groups where `ingress` or `egress` entries exceed the configured threshold (default `50`). This targets groups with unusually large rule sets that complicate access control.;**Rule sprawl** weakens **least privilege**: large rule sets can hide overly permissive entries, exposing services to the Internet or unintended peers. This enables unauthorized access, data exfiltration, and lateral movement, impacting **confidentiality** and **integrity**, and can threaten **availability** via abuse of exposed services.;;"Apply **least privilege** and **segmentation**:
- Limit rules to required ports, protocols, and sources
- Split workloads into dedicated security groups per role
- Prefer SG-to-SG references over broad CIDRs
- Regularly review, deduplicate, and remove stale rules
- Layer controls (NACLs, private endpoints) for **defense in depth**";https://hub.prowler.com/check/ec2_securitygroup_with_many_ingress_egress_rules;"```yaml
# CloudFormation: Security group with limited number of rules
Resources:
  <example_resource_name>:
    Type: AWS::EC2::SecurityGroup
    Properties:
      GroupDescription: ""<example_resource_name>""
      VpcId: <example_resource_id>
      SecurityGroupIngress:
        - IpProtocol: tcp
          FromPort: 443
          ToPort: 443
          CidrIp: 10.0.0.0/8  # Critical: keep total inbound rules  50; this example defines only 1 rule to ensure compliance
```";"```hcl
# Terraform: Security group with limited number of rules
resource ""aws_security_group"" ""<example_resource_name>"" {
  name   = ""<example_resource_name>""
  vpc_id = ""<example_resource_id>""

  ingress {                      # Critical: keep total ingress/egress rules  50; single rule ensures PASS
    from_port   = 443
    to_port     = 443
    protocol    = ""tcp""
    cidr_blocks = [""10.0.0.0/8""]
  }
}
```";;"1. In the AWS console, go to EC2 > Security Groups
2. Select the security group that FAILED
3. In Inbound rules, click Edit inbound rules
4. Delete rules until the inbound rule count is 50 or fewer, then Save
5. In Outbound rules, click Edit outbound rules
6. Delete rules until the outbound rule count is 50 or fewer, then Save";KISA-ISMS-P-2023-korean: 2.10.2 | ISO27001-2022: A.8.20, A.8.21, A.8.22 | AWS-Foundational-Technical-Review: NETSEC-001 | AWS-Well-Architected-Framework-Security-Pillar: SEC05-BP03 | KISA-ISMS-P-2023: 2.10.2;trust-boundaries;;;;5.32.0;https://docs.aws.amazon.com/vpc/latest/userguide/VPC_SecurityGroups.html | https://www.trendmicro.com/trendaivisiononecloudriskmanagement/knowledge-base/aws/EC2/security-group-rules-counts.html;;
profile: None;2026-07-14 16:40:35.360893;213146990554;;;;;;prowler-aws-ec2_securitygroup_with_many_ingress_egress_rules-213146990554-ap-southeast-2-sg-0de6d2a27e144ae35;aws;ec2_securitygroup_with_many_ingress_egress_rules;Security group has 50 or fewer inbound rules and 50 or fewer outbound rules;Software and Configuration Checks/AWS Security Best Practices/Network Reachability | Software and Configuration Checks/Industry and Regulatory Standards/AWS Foundational Security Best Practices | Software and Configuration Checks/Industry and Regulatory Standards/CIS AWS Foundations Benchmark;PASS;Security group launch-wizard-27 (sg-0de6d2a27e144ae35) has 2 inbound rules and 1 outbound rules.;False;ec2;;medium;AwsEc2SecurityGroup;arn:aws:ec2:ap-southeast-2:213146990554:security-group/sg-0de6d2a27e144ae35;sg-0de6d2a27e144ae35;launch-wizard-27;;aws;ap-southeast-2;**EC2 security groups** are evaluated for excessive rule counts, flagging groups where `ingress` or `egress` entries exceed the configured threshold (default `50`). This targets groups with unusually large rule sets that complicate access control.;**Rule sprawl** weakens **least privilege**: large rule sets can hide overly permissive entries, exposing services to the Internet or unintended peers. This enables unauthorized access, data exfiltration, and lateral movement, impacting **confidentiality** and **integrity**, and can threaten **availability** via abuse of exposed services.;;"Apply **least privilege** and **segmentation**:
- Limit rules to required ports, protocols, and sources
- Split workloads into dedicated security groups per role
- Prefer SG-to-SG references over broad CIDRs
- Regularly review, deduplicate, and remove stale rules
- Layer controls (NACLs, private endpoints) for **defense in depth**";https://hub.prowler.com/check/ec2_securitygroup_with_many_ingress_egress_rules;"```yaml
# CloudFormation: Security group with limited number of rules
Resources:
  <example_resource_name>:
    Type: AWS::EC2::SecurityGroup
    Properties:
      GroupDescription: ""<example_resource_name>""
      VpcId: <example_resource_id>
      SecurityGroupIngress:
        - IpProtocol: tcp
          FromPort: 443
          ToPort: 443
          CidrIp: 10.0.0.0/8  # Critical: keep total inbound rules  50; this example defines only 1 rule to ensure compliance
```";"```hcl
# Terraform: Security group with limited number of rules
resource ""aws_security_group"" ""<example_resource_name>"" {
  name   = ""<example_resource_name>""
  vpc_id = ""<example_resource_id>""

  ingress {                      # Critical: keep total ingress/egress rules  50; single rule ensures PASS
    from_port   = 443
    to_port     = 443
    protocol    = ""tcp""
    cidr_blocks = [""10.0.0.0/8""]
  }
}
```";;"1. In the AWS console, go to EC2 > Security Groups
2. Select the security group that FAILED
3. In Inbound rules, click Edit inbound rules
4. Delete rules until the inbound rule count is 50 or fewer, then Save
5. In Outbound rules, click Edit outbound rules
6. Delete rules until the outbound rule count is 50 or fewer, then Save";KISA-ISMS-P-2023-korean: 2.10.2 | ISO27001-2022: A.8.20, A.8.21, A.8.22 | AWS-Foundational-Technical-Review: NETSEC-001 | AWS-Well-Architected-Framework-Security-Pillar: SEC05-BP03 | KISA-ISMS-P-2023: 2.10.2;trust-boundaries;;;;5.32.0;https://docs.aws.amazon.com/vpc/latest/userguide/VPC_SecurityGroups.html | https://www.trendmicro.com/trendaivisiononecloudriskmanagement/knowledge-base/aws/EC2/security-group-rules-counts.html;;
profile: None;2026-07-14 16:40:35.360893;213146990554;;;;;;prowler-aws-ec2_securitygroup_with_many_ingress_egress_rules-213146990554-ap-southeast-2-sg-0c41cea7345a9798c;aws;ec2_securitygroup_with_many_ingress_egress_rules;Security group has 50 or fewer inbound rules and 50 or fewer outbound rules;Software and Configuration Checks/AWS Security Best Practices/Network Reachability | Software and Configuration Checks/Industry and Regulatory Standards/AWS Foundational Security Best Practices | Software and Configuration Checks/Industry and Regulatory Standards/CIS AWS Foundations Benchmark;PASS;Security group launch-wizard-26 (sg-0c41cea7345a9798c) has 1 inbound rules and 1 outbound rules.;False;ec2;;medium;AwsEc2SecurityGroup;arn:aws:ec2:ap-southeast-2:213146990554:security-group/sg-0c41cea7345a9798c;sg-0c41cea7345a9798c;launch-wizard-26;;aws;ap-southeast-2;**EC2 security groups** are evaluated for excessive rule counts, flagging groups where `ingress` or `egress` entries exceed the configured threshold (default `50`). This targets groups with unusually large rule sets that complicate access control.;**Rule sprawl** weakens **least privilege**: large rule sets can hide overly permissive entries, exposing services to the Internet or unintended peers. This enables unauthorized access, data exfiltration, and lateral movement, impacting **confidentiality** and **integrity**, and can threaten **availability** via abuse of exposed services.;;"Apply **least privilege** and **segmentation**:
- Limit rules to required ports, protocols, and sources
- Split workloads into dedicated security groups per role
- Prefer SG-to-SG references over broad CIDRs
- Regularly review, deduplicate, and remove stale rules
- Layer controls (NACLs, private endpoints) for **defense in depth**";https://hub.prowler.com/check/ec2_securitygroup_with_many_ingress_egress_rules;"```yaml
# CloudFormation: Security group with limited number of rules
Resources:
  <example_resource_name>:
    Type: AWS::EC2::SecurityGroup
    Properties:
      GroupDescription: ""<example_resource_name>""
      VpcId: <example_resource_id>
      SecurityGroupIngress:
        - IpProtocol: tcp
          FromPort: 443
          ToPort: 443
          CidrIp: 10.0.0.0/8  # Critical: keep total inbound rules  50; this example defines only 1 rule to ensure compliance
```";"```hcl
# Terraform: Security group with limited number of rules
resource ""aws_security_group"" ""<example_resource_name>"" {
  name   = ""<example_resource_name>""
  vpc_id = ""<example_resource_id>""

  ingress {                      # Critical: keep total ingress/egress rules  50; single rule ensures PASS
    from_port   = 443
    to_port     = 443
    protocol    = ""tcp""
    cidr_blocks = [""10.0.0.0/8""]
  }
}
```";;"1. In the AWS console, go to EC2 > Security Groups
2. Select the security group that FAILED
3. In Inbound rules, click Edit inbound rules
4. Delete rules until the inbound rule count is 50 or fewer, then Save
5. In Outbound rules, click Edit outbound rules
6. Delete rules until the outbound rule count is 50 or fewer, then Save";KISA-ISMS-P-2023-korean: 2.10.2 | ISO27001-2022: A.8.20, A.8.21, A.8.22 | AWS-Foundational-Technical-Review: NETSEC-001 | AWS-Well-Architected-Framework-Security-Pillar: SEC05-BP03 | KISA-ISMS-P-2023: 2.10.2;trust-boundaries;;;;5.32.0;https://docs.aws.amazon.com/vpc/latest/userguide/VPC_SecurityGroups.html | https://www.trendmicro.com/trendaivisiononecloudriskmanagement/knowledge-base/aws/EC2/security-group-rules-counts.html;;
profile: None;2026-07-14 16:40:35.360893;213146990554;;;;;;prowler-aws-ec2_securitygroup_with_many_ingress_egress_rules-213146990554-ap-southeast-2-sg-045790af312b78364;aws;ec2_securitygroup_with_many_ingress_egress_rules;Security group has 50 or fewer inbound rules and 50 or fewer outbound rules;Software and Configuration Checks/AWS Security Best Practices/Network Reachability | Software and Configuration Checks/Industry and Regulatory Standards/AWS Foundational Security Best Practices | Software and Configuration Checks/Industry and Regulatory Standards/CIS AWS Foundations Benchmark;PASS;Security group launch-wizard-23 (sg-045790af312b78364) has 1 inbound rules and 1 outbound rules.;False;ec2;;medium;AwsEc2SecurityGroup;arn:aws:ec2:ap-southeast-2:213146990554:security-group/sg-045790af312b78364;sg-045790af312b78364;launch-wizard-23;;aws;ap-southeast-2;**EC2 security groups** are evaluated for excessive rule counts, flagging groups where `ingress` or `egress` entries exceed the configured threshold (default `50`). This targets groups with unusually large rule sets that complicate access control.;**Rule sprawl** weakens **least privilege**: large rule sets can hide overly permissive entries, exposing services to the Internet or unintended peers. This enables unauthorized access, data exfiltration, and lateral movement, impacting **confidentiality** and **integrity**, and can threaten **availability** via abuse of exposed services.;;"Apply **least privilege** and **segmentation**:
- Limit rules to required ports, protocols, and sources
- Split workloads into dedicated security groups per role
- Prefer SG-to-SG references over broad CIDRs
- Regularly review, deduplicate, and remove stale rules
- Layer controls (NACLs, private endpoints) for **defense in depth**";https://hub.prowler.com/check/ec2_securitygroup_with_many_ingress_egress_rules;"```yaml
# CloudFormation: Security group with limited number of rules
Resources:
  <example_resource_name>:
    Type: AWS::EC2::SecurityGroup
    Properties:
      GroupDescription: ""<example_resource_name>""
      VpcId: <example_resource_id>
      SecurityGroupIngress:
        - IpProtocol: tcp
          FromPort: 443
          ToPort: 443
          CidrIp: 10.0.0.0/8  # Critical: keep total inbound rules  50; this example defines only 1 rule to ensure compliance
```";"```hcl
# Terraform: Security group with limited number of rules
resource ""aws_security_group"" ""<example_resource_name>"" {
  name   = ""<example_resource_name>""
  vpc_id = ""<example_resource_id>""

  ingress {                      # Critical: keep total ingress/egress rules  50; single rule ensures PASS
    from_port   = 443
    to_port     = 443
    protocol    = ""tcp""
    cidr_blocks = [""10.0.0.0/8""]
  }
}
```";;"1. In the AWS console, go to EC2 > Security Groups
2. Select the security group that FAILED
3. In Inbound rules, click Edit inbound rules
4. Delete rules until the inbound rule count is 50 or fewer, then Save
5. In Outbound rules, click Edit outbound rules
6. Delete rules until the outbound rule count is 50 or fewer, then Save";KISA-ISMS-P-2023-korean: 2.10.2 | ISO27001-2022: A.8.20, A.8.21, A.8.22 | AWS-Foundational-Technical-Review: NETSEC-001 | AWS-Well-Architected-Framework-Security-Pillar: SEC05-BP03 | KISA-ISMS-P-2023: 2.10.2;trust-boundaries;;;;5.32.0;https://docs.aws.amazon.com/vpc/latest/userguide/VPC_SecurityGroups.html | https://www.trendmicro.com/trendaivisiononecloudriskmanagement/knowledge-base/aws/EC2/security-group-rules-counts.html;;
profile: None;2026-07-14 16:40:35.360893;213146990554;;;;;;prowler-aws-ec2_securitygroup_with_many_ingress_egress_rules-213146990554-ap-southeast-2-sg-04fcbe519245d2d53;aws;ec2_securitygroup_with_many_ingress_egress_rules;Security group has 50 or fewer inbound rules and 50 or fewer outbound rules;Software and Configuration Checks/AWS Security Best Practices/Network Reachability | Software and Configuration Checks/Industry and Regulatory Standards/AWS Foundational Security Best Practices | Software and Configuration Checks/Industry and Regulatory Standards/CIS AWS Foundations Benchmark;PASS;Security group launch-wizard-20 (sg-04fcbe519245d2d53) has 4 inbound rules and 1 outbound rules.;False;ec2;;medium;AwsEc2SecurityGroup;arn:aws:ec2:ap-southeast-2:213146990554:security-group/sg-04fcbe519245d2d53;sg-04fcbe519245d2d53;launch-wizard-20;;aws;ap-southeast-2;**EC2 security groups** are evaluated for excessive rule counts, flagging groups where `ingress` or `egress` entries exceed the configured threshold (default `50`). This targets groups with unusually large rule sets that complicate access control.;**Rule sprawl** weakens **least privilege**: large rule sets can hide overly permissive entries, exposing services to the Internet or unintended peers. This enables unauthorized access, data exfiltration, and lateral movement, impacting **confidentiality** and **integrity**, and can threaten **availability** via abuse of exposed services.;;"Apply **least privilege** and **segmentation**:
- Limit rules to required ports, protocols, and sources
- Split workloads into dedicated security groups per role
- Prefer SG-to-SG references over broad CIDRs
- Regularly review, deduplicate, and remove stale rules
- Layer controls (NACLs, private endpoints) for **defense in depth**";https://hub.prowler.com/check/ec2_securitygroup_with_many_ingress_egress_rules;"```yaml
# CloudFormation: Security group with limited number of rules
Resources:
  <example_resource_name>:
    Type: AWS::EC2::SecurityGroup
    Properties:
      GroupDescription: ""<example_resource_name>""
      VpcId: <example_resource_id>
      SecurityGroupIngress:
        - IpProtocol: tcp
          FromPort: 443
          ToPort: 443
          CidrIp: 10.0.0.0/8  # Critical: keep total inbound rules  50; this example defines only 1 rule to ensure compliance
```";"```hcl
# Terraform: Security group with limited number of rules
resource ""aws_security_group"" ""<example_resource_name>"" {
  name   = ""<example_resource_name>""
  vpc_id = ""<example_resource_id>""

  ingress {                      # Critical: keep total ingress/egress rules  50; single rule ensures PASS
    from_port   = 443
    to_port     = 443
    protocol    = ""tcp""
    cidr_blocks = [""10.0.0.0/8""]
  }
}
```";;"1. In the AWS console, go to EC2 > Security Groups
2. Select the security group that FAILED
3. In Inbound rules, click Edit inbound rules
4. Delete rules until the inbound rule count is 50 or fewer, then Save
5. In Outbound rules, click Edit outbound rules
6. Delete rules until the outbound rule count is 50 or fewer, then Save";KISA-ISMS-P-2023-korean: 2.10.2 | ISO27001-2022: A.8.20, A.8.21, A.8.22 | AWS-Foundational-Technical-Review: NETSEC-001 | AWS-Well-Architected-Framework-Security-Pillar: SEC05-BP03 | KISA-ISMS-P-2023: 2.10.2;trust-boundaries;;;;5.32.0;https://docs.aws.amazon.com/vpc/latest/userguide/VPC_SecurityGroups.html | https://www.trendmicro.com/trendaivisiononecloudriskmanagement/knowledge-base/aws/EC2/security-group-rules-counts.html;;
profile: None;2026-07-14 16:40:35.360893;213146990554;;;;;;prowler-aws-ec2_securitygroup_with_many_ingress_egress_rules-213146990554-ap-southeast-2-sg-080e0a6bfdfded924;aws;ec2_securitygroup_with_many_ingress_egress_rules;Security group has 50 or fewer inbound rules and 50 or fewer outbound rules;Software and Configuration Checks/AWS Security Best Practices/Network Reachability | Software and Configuration Checks/Industry and Regulatory Standards/AWS Foundational Security Best Practices | Software and Configuration Checks/Industry and Regulatory Standards/CIS AWS Foundations Benchmark;PASS;Security group launch-wizard-29 (sg-080e0a6bfdfded924) has 3 inbound rules and 1 outbound rules.;False;ec2;;medium;AwsEc2SecurityGroup;arn:aws:ec2:ap-southeast-2:213146990554:security-group/sg-080e0a6bfdfded924;sg-080e0a6bfdfded924;launch-wizard-29;;aws;ap-southeast-2;**EC2 security groups** are evaluated for excessive rule counts, flagging groups where `ingress` or `egress` entries exceed the configured threshold (default `50`). This targets groups with unusually large rule sets that complicate access control.;**Rule sprawl** weakens **least privilege**: large rule sets can hide overly permissive entries, exposing services to the Internet or unintended peers. This enables unauthorized access, data exfiltration, and lateral movement, impacting **confidentiality** and **integrity**, and can threaten **availability** via abuse of exposed services.;;"Apply **least privilege** and **segmentation**:
- Limit rules to required ports, protocols, and sources
- Split workloads into dedicated security groups per role
- Prefer SG-to-SG references over broad CIDRs
- Regularly review, deduplicate, and remove stale rules
- Layer controls (NACLs, private endpoints) for **defense in depth**";https://hub.prowler.com/check/ec2_securitygroup_with_many_ingress_egress_rules;"```yaml
# CloudFormation: Security group with limited number of rules
Resources:
  <example_resource_name>:
    Type: AWS::EC2::SecurityGroup
    Properties:
      GroupDescription: ""<example_resource_name>""
      VpcId: <example_resource_id>
      SecurityGroupIngress:
        - IpProtocol: tcp
          FromPort: 443
          ToPort: 443
          CidrIp: 10.0.0.0/8  # Critical: keep total inbound rules  50; this example defines only 1 rule to ensure compliance
```";"```hcl
# Terraform: Security group with limited number of rules
resource ""aws_security_group"" ""<example_resource_name>"" {
  name   = ""<example_resource_name>""
  vpc_id = ""<example_resource_id>""

  ingress {                      # Critical: keep total ingress/egress rules  50; single rule ensures PASS
    from_port   = 443
    to_port     = 443
    protocol    = ""tcp""
    cidr_blocks = [""10.0.0.0/8""]
  }
}
```";;"1. In the AWS console, go to EC2 > Security Groups
2. Select the security group that FAILED
3. In Inbound rules, click Edit inbound rules
4. Delete rules until the inbound rule count is 50 or fewer, then Save
5. In Outbound rules, click Edit outbound rules
6. Delete rules until the outbound rule count is 50 or fewer, then Save";KISA-ISMS-P-2023-korean: 2.10.2 | ISO27001-2022: A.8.20, A.8.21, A.8.22 | AWS-Foundational-Technical-Review: NETSEC-001 | AWS-Well-Architected-Framework-Security-Pillar: SEC05-BP03 | KISA-ISMS-P-2023: 2.10.2;trust-boundaries;;;;5.32.0;https://docs.aws.amazon.com/vpc/latest/userguide/VPC_SecurityGroups.html | https://www.trendmicro.com/trendaivisiononecloudriskmanagement/knowledge-base/aws/EC2/security-group-rules-counts.html;;
profile: None;2026-07-14 16:40:35.360893;213146990554;;;;;;prowler-aws-ec2_securitygroup_with_many_ingress_egress_rules-213146990554-ap-southeast-2-sg-0ffe3f16ec9186f36;aws;ec2_securitygroup_with_many_ingress_egress_rules;Security group has 50 or fewer inbound rules and 50 or fewer outbound rules;Software and Configuration Checks/AWS Security Best Practices/Network Reachability | Software and Configuration Checks/Industry and Regulatory Standards/AWS Foundational Security Best Practices | Software and Configuration Checks/Industry and Regulatory Standards/CIS AWS Foundations Benchmark;PASS;Security group launch-wizard-8 (sg-0ffe3f16ec9186f36) has 4 inbound rules and 1 outbound rules.;False;ec2;;medium;AwsEc2SecurityGroup;arn:aws:ec2:ap-southeast-2:213146990554:security-group/sg-0ffe3f16ec9186f36;sg-0ffe3f16ec9186f36;launch-wizard-8;;aws;ap-southeast-2;**EC2 security groups** are evaluated for excessive rule counts, flagging groups where `ingress` or `egress` entries exceed the configured threshold (default `50`). This targets groups with unusually large rule sets that complicate access control.;**Rule sprawl** weakens **least privilege**: large rule sets can hide overly permissive entries, exposing services to the Internet or unintended peers. This enables unauthorized access, data exfiltration, and lateral movement, impacting **confidentiality** and **integrity**, and can threaten **availability** via abuse of exposed services.;;"Apply **least privilege** and **segmentation**:
- Limit rules to required ports, protocols, and sources
- Split workloads into dedicated security groups per role
- Prefer SG-to-SG references over broad CIDRs
- Regularly review, deduplicate, and remove stale rules
- Layer controls (NACLs, private endpoints) for **defense in depth**";https://hub.prowler.com/check/ec2_securitygroup_with_many_ingress_egress_rules;"```yaml
# CloudFormation: Security group with limited number of rules
Resources:
  <example_resource_name>:
    Type: AWS::EC2::SecurityGroup
    Properties:
      GroupDescription: ""<example_resource_name>""
      VpcId: <example_resource_id>
      SecurityGroupIngress:
        - IpProtocol: tcp
          FromPort: 443
          ToPort: 443
          CidrIp: 10.0.0.0/8  # Critical: keep total inbound rules  50; this example defines only 1 rule to ensure compliance
```";"```hcl
# Terraform: Security group with limited number of rules
resource ""aws_security_group"" ""<example_resource_name>"" {
  name   = ""<example_resource_name>""
  vpc_id = ""<example_resource_id>""

  ingress {                      # Critical: keep total ingress/egress rules  50; single rule ensures PASS
    from_port   = 443
    to_port     = 443
    protocol    = ""tcp""
    cidr_blocks = [""10.0.0.0/8""]
  }
}
```";;"1. In the AWS console, go to EC2 > Security Groups
2. Select the security group that FAILED
3. In Inbound rules, click Edit inbound rules
4. Delete rules until the inbound rule count is 50 or fewer, then Save
5. In Outbound rules, click Edit outbound rules
6. Delete rules until the outbound rule count is 50 or fewer, then Save";KISA-ISMS-P-2023-korean: 2.10.2 | ISO27001-2022: A.8.20, A.8.21, A.8.22 | AWS-Foundational-Technical-Review: NETSEC-001 | AWS-Well-Architected-Framework-Security-Pillar: SEC05-BP03 | KISA-ISMS-P-2023: 2.10.2;trust-boundaries;;;;5.32.0;https://docs.aws.amazon.com/vpc/latest/userguide/VPC_SecurityGroups.html | https://www.trendmicro.com/trendaivisiononecloudriskmanagement/knowledge-base/aws/EC2/security-group-rules-counts.html;;
profile: None;2026-07-14 16:40:35.360893;213146990554;;;;;;prowler-aws-ec2_securitygroup_with_many_ingress_egress_rules-213146990554-ap-southeast-2-sg-02ddfdb7c2274ed3b;aws;ec2_securitygroup_with_many_ingress_egress_rules;Security group has 50 or fewer inbound rules and 50 or fewer outbound rules;Software and Configuration Checks/AWS Security Best Practices/Network Reachability | Software and Configuration Checks/Industry and Regulatory Standards/AWS Foundational Security Best Practices | Software and Configuration Checks/Industry and Regulatory Standards/CIS AWS Foundations Benchmark;PASS;Security group Kali Linux-2026.1-amd64-AutogenByAWSMP--5 (sg-02ddfdb7c2274ed3b) has 2 inbound rules and 1 outbound rules.;False;ec2;;medium;AwsEc2SecurityGroup;arn:aws:ec2:ap-southeast-2:213146990554:security-group/sg-02ddfdb7c2274ed3b;sg-02ddfdb7c2274ed3b;Kali Linux-2026.1-amd64-AutogenByAWSMP--5;;aws;ap-southeast-2;**EC2 security groups** are evaluated for excessive rule counts, flagging groups where `ingress` or `egress` entries exceed the configured threshold (default `50`). This targets groups with unusually large rule sets that complicate access control.;**Rule sprawl** weakens **least privilege**: large rule sets can hide overly permissive entries, exposing services to the Internet or unintended peers. This enables unauthorized access, data exfiltration, and lateral movement, impacting **confidentiality** and **integrity**, and can threaten **availability** via abuse of exposed services.;;"Apply **least privilege** and **segmentation**:
- Limit rules to required ports, protocols, and sources
- Split workloads into dedicated security groups per role
- Prefer SG-to-SG references over broad CIDRs
- Regularly review, deduplicate, and remove stale rules
- Layer controls (NACLs, private endpoints) for **defense in depth**";https://hub.prowler.com/check/ec2_securitygroup_with_many_ingress_egress_rules;"```yaml
# CloudFormation: Security group with limited number of rules
Resources:
  <example_resource_name>:
    Type: AWS::EC2::SecurityGroup
    Properties:
      GroupDescription: ""<example_resource_name>""
      VpcId: <example_resource_id>
      SecurityGroupIngress:
        - IpProtocol: tcp
          FromPort: 443
          ToPort: 443
          CidrIp: 10.0.0.0/8  # Critical: keep total inbound rules  50; this example defines only 1 rule to ensure compliance
```";"```hcl
# Terraform: Security group with limited number of rules
resource ""aws_security_group"" ""<example_resource_name>"" {
  name   = ""<example_resource_name>""
  vpc_id = ""<example_resource_id>""

  ingress {                      # Critical: keep total ingress/egress rules  50; single rule ensures PASS
    from_port   = 443
    to_port     = 443
    protocol    = ""tcp""
    cidr_blocks = [""10.0.0.0/8""]
  }
}
```";;"1. In the AWS console, go to EC2 > Security Groups
2. Select the security group that FAILED
3. In Inbound rules, click Edit inbound rules
4. Delete rules until the inbound rule count is 50 or fewer, then Save
5. In Outbound rules, click Edit outbound rules
6. Delete rules until the outbound rule count is 50 or fewer, then Save";KISA-ISMS-P-2023-korean: 2.10.2 | ISO27001-2022: A.8.20, A.8.21, A.8.22 | AWS-Foundational-Technical-Review: NETSEC-001 | AWS-Well-Architected-Framework-Security-Pillar: SEC05-BP03 | KISA-ISMS-P-2023: 2.10.2;trust-boundaries;;;;5.32.0;https://docs.aws.amazon.com/vpc/latest/userguide/VPC_SecurityGroups.html | https://www.trendmicro.com/trendaivisiononecloudriskmanagement/knowledge-base/aws/EC2/security-group-rules-counts.html;;
profile: None;2026-07-14 16:40:35.360893;213146990554;;;;;;prowler-aws-ec2_securitygroup_with_many_ingress_egress_rules-213146990554-ap-southeast-2-sg-047f254a8ebdbbf30;aws;ec2_securitygroup_with_many_ingress_egress_rules;Security group has 50 or fewer inbound rules and 50 or fewer outbound rules;Software and Configuration Checks/AWS Security Best Practices/Network Reachability | Software and Configuration Checks/Industry and Regulatory Standards/AWS Foundational Security Best Practices | Software and Configuration Checks/Industry and Regulatory Standards/CIS AWS Foundations Benchmark;PASS;Security group launch-wizard-4 (sg-047f254a8ebdbbf30) has 1 inbound rules and 1 outbound rules.;False;ec2;;medium;AwsEc2SecurityGroup;arn:aws:ec2:ap-southeast-2:213146990554:security-group/sg-047f254a8ebdbbf30;sg-047f254a8ebdbbf30;launch-wizard-4;;aws;ap-southeast-2;**EC2 security groups** are evaluated for excessive rule counts, flagging groups where `ingress` or `egress` entries exceed the configured threshold (default `50`). This targets groups with unusually large rule sets that complicate access control.;**Rule sprawl** weakens **least privilege**: large rule sets can hide overly permissive entries, exposing services to the Internet or unintended peers. This enables unauthorized access, data exfiltration, and lateral movement, impacting **confidentiality** and **integrity**, and can threaten **availability** via abuse of exposed services.;;"Apply **least privilege** and **segmentation**:
- Limit rules to required ports, protocols, and sources
- Split workloads into dedicated security groups per role
- Prefer SG-to-SG references over broad CIDRs
- Regularly review, deduplicate, and remove stale rules
- Layer controls (NACLs, private endpoints) for **defense in depth**";https://hub.prowler.com/check/ec2_securitygroup_with_many_ingress_egress_rules;"```yaml
# CloudFormation: Security group with limited number of rules
Resources:
  <example_resource_name>:
    Type: AWS::EC2::SecurityGroup
    Properties:
      GroupDescription: ""<example_resource_name>""
      VpcId: <example_resource_id>
      SecurityGroupIngress:
        - IpProtocol: tcp
          FromPort: 443
          ToPort: 443
          CidrIp: 10.0.0.0/8  # Critical: keep total inbound rules  50; this example defines only 1 rule to ensure compliance
```";"```hcl
# Terraform: Security group with limited number of rules
resource ""aws_security_group"" ""<example_resource_name>"" {
  name   = ""<example_resource_name>""
  vpc_id = ""<example_resource_id>""

  ingress {                      # Critical: keep total ingress/egress rules  50; single rule ensures PASS
    from_port   = 443
    to_port     = 443
    protocol    = ""tcp""
    cidr_blocks = [""10.0.0.0/8""]
  }
}
```";;"1. In the AWS console, go to EC2 > Security Groups
2. Select the security group that FAILED
3. In Inbound rules, click Edit inbound rules
4. Delete rules until the inbound rule count is 50 or fewer, then Save
5. In Outbound rules, click Edit outbound rules
6. Delete rules until the outbound rule count is 50 or fewer, then Save";KISA-ISMS-P-2023-korean: 2.10.2 | ISO27001-2022: A.8.20, A.8.21, A.8.22 | AWS-Foundational-Technical-Review: NETSEC-001 | AWS-Well-Architected-Framework-Security-Pillar: SEC05-BP03 | KISA-ISMS-P-2023: 2.10.2;trust-boundaries;;;;5.32.0;https://docs.aws.amazon.com/vpc/latest/userguide/VPC_SecurityGroups.html | https://www.trendmicro.com/trendaivisiononecloudriskmanagement/knowledge-base/aws/EC2/security-group-rules-counts.html;;
profile: None;2026-07-14 16:40:35.360893;213146990554;;;;;;prowler-aws-ec2_securitygroup_with_many_ingress_egress_rules-213146990554-ap-southeast-2-sg-060a180310cc93e3a;aws;ec2_securitygroup_with_many_ingress_egress_rules;Security group has 50 or fewer inbound rules and 50 or fewer outbound rules;Software and Configuration Checks/AWS Security Best Practices/Network Reachability | Software and Configuration Checks/Industry and Regulatory Standards/AWS Foundational Security Best Practices | Software and Configuration Checks/Industry and Regulatory Standards/CIS AWS Foundations Benchmark;PASS;Security group launch-wizard-1 (sg-060a180310cc93e3a) has 3 inbound rules and 1 outbound rules.;False;ec2;;medium;AwsEc2SecurityGroup;arn:aws:ec2:ap-southeast-2:213146990554:security-group/sg-060a180310cc93e3a;sg-060a180310cc93e3a;launch-wizard-1;;aws;ap-southeast-2;**EC2 security groups** are evaluated for excessive rule counts, flagging groups where `ingress` or `egress` entries exceed the configured threshold (default `50`). This targets groups with unusually large rule sets that complicate access control.;**Rule sprawl** weakens **least privilege**: large rule sets can hide overly permissive entries, exposing services to the Internet or unintended peers. This enables unauthorized access, data exfiltration, and lateral movement, impacting **confidentiality** and **integrity**, and can threaten **availability** via abuse of exposed services.;;"Apply **least privilege** and **segmentation**:
- Limit rules to required ports, protocols, and sources
- Split workloads into dedicated security groups per role
- Prefer SG-to-SG references over broad CIDRs
- Regularly review, deduplicate, and remove stale rules
- Layer controls (NACLs, private endpoints) for **defense in depth**";https://hub.prowler.com/check/ec2_securitygroup_with_many_ingress_egress_rules;"```yaml
# CloudFormation: Security group with limited number of rules
Resources:
  <example_resource_name>:
    Type: AWS::EC2::SecurityGroup
    Properties:
      GroupDescription: ""<example_resource_name>""
      VpcId: <example_resource_id>
      SecurityGroupIngress:
        - IpProtocol: tcp
          FromPort: 443
          ToPort: 443
          CidrIp: 10.0.0.0/8  # Critical: keep total inbound rules  50; this example defines only 1 rule to ensure compliance
```";"```hcl
# Terraform: Security group with limited number of rules
resource ""aws_security_group"" ""<example_resource_name>"" {
  name   = ""<example_resource_name>""
  vpc_id = ""<example_resource_id>""

  ingress {                      # Critical: keep total ingress/egress rules  50; single rule ensures PASS
    from_port   = 443
    to_port     = 443
    protocol    = ""tcp""
    cidr_blocks = [""10.0.0.0/8""]
  }
}
```";;"1. In the AWS console, go to EC2 > Security Groups
2. Select the security group that FAILED
3. In Inbound rules, click Edit inbound rules
4. Delete rules until the inbound rule count is 50 or fewer, then Save
5. In Outbound rules, click Edit outbound rules
6. Delete rules until the outbound rule count is 50 or fewer, then Save";KISA-ISMS-P-2023-korean: 2.10.2 | ISO27001-2022: A.8.20, A.8.21, A.8.22 | AWS-Foundational-Technical-Review: NETSEC-001 | AWS-Well-Architected-Framework-Security-Pillar: SEC05-BP03 | KISA-ISMS-P-2023: 2.10.2;trust-boundaries;;;;5.32.0;https://docs.aws.amazon.com/vpc/latest/userguide/VPC_SecurityGroups.html | https://www.trendmicro.com/trendaivisiononecloudriskmanagement/knowledge-base/aws/EC2/security-group-rules-counts.html;;
profile: None;2026-07-14 16:40:35.360893;213146990554;;;;;;prowler-aws-ec2_securitygroup_with_many_ingress_egress_rules-213146990554-ap-southeast-2-sg-06d75823ce655fc42;aws;ec2_securitygroup_with_many_ingress_egress_rules;Security group has 50 or fewer inbound rules and 50 or fewer outbound rules;Software and Configuration Checks/AWS Security Best Practices/Network Reachability | Software and Configuration Checks/Industry and Regulatory Standards/AWS Foundational Security Best Practices | Software and Configuration Checks/Industry and Regulatory Standards/CIS AWS Foundations Benchmark;PASS;Security group launch-wizard-5 (sg-06d75823ce655fc42) has 3 inbound rules and 1 outbound rules.;False;ec2;;medium;AwsEc2SecurityGroup;arn:aws:ec2:ap-southeast-2:213146990554:security-group/sg-06d75823ce655fc42;sg-06d75823ce655fc42;launch-wizard-5;;aws;ap-southeast-2;**EC2 security groups** are evaluated for excessive rule counts, flagging groups where `ingress` or `egress` entries exceed the configured threshold (default `50`). This targets groups with unusually large rule sets that complicate access control.;**Rule sprawl** weakens **least privilege**: large rule sets can hide overly permissive entries, exposing services to the Internet or unintended peers. This enables unauthorized access, data exfiltration, and lateral movement, impacting **confidentiality** and **integrity**, and can threaten **availability** via abuse of exposed services.;;"Apply **least privilege** and **segmentation**:
- Limit rules to required ports, protocols, and sources
- Split workloads into dedicated security groups per role
- Prefer SG-to-SG references over broad CIDRs
- Regularly review, deduplicate, and remove stale rules
- Layer controls (NACLs, private endpoints) for **defense in depth**";https://hub.prowler.com/check/ec2_securitygroup_with_many_ingress_egress_rules;"```yaml
# CloudFormation: Security group with limited number of rules
Resources:
  <example_resource_name>:
    Type: AWS::EC2::SecurityGroup
    Properties:
      GroupDescription: ""<example_resource_name>""
      VpcId: <example_resource_id>
      SecurityGroupIngress:
        - IpProtocol: tcp
          FromPort: 443
          ToPort: 443
          CidrIp: 10.0.0.0/8  # Critical: keep total inbound rules  50; this example defines only 1 rule to ensure compliance
```";"```hcl
# Terraform: Security group with limited number of rules
resource ""aws_security_group"" ""<example_resource_name>"" {
  name   = ""<example_resource_name>""
  vpc_id = ""<example_resource_id>""

  ingress {                      # Critical: keep total ingress/egress rules  50; single rule ensures PASS
    from_port   = 443
    to_port     = 443
    protocol    = ""tcp""
    cidr_blocks = [""10.0.0.0/8""]
  }
}
```";;"1. In the AWS console, go to EC2 > Security Groups
2. Select the security group that FAILED
3. In Inbound rules, click Edit inbound rules
4. Delete rules until the inbound rule count is 50 or fewer, then Save
5. In Outbound rules, click Edit outbound rules
6. Delete rules until the outbound rule count is 50 or fewer, then Save";KISA-ISMS-P-2023-korean: 2.10.2 | ISO27001-2022: A.8.20, A.8.21, A.8.22 | AWS-Foundational-Technical-Review: NETSEC-001 | AWS-Well-Architected-Framework-Security-Pillar: SEC05-BP03 | KISA-ISMS-P-2023: 2.10.2;trust-boundaries;;;;5.32.0;https://docs.aws.amazon.com/vpc/latest/userguide/VPC_SecurityGroups.html | https://www.trendmicro.com/trendaivisiononecloudriskmanagement/knowledge-base/aws/EC2/security-group-rules-counts.html;;
profile: None;2026-07-14 16:40:35.360893;213146990554;;;;;;prowler-aws-ec2_securitygroup_with_many_ingress_egress_rules-213146990554-ap-southeast-2-sg-0b3f5038592545c0e;aws;ec2_securitygroup_with_many_ingress_egress_rules;Security group has 50 or fewer inbound rules and 50 or fewer outbound rules;Software and Configuration Checks/AWS Security Best Practices/Network Reachability | Software and Configuration Checks/Industry and Regulatory Standards/AWS Foundational Security Best Practices | Software and Configuration Checks/Industry and Regulatory Standards/CIS AWS Foundations Benchmark;PASS;Security group launch-wizard-22 (sg-0b3f5038592545c0e) has 1 inbound rules and 1 outbound rules.;False;ec2;;medium;AwsEc2SecurityGroup;arn:aws:ec2:ap-southeast-2:213146990554:security-group/sg-0b3f5038592545c0e;sg-0b3f5038592545c0e;launch-wizard-22;;aws;ap-southeast-2;**EC2 security groups** are evaluated for excessive rule counts, flagging groups where `ingress` or `egress` entries exceed the configured threshold (default `50`). This targets groups with unusually large rule sets that complicate access control.;**Rule sprawl** weakens **least privilege**: large rule sets can hide overly permissive entries, exposing services to the Internet or unintended peers. This enables unauthorized access, data exfiltration, and lateral movement, impacting **confidentiality** and **integrity**, and can threaten **availability** via abuse of exposed services.;;"Apply **least privilege** and **segmentation**:
- Limit rules to required ports, protocols, and sources
- Split workloads into dedicated security groups per role
- Prefer SG-to-SG references over broad CIDRs
- Regularly review, deduplicate, and remove stale rules
- Layer controls (NACLs, private endpoints) for **defense in depth**";https://hub.prowler.com/check/ec2_securitygroup_with_many_ingress_egress_rules;"```yaml
# CloudFormation: Security group with limited number of rules
Resources:
  <example_resource_name>:
    Type: AWS::EC2::SecurityGroup
    Properties:
      GroupDescription: ""<example_resource_name>""
      VpcId: <example_resource_id>
      SecurityGroupIngress:
        - IpProtocol: tcp
          FromPort: 443
          ToPort: 443
          CidrIp: 10.0.0.0/8  # Critical: keep total inbound rules  50; this example defines only 1 rule to ensure compliance
```";"```hcl
# Terraform: Security group with limited number of rules
resource ""aws_security_group"" ""<example_resource_name>"" {
  name   = ""<example_resource_name>""
  vpc_id = ""<example_resource_id>""

  ingress {                      # Critical: keep total ingress/egress rules  50; single rule ensures PASS
    from_port   = 443
    to_port     = 443
    protocol    = ""tcp""
    cidr_blocks = [""10.0.0.0/8""]
  }
}
```";;"1. In the AWS console, go to EC2 > Security Groups
2. Select the security group that FAILED
3. In Inbound rules, click Edit inbound rules
4. Delete rules until the inbound rule count is 50 or fewer, then Save
5. In Outbound rules, click Edit outbound rules
6. Delete rules until the outbound rule count is 50 or fewer, then Save";KISA-ISMS-P-2023-korean: 2.10.2 | ISO27001-2022: A.8.20, A.8.21, A.8.22 | AWS-Foundational-Technical-Review: NETSEC-001 | AWS-Well-Architected-Framework-Security-Pillar: SEC05-BP03 | KISA-ISMS-P-2023: 2.10.2;trust-boundaries;;;;5.32.0;https://docs.aws.amazon.com/vpc/latest/userguide/VPC_SecurityGroups.html | https://www.trendmicro.com/trendaivisiononecloudriskmanagement/knowledge-base/aws/EC2/security-group-rules-counts.html;;
profile: None;2026-07-14 16:40:35.360893;213146990554;;;;;;prowler-aws-ec2_securitygroup_with_many_ingress_egress_rules-213146990554-ap-southeast-2-sg-008231ea5552078ba;aws;ec2_securitygroup_with_many_ingress_egress_rules;Security group has 50 or fewer inbound rules and 50 or fewer outbound rules;Software and Configuration Checks/AWS Security Best Practices/Network Reachability | Software and Configuration Checks/Industry and Regulatory Standards/AWS Foundational Security Best Practices | Software and Configuration Checks/Industry and Regulatory Standards/CIS AWS Foundations Benchmark;PASS;Security group launch-wizard-30 (sg-008231ea5552078ba) has 2 inbound rules and 1 outbound rules.;False;ec2;;medium;AwsEc2SecurityGroup;arn:aws:ec2:ap-southeast-2:213146990554:security-group/sg-008231ea5552078ba;sg-008231ea5552078ba;launch-wizard-30;;aws;ap-southeast-2;**EC2 security groups** are evaluated for excessive rule counts, flagging groups where `ingress` or `egress` entries exceed the configured threshold (default `50`). This targets groups with unusually large rule sets that complicate access control.;**Rule sprawl** weakens **least privilege**: large rule sets can hide overly permissive entries, exposing services to the Internet or unintended peers. This enables unauthorized access, data exfiltration, and lateral movement, impacting **confidentiality** and **integrity**, and can threaten **availability** via abuse of exposed services.;;"Apply **least privilege** and **segmentation**:
- Limit rules to required ports, protocols, and sources
- Split workloads into dedicated security groups per role
- Prefer SG-to-SG references over broad CIDRs
- Regularly review, deduplicate, and remove stale rules
- Layer controls (NACLs, private endpoints) for **defense in depth**";https://hub.prowler.com/check/ec2_securitygroup_with_many_ingress_egress_rules;"```yaml
# CloudFormation: Security group with limited number of rules
Resources:
  <example_resource_name>:
    Type: AWS::EC2::SecurityGroup
    Properties:
      GroupDescription: ""<example_resource_name>""
      VpcId: <example_resource_id>
      SecurityGroupIngress:
        - IpProtocol: tcp
          FromPort: 443
          ToPort: 443
          CidrIp: 10.0.0.0/8  # Critical: keep total inbound rules  50; this example defines only 1 rule to ensure compliance
```";"```hcl
# Terraform: Security group with limited number of rules
resource ""aws_security_group"" ""<example_resource_name>"" {
  name   = ""<example_resource_name>""
  vpc_id = ""<example_resource_id>""

  ingress {                      # Critical: keep total ingress/egress rules  50; single rule ensures PASS
    from_port   = 443
    to_port     = 443
    protocol    = ""tcp""
    cidr_blocks = [""10.0.0.0/8""]
  }
}
```";;"1. In the AWS console, go to EC2 > Security Groups
2. Select the security group that FAILED
3. In Inbound rules, click Edit inbound rules
4. Delete rules until the inbound rule count is 50 or fewer, then Save
5. In Outbound rules, click Edit outbound rules
6. Delete rules until the outbound rule count is 50 or fewer, then Save";KISA-ISMS-P-2023-korean: 2.10.2 | ISO27001-2022: A.8.20, A.8.21, A.8.22 | AWS-Foundational-Technical-Review: NETSEC-001 | AWS-Well-Architected-Framework-Security-Pillar: SEC05-BP03 | KISA-ISMS-P-2023: 2.10.2;trust-boundaries;;;;5.32.0;https://docs.aws.amazon.com/vpc/latest/userguide/VPC_SecurityGroups.html | https://www.trendmicro.com/trendaivisiononecloudriskmanagement/knowledge-base/aws/EC2/security-group-rules-counts.html;;
profile: None;2026-07-14 16:40:35.360893;213146990554;;;;;;prowler-aws-ec2_securitygroup_with_many_ingress_egress_rules-213146990554-ap-southeast-2-sg-0edc7e028df8de3e9;aws;ec2_securitygroup_with_many_ingress_egress_rules;Security group has 50 or fewer inbound rules and 50 or fewer outbound rules;Software and Configuration Checks/AWS Security Best Practices/Network Reachability | Software and Configuration Checks/Industry and Regulatory Standards/AWS Foundational Security Best Practices | Software and Configuration Checks/Industry and Regulatory Standards/CIS AWS Foundations Benchmark;PASS;Security group Kali Linux-2026.1-amd64-AutogenByAWSMP--2 (sg-0edc7e028df8de3e9) has 1 inbound rules and 1 outbound rules.;False;ec2;;medium;AwsEc2SecurityGroup;arn:aws:ec2:ap-southeast-2:213146990554:security-group/sg-0edc7e028df8de3e9;sg-0edc7e028df8de3e9;Kali Linux-2026.1-amd64-AutogenByAWSMP--2;;aws;ap-southeast-2;**EC2 security groups** are evaluated for excessive rule counts, flagging groups where `ingress` or `egress` entries exceed the configured threshold (default `50`). This targets groups with unusually large rule sets that complicate access control.;**Rule sprawl** weakens **least privilege**: large rule sets can hide overly permissive entries, exposing services to the Internet or unintended peers. This enables unauthorized access, data exfiltration, and lateral movement, impacting **confidentiality** and **integrity**, and can threaten **availability** via abuse of exposed services.;;"Apply **least privilege** and **segmentation**:
- Limit rules to required ports, protocols, and sources
- Split workloads into dedicated security groups per role
- Prefer SG-to-SG references over broad CIDRs
- Regularly review, deduplicate, and remove stale rules
- Layer controls (NACLs, private endpoints) for **defense in depth**";https://hub.prowler.com/check/ec2_securitygroup_with_many_ingress_egress_rules;"```yaml
# CloudFormation: Security group with limited number of rules
Resources:
  <example_resource_name>:
    Type: AWS::EC2::SecurityGroup
    Properties:
      GroupDescription: ""<example_resource_name>""
      VpcId: <example_resource_id>
      SecurityGroupIngress:
        - IpProtocol: tcp
          FromPort: 443
          ToPort: 443
          CidrIp: 10.0.0.0/8  # Critical: keep total inbound rules  50; this example defines only 1 rule to ensure compliance
```";"```hcl
# Terraform: Security group with limited number of rules
resource ""aws_security_group"" ""<example_resource_name>"" {
  name   = ""<example_resource_name>""
  vpc_id = ""<example_resource_id>""

  ingress {                      # Critical: keep total ingress/egress rules  50; single rule ensures PASS
    from_port   = 443
    to_port     = 443
    protocol    = ""tcp""
    cidr_blocks = [""10.0.0.0/8""]
  }
}
```";;"1. In the AWS console, go to EC2 > Security Groups
2. Select the security group that FAILED
3. In Inbound rules, click Edit inbound rules
4. Delete rules until the inbound rule count is 50 or fewer, then Save
5. In Outbound rules, click Edit outbound rules
6. Delete rules until the outbound rule count is 50 or fewer, then Save";KISA-ISMS-P-2023-korean: 2.10.2 | ISO27001-2022: A.8.20, A.8.21, A.8.22 | AWS-Foundational-Technical-Review: NETSEC-001 | AWS-Well-Architected-Framework-Security-Pillar: SEC05-BP03 | KISA-ISMS-P-2023: 2.10.2;trust-boundaries;;;;5.32.0;https://docs.aws.amazon.com/vpc/latest/userguide/VPC_SecurityGroups.html | https://www.trendmicro.com/trendaivisiononecloudriskmanagement/knowledge-base/aws/EC2/security-group-rules-counts.html;;
profile: None;2026-07-14 16:40:35.360893;213146990554;;;;;;prowler-aws-ec2_securitygroup_with_many_ingress_egress_rules-213146990554-ap-southeast-2-sg-03f34a362761817bd;aws;ec2_securitygroup_with_many_ingress_egress_rules;Security group has 50 or fewer inbound rules and 50 or fewer outbound rules;Software and Configuration Checks/AWS Security Best Practices/Network Reachability | Software and Configuration Checks/Industry and Regulatory Standards/AWS Foundational Security Best Practices | Software and Configuration Checks/Industry and Regulatory Standards/CIS AWS Foundations Benchmark;PASS;Security group Kali Linux-2025.2-amd64-AutogenByAWSMP--1 (sg-03f34a362761817bd) has 3 inbound rules and 1 outbound rules.;False;ec2;;medium;AwsEc2SecurityGroup;arn:aws:ec2:ap-southeast-2:213146990554:security-group/sg-03f34a362761817bd;sg-03f34a362761817bd;Kali Linux-2025.2-amd64-AutogenByAWSMP--1;;aws;ap-southeast-2;**EC2 security groups** are evaluated for excessive rule counts, flagging groups where `ingress` or `egress` entries exceed the configured threshold (default `50`). This targets groups with unusually large rule sets that complicate access control.;**Rule sprawl** weakens **least privilege**: large rule sets can hide overly permissive entries, exposing services to the Internet or unintended peers. This enables unauthorized access, data exfiltration, and lateral movement, impacting **confidentiality** and **integrity**, and can threaten **availability** via abuse of exposed services.;;"Apply **least privilege** and **segmentation**:
- Limit rules to required ports, protocols, and sources
- Split workloads into dedicated security groups per role
- Prefer SG-to-SG references over broad CIDRs
- Regularly review, deduplicate, and remove stale rules
- Layer controls (NACLs, private endpoints) for **defense in depth**";https://hub.prowler.com/check/ec2_securitygroup_with_many_ingress_egress_rules;"```yaml
# CloudFormation: Security group with limited number of rules
Resources:
  <example_resource_name>:
    Type: AWS::EC2::SecurityGroup
    Properties:
      GroupDescription: ""<example_resource_name>""
      VpcId: <example_resource_id>
      SecurityGroupIngress:
        - IpProtocol: tcp
          FromPort: 443
          ToPort: 443
          CidrIp: 10.0.0.0/8  # Critical: keep total inbound rules  50; this example defines only 1 rule to ensure compliance
```";"```hcl
# Terraform: Security group with limited number of rules
resource ""aws_security_group"" ""<example_resource_name>"" {
  name   = ""<example_resource_name>""
  vpc_id = ""<example_resource_id>""

  ingress {                      # Critical: keep total ingress/egress rules  50; single rule ensures PASS
    from_port   = 443
    to_port     = 443
    protocol    = ""tcp""
    cidr_blocks = [""10.0.0.0/8""]
  }
}
```";;"1. In the AWS console, go to EC2 > Security Groups
2. Select the security group that FAILED
3. In Inbound rules, click Edit inbound rules
4. Delete rules until the inbound rule count is 50 or fewer, then Save
5. In Outbound rules, click Edit outbound rules
6. Delete rules until the outbound rule count is 50 or fewer, then Save";KISA-ISMS-P-2023-korean: 2.10.2 | ISO27001-2022: A.8.20, A.8.21, A.8.22 | AWS-Foundational-Technical-Review: NETSEC-001 | AWS-Well-Architected-Framework-Security-Pillar: SEC05-BP03 | KISA-ISMS-P-2023: 2.10.2;trust-boundaries;;;;5.32.0;https://docs.aws.amazon.com/vpc/latest/userguide/VPC_SecurityGroups.html | https://www.trendmicro.com/trendaivisiononecloudriskmanagement/knowledge-base/aws/EC2/security-group-rules-counts.html;;
profile: None;2026-07-14 16:40:35.360893;213146990554;;;;;;prowler-aws-ec2_securitygroup_with_many_ingress_egress_rules-213146990554-ap-southeast-2-sg-09af3d1131f67434c;aws;ec2_securitygroup_with_many_ingress_egress_rules;Security group has 50 or fewer inbound rules and 50 or fewer outbound rules;Software and Configuration Checks/AWS Security Best Practices/Network Reachability | Software and Configuration Checks/Industry and Regulatory Standards/AWS Foundational Security Best Practices | Software and Configuration Checks/Industry and Regulatory Standards/CIS AWS Foundations Benchmark;PASS;Security group launch-wizard-10 (sg-09af3d1131f67434c) has 3 inbound rules and 1 outbound rules.;False;ec2;;medium;AwsEc2SecurityGroup;arn:aws:ec2:ap-southeast-2:213146990554:security-group/sg-09af3d1131f67434c;sg-09af3d1131f67434c;launch-wizard-10;;aws;ap-southeast-2;**EC2 security groups** are evaluated for excessive rule counts, flagging groups where `ingress` or `egress` entries exceed the configured threshold (default `50`). This targets groups with unusually large rule sets that complicate access control.;**Rule sprawl** weakens **least privilege**: large rule sets can hide overly permissive entries, exposing services to the Internet or unintended peers. This enables unauthorized access, data exfiltration, and lateral movement, impacting **confidentiality** and **integrity**, and can threaten **availability** via abuse of exposed services.;;"Apply **least privilege** and **segmentation**:
- Limit rules to required ports, protocols, and sources
- Split workloads into dedicated security groups per role
- Prefer SG-to-SG references over broad CIDRs
- Regularly review, deduplicate, and remove stale rules
- Layer controls (NACLs, private endpoints) for **defense in depth**";https://hub.prowler.com/check/ec2_securitygroup_with_many_ingress_egress_rules;"```yaml
# CloudFormation: Security group with limited number of rules
Resources:
  <example_resource_name>:
    Type: AWS::EC2::SecurityGroup
    Properties:
      GroupDescription: ""<example_resource_name>""
      VpcId: <example_resource_id>
      SecurityGroupIngress:
        - IpProtocol: tcp
          FromPort: 443
          ToPort: 443
          CidrIp: 10.0.0.0/8  # Critical: keep total inbound rules  50; this example defines only 1 rule to ensure compliance
```";"```hcl
# Terraform: Security group with limited number of rules
resource ""aws_security_group"" ""<example_resource_name>"" {
  name   = ""<example_resource_name>""
  vpc_id = ""<example_resource_id>""

  ingress {                      # Critical: keep total ingress/egress rules  50; single rule ensures PASS
    from_port   = 443
    to_port     = 443
    protocol    = ""tcp""
    cidr_blocks = [""10.0.0.0/8""]
  }
}
```";;"1. In the AWS console, go to EC2 > Security Groups
2. Select the security group that FAILED
3. In Inbound rules, click Edit inbound rules
4. Delete rules until the inbound rule count is 50 or fewer, then Save
5. In Outbound rules, click Edit outbound rules
6. Delete rules until the outbound rule count is 50 or fewer, then Save";KISA-ISMS-P-2023-korean: 2.10.2 | ISO27001-2022: A.8.20, A.8.21, A.8.22 | AWS-Foundational-Technical-Review: NETSEC-001 | AWS-Well-Architected-Framework-Security-Pillar: SEC05-BP03 | KISA-ISMS-P-2023: 2.10.2;trust-boundaries;;;;5.32.0;https://docs.aws.amazon.com/vpc/latest/userguide/VPC_SecurityGroups.html | https://www.trendmicro.com/trendaivisiononecloudriskmanagement/knowledge-base/aws/EC2/security-group-rules-counts.html;;
profile: None;2026-07-14 16:40:35.360893;213146990554;;;;;;prowler-aws-ec2_securitygroup_with_many_ingress_egress_rules-213146990554-ap-southeast-2-sg-04cb06d277b67eb6c;aws;ec2_securitygroup_with_many_ingress_egress_rules;Security group has 50 or fewer inbound rules and 50 or fewer outbound rules;Software and Configuration Checks/AWS Security Best Practices/Network Reachability | Software and Configuration Checks/Industry and Regulatory Standards/AWS Foundational Security Best Practices | Software and Configuration Checks/Industry and Regulatory Standards/CIS AWS Foundations Benchmark;PASS;Security group launch-wizard-17 (sg-04cb06d277b67eb6c) has 1 inbound rules and 1 outbound rules.;False;ec2;;medium;AwsEc2SecurityGroup;arn:aws:ec2:ap-southeast-2:213146990554:security-group/sg-04cb06d277b67eb6c;sg-04cb06d277b67eb6c;launch-wizard-17;;aws;ap-southeast-2;**EC2 security groups** are evaluated for excessive rule counts, flagging groups where `ingress` or `egress` entries exceed the configured threshold (default `50`). This targets groups with unusually large rule sets that complicate access control.;**Rule sprawl** weakens **least privilege**: large rule sets can hide overly permissive entries, exposing services to the Internet or unintended peers. This enables unauthorized access, data exfiltration, and lateral movement, impacting **confidentiality** and **integrity**, and can threaten **availability** via abuse of exposed services.;;"Apply **least privilege** and **segmentation**:
- Limit rules to required ports, protocols, and sources
- Split workloads into dedicated security groups per role
- Prefer SG-to-SG references over broad CIDRs
- Regularly review, deduplicate, and remove stale rules
- Layer controls (NACLs, private endpoints) for **defense in depth**";https://hub.prowler.com/check/ec2_securitygroup_with_many_ingress_egress_rules;"```yaml
# CloudFormation: Security group with limited number of rules
Resources:
  <example_resource_name>:
    Type: AWS::EC2::SecurityGroup
    Properties:
      GroupDescription: ""<example_resource_name>""
      VpcId: <example_resource_id>
      SecurityGroupIngress:
        - IpProtocol: tcp
          FromPort: 443
          ToPort: 443
          CidrIp: 10.0.0.0/8  # Critical: keep total inbound rules  50; this example defines only 1 rule to ensure compliance
```";"```hcl
# Terraform: Security group with limited number of rules
resource ""aws_security_group"" ""<example_resource_name>"" {
  name   = ""<example_resource_name>""
  vpc_id = ""<example_resource_id>""

  ingress {                      # Critical: keep total ingress/egress rules  50; single rule ensures PASS
    from_port   = 443
    to_port     = 443
    protocol    = ""tcp""
    cidr_blocks = [""10.0.0.0/8""]
  }
}
```";;"1. In the AWS console, go to EC2 > Security Groups
2. Select the security group that FAILED
3. In Inbound rules, click Edit inbound rules
4. Delete rules until the inbound rule count is 50 or fewer, then Save
5. In Outbound rules, click Edit outbound rules
6. Delete rules until the outbound rule count is 50 or fewer, then Save";KISA-ISMS-P-2023-korean: 2.10.2 | ISO27001-2022: A.8.20, A.8.21, A.8.22 | AWS-Foundational-Technical-Review: NETSEC-001 | AWS-Well-Architected-Framework-Security-Pillar: SEC05-BP03 | KISA-ISMS-P-2023: 2.10.2;trust-boundaries;;;;5.32.0;https://docs.aws.amazon.com/vpc/latest/userguide/VPC_SecurityGroups.html | https://www.trendmicro.com/trendaivisiononecloudriskmanagement/knowledge-base/aws/EC2/security-group-rules-counts.html;;
profile: None;2026-07-14 16:40:35.360893;213146990554;;;;;;prowler-aws-iam_password_policy_expires_passwords_within_90_days_or_less-213146990554-ap-southeast-2-213146990554;aws;iam_password_policy_expires_passwords_within_90_days_or_less;IAM account password policy enforces password expiration within 90 days or less;Software and Configuration Checks/Industry and Regulatory Standards/CIS AWS Foundations Benchmark;FAIL;Password expiration is not set.;False;iam;;medium;AwsIamPolicy;arn:aws:iam:ap-southeast-2:213146990554:password-policy;213146990554;;;aws;ap-southeast-2;"**IAM account password policy** sets a **password expiration period** for IAM user console logins; configuration is aligned when rotation is enabled and set to `<= 90` days.";Without rotation, stale passwords persist, enabling **credential stuffing**, **brute force**, and **password reuse** attacks. A compromised IAM user can retain console access, enabling **data exfiltration**, privilege escalation, and loss of **confidentiality** and **integrity**.;;Enforce **password rotation** at `<= 90` days and **prevent reuse**. Pair with **MFA**, strong length/complexity, and prefer **federation/SSO** to reduce static passwords. Apply **least privilege**, monitor sign-ins, and remove inactive console passwords to limit exposure.;https://hub.prowler.com/check/iam_password_policy_expires_passwords_within_90_days_or_less;"```yaml
# CloudFormation: Set IAM account password policy to expire passwords within 90 days
Resources:
  ExampleAccountPasswordPolicy:
    Type: AWS::IAM::AccountPasswordPolicy
    Properties:
      MaxPasswordAge: 90  # Critical: enforces password expiration in 90 days or less to pass the check
```";"```hcl
# Enforce IAM password expiration within 90 days
resource ""aws_iam_account_password_policy"" ""example"" {
  max_password_age = 90  # Critical: enforces password expiration <= 90 days to pass the check
}
```";aws iam update-account-password-policy --max-password-age 90;"1. In the AWS Console, go to IAM
2. Select Account settings
3. In Password policy, click Edit
4. Check Enable password expiration and set Password expiration period (days) to 90 or less
5. Click Save changes";SecNumCloud-3.2: 9.5 | ISO27001-2013: A.9.2.A, A.9.3.A, A.9.4.A | KISA-ISMS-P-2023-korean: 2.5.4, 2.10.2 | C5-2025: IAM-03.02B, IAM-08.03B, IAM-08.05B, PSS-07.01B | ISO27001-2022: A.5.15 | AWS-AI-Security-Framework-1.0: AISF-IAM-06 | NIS2: 1.1.1.d, 1.1.2, 9.2.c.v, 11.6.2.a | MITRE-ATTACK: T1078, T1110 | ProwlerThreatScore-1.0: 1.1.12 | AWS-Foundational-Security-Best-Practices: IAM.7, IAM.10 | ENS-RD2022: op.acc.6.aws.iam.3 | CCC-v2025.10: CCC.Core.CN05.AR02, CCC.IAM.CN05.AR01 | NIST-800-171-Revision-2: 3_5_5, 3_5_6, 3_5_7, 3_5_8 | AWS-Foundational-Technical-Review: IAM-003 | FedRAMP-20x-KSI-Low-25.05C: ksi-iam | PCI-4.0: 8.3.6.1, 8.6.3.2 | AWS-Well-Architected-Framework-Security-Pillar: SEC03-BP06 | KISA-ISMS-P-2023: 2.5.4, 2.10.2;identity-access;;;;5.32.0;https://docs.aws.amazon.com/IAM/latest/UserGuide/id_credentials_passwords_account-policy.html;;
profile: None;2026-07-14 16:40:35.360893;213146990554;;;;;;prowler-aws-iam_password_policy_lowercase-213146990554-ap-southeast-2-213146990554;aws;iam_password_policy_lowercase;IAM password policy requires at least one lowercase letter;Software and Configuration Checks/AWS Security Best Practices | Software and Configuration Checks/Industry and Regulatory Standards/CIS AWS Foundations Benchmark;FAIL;IAM password policy does not require at least one lowercase letter.;False;iam;;low;AwsIamPolicy;arn:aws:iam:ap-southeast-2:213146990554:password-policy;213146990554;;;aws;ap-southeast-2;**IAM password policy** requires at least one **lowercase** character in user passwords via the `Require lowercase` setting;Without a lowercase requirement, passwords have reduced entropy, making **brute force** and **password spraying** more effective. Compromised IAM users can enable unauthorized access and changes, risking **confidentiality**, **integrity**, and **availability** of AWS resources.;;"Adopt a strong password policy that:
- Enables `Require at least one lowercase letter` plus uppercase, number, and symbol
- Sets sufficient length and blocks reuse
- Requires **MFA** for all users
- Applies **least privilege** to limit blast radius";https://hub.prowler.com/check/iam_password_policy_lowercase;"```yaml
Resources:
  <example_resource_name>:
    Type: AWS::IAM::AccountPasswordPolicy
    Properties:
      RequireLowercaseCharacters: true  # Critical: Enforces at least one lowercase letter in passwords
```";"```hcl
resource ""aws_iam_account_password_policy"" ""<example_resource_name>"" {
  require_lowercase_characters = true  # Critical: Enforces at least one lowercase letter in passwords
}
```";aws iam update-account-password-policy --require-lowercase-characters;"1. In the AWS Console, open IAM
2. Go to Account settings
3. In Password policy, click Edit
4. Check ""Require at least one lowercase letter (a-z)""
5. Click Save changes";SecNumCloud-3.2: 9.5 | FFIEC: d3-pc-am-b-6, d3-pc-am-b-7 | ISO27001-2013: A.9.2.F, A.9.3.F, A.9.4.F | KISA-ISMS-P-2023-korean: 2.5.4, 2.10.2 | GDPR: article_25 | C5-2025: IAM-08.03B, PSS-07.01B | ISO27001-2022: A.5.15 | AWS-AI-Security-Framework-1.0: AISF-IAM-06 | NIS2: 9.2.c.v, 11.6.2.a | MITRE-ATTACK: T1078, T1110 | ProwlerThreatScore-1.0: 1.1.8 | AWS-Foundational-Security-Best-Practices: IAM.7, IAM.10 | HIPAA: 164_308_a_5_ii_d | ENS-RD2022: op.acc.6.r1.aws.iam.1 | CCC-v2025.10: CCC.Core.CN05.AR02, CCC.IAM.CN05.AR01 | NIST-800-171-Revision-2: 3_5_7 | GxP-21-CFR-Part-11: 11.10-d, 11.10-g, 11.200, 11.300-b | AWS-Foundational-Technical-Review: IAM-003 | FedRAMP-20x-KSI-Low-25.05C: ksi-iam | AWS-Well-Architected-Framework-Security-Pillar: SEC02-BP01 | KISA-ISMS-P-2023: 2.5.4, 2.10.2 | CISA: your-systems-3, your-surroundings-4;identity-access;;;;5.32.0;https://docs.aws.amazon.com/IAM/latest/UserGuide/id_credentials_passwords_account-policy.html;;
profile: None;2026-07-14 16:40:35.360893;213146990554;;;;;;prowler-aws-iam_password_policy_minimum_length_14-213146990554-ap-southeast-2-213146990554;aws;iam_password_policy_minimum_length_14;IAM password policy requires passwords to be at least 14 characters long;Software and Configuration Checks/Industry and Regulatory Standards/CIS AWS Foundations Benchmark | Software and Configuration Checks/Industry and Regulatory Standards/AWS Foundational Security Best Practices;FAIL;IAM password policy does not require minimum length of 14 characters.;False;iam;;medium;AwsIamPolicy;arn:aws:iam:ap-southeast-2:213146990554:password-policy;213146990554;;;aws;ap-southeast-2;**IAM password policy** is assessed for the **minimum password length** setting, confirming it meets `>= 14` characters for IAM console users.;Low minimum length reduces entropy, easing **brute force** and **credential stuffing**. Compromised IAM users enable console access, unauthorized changes, and lateral movement, leading to data exposure (confidentiality) and tampering (integrity).;;"Set the **minimum password length** to `>= 14` (prefer `16+`).
- Require mixed character types and prevent reuse
- Enforce **MFA** for all console users
- Prefer SSO over local IAM users
- Apply least privilege and monitor authentication events";https://hub.prowler.com/check/iam_password_policy_minimum_length_14;"```yaml
Resources:
  <example_resource_name>:
    Type: AWS::IAM::AccountPasswordPolicy
    Properties:
      MinimumPasswordLength: 14  # Critical: sets minimum password length to 14 to pass the check
```";"```hcl
resource ""aws_iam_account_password_policy"" ""<example_resource_name>"" {
  minimum_password_length = 14  # Critical: enforces minimum password length >=14
}
```";aws iam update-account-password-policy --minimum-password-length 14;"1. Sign in to the AWS Console and open IAM
2. Go to Account settings > Password policy and click Edit
3. Set Enforce minimum password length to 14
4. Click Save changes (and confirm Set custom if prompted)";SecNumCloud-3.2: 9.5, 10.3 | FFIEC: d3-pc-am-b-6, d3-pc-am-b-7 | ISO27001-2013: A.9.2.C, A.9.3.C, A.9.4.C | NIST-800-53-Revision-5: ac_2_1, ac_2_3_a, ac_2_3_b, ac_2_3_c, ac_2_3_d, ac_2_3, ac_2_d_1, ac_3_3, ac_3_3_a, ac_3_3_b_1, ac_3_3_b_2, ac_3_3_b_3, ac_3_3_b_4, ac_3_3_b_5, ac_3_3_c, ac_3_4, ac_3_4_a, ac_3_4_b, ac_3_4_c, ac_3_4_d, ac_3_4_e, ac_3_8, ac_3_12_a, ac_3_13, ac_3_15_a, ac_3_15_b, ac_4_28, ac_7_4, ac_7_4_a, ac_24, cm_5_1_a, cm_6_a, cm_9_b, cm_12_b, ia_4_d, ia_5, ia_5_b, ia_5_c, ia_5_d, ia_5_f, ia_5_h, ia_5_1_f, ia_5_1_g, ia_5_1_h, ia_5_1_h, ia_5_18_a, ia_5_18_b, ia_8_2_b, ma_4_c, sc_23_3 | KISA-ISMS-P-2023-korean: 2.5.4, 2.10.2 | GDPR: article_25 | C5-2025: IAM-08.03B, PSS-07.01B | ISO27001-2022: A.5.15 | AWS-AI-Security-Framework-1.0: AISF-IAM-06 | NIS2: 9.2.c.v | MITRE-ATTACK: T1078, T1110 | ProwlerThreatScore-1.0: 1.1.4 | FedRAMP-Low-Revision-4: ac-2, ia-2 | AWS-Foundational-Security-Best-Practices: IAM.7, IAM.10 | HIPAA: 164_308_a_5_ii_d | FedRamp-Moderate-Revision-4: ac-2-1, ac-2-f, ac-2-j, ac-2-3, ac-5-c, ia-2, ia-5-1-a-d-e, ia-5-4 | ENS-RD2022: op.acc.6.r1.aws.iam.1 | CIS-1.4: 1.8 | CCC-v2025.10: CCC.Core.CN05.AR02, CCC.IAM.CN05.AR01 | CIS-7.0: 2.8 | NIST-800-171-Revision-2: 3_5_7 | GxP-21-CFR-Part-11: 11.10-d, 11.10-g, 11.200, 11.300-b | CIS-4.0.1: 1.8 | AWS-Foundational-Technical-Review: IAM-003 | CIS-5.0: 1.7 | CIS-3.0: 1.8 | CIS-1.5: 1.8 | FedRAMP-20x-KSI-Low-25.05C: ksi-iam | AWS-Well-Architected-Framework-Security-Pillar: SEC02-BP01 | CIS-2.0: 1.8 | KISA-ISMS-P-2023: 2.5.4, 2.10.2 | CIS-6.0: 2.7 | CISA: your-systems-3, your-surroundings-4;identity-access;;;;5.32.0;https://docs.aws.amazon.com/config/latest/developerguide/iam-password-policy.html | https://docs.aws.amazon.com/IAM/latest/UserGuide/id_credentials_passwords_account-policy.html | https://docs.aws.amazon.com/sdk-for-ruby/v3/api/Aws/IAM/Resource.html;;
profile: None;2026-07-14 16:40:35.360893;213146990554;;;;;;prowler-aws-iam_password_policy_number-213146990554-ap-southeast-2-213146990554;aws;iam_password_policy_number;IAM password policy requires at least one number;Software and Configuration Checks/AWS Security Best Practices | Software and Configuration Checks/Industry and Regulatory Standards/AWS Foundational Security Best Practices | Software and Configuration Checks/Industry and Regulatory Standards/CIS AWS Foundations Benchmark;FAIL;IAM password policy does not require at least one number.;False;iam;;medium;AwsIamPolicy;arn:aws:iam:ap-southeast-2:213146990554:password-policy;213146990554;;;aws;ap-southeast-2;**IAM account password policy** requires at least one **numeric character** (`0-9`) in IAM user passwords;Passwords without numbers have lower entropy, making **brute-force** and **credential-stuffing** more effective. A compromised IAM user can gain console access, enabling data exposure (**confidentiality**), configuration changes (**integrity**), and resource abuse or deletion (**availability**).;;Enforce the password policy option to `require at least one number`. Combine with strong length, mixed case, and symbols, and prevent reuse. Enable **MFA** for all users and prefer **federated access** to limit static credentials, supporting **defense in depth** against guessing attacks.;https://hub.prowler.com/check/iam_password_policy_number;"```yaml
# CloudFormation: Enforce at least one number in IAM user passwords
Resources:
  <example_resource_name>:
    Type: AWS::IAM::AccountPasswordPolicy
    Properties:
      RequireNumbers: true  # Critical: requires at least one number in passwords
```";"```hcl
# Enforce at least one number in IAM user passwords
resource ""aws_iam_account_password_policy"" ""<example_resource_name>"" {
  require_numbers = true  # Critical: requires at least one number in passwords
}
```";aws iam update-account-password-policy --require-numbers;"1. Open the AWS Management Console and go to IAM
2. In the left menu, click Account settings
3. In Password policy, click Edit
4. Check Require at least one number
5. Click Save changes and confirm Set custom";SecNumCloud-3.2: 9.5, 10.3 | FFIEC: d3-pc-am-b-6, d3-pc-am-b-7 | ISO27001-2013: A.9.2.D, A.9.3.D, A.9.4.D | KISA-ISMS-P-2023-korean: 2.5.4, 2.10.2 | GDPR: article_25 | C5-2025: IAM-08.03B, IAM-08.05B, PSS-07.01B | ISO27001-2022: A.5.15 | AWS-AI-Security-Framework-1.0: AISF-IAM-06 | NIS2: 9.2.c.v | MITRE-ATTACK: T1078, T1110 | ProwlerThreatScore-1.0: 1.1.6 | AWS-Foundational-Security-Best-Practices: IAM.7, IAM.10 | HIPAA: 164_308_a_5_ii_d | ENS-RD2022: op.acc.6.r1.aws.iam.1 | CCC-v2025.10: CCC.Core.CN05.AR02, CCC.IAM.CN05.AR01 | NIST-800-171-Revision-2: 3_5_7 | GxP-21-CFR-Part-11: 11.10-d, 11.10-g, 11.200, 11.300-b | AWS-Foundational-Technical-Review: IAM-003 | FedRAMP-20x-KSI-Low-25.05C: ksi-iam | AWS-Well-Architected-Framework-Security-Pillar: SEC02-BP01 | KISA-ISMS-P-2023: 2.5.4, 2.10.2 | CISA: your-systems-3, your-surroundings-4;identity-access;;;;5.32.0;https://docs.aws.amazon.com/IAM/latest/UserGuide/id_credentials_passwords_account-policy.html;;
profile: None;2026-07-14 16:40:35.360893;213146990554;;;;;;prowler-aws-iam_password_policy_reuse_24-213146990554-ap-southeast-2-213146990554;aws;iam_password_policy_reuse_24;IAM password policy prevents reuse of the last 24 passwords;Software and Configuration Checks/AWS Security Best Practices | Software and Configuration Checks/Industry and Regulatory Standards/AWS Foundational Security Best Practices | Software and Configuration Checks/Industry and Regulatory Standards/CIS AWS Foundations Benchmark;FAIL;IAM password policy reuse prevention is less than 24 or not set.;False;iam;;medium;AwsIamPolicy;arn:aws:iam:ap-southeast-2:213146990554:password-policy;213146990554;;;aws;ap-southeast-2;**IAM account password policy** uses **password reuse prevention** set to `24` remembered passwords (maximum history) for IAM users;If fewer than `24` passwords are remembered, users can cycle back to recent secrets, undermining rotation. Attackers with previously exposed passwords can regain console access after a change, reducing **confidentiality** and **integrity** and increasing success of credential-stuffing with known credentials.;;Set the password policy to remember `24` previous passwords to block reuse. Combine with **MFA**, strong length and complexity, and avoid rotation practices that encourage predictable patterns. Apply **least privilege** and monitor authentication events as part of **defense in depth**.;https://hub.prowler.com/check/iam_password_policy_reuse_24;"```yaml
Resources:
  <example_resource_name>:
    Type: AWS::IAM::AccountPasswordPolicy
    Properties:
      PasswordReusePrevention: 24  # Critical: prevents reuse of the last 24 passwords
```";"```hcl
resource ""aws_iam_account_password_policy"" ""<example_resource_name>"" {
  password_reuse_prevention = 24  # Critical: require last 24 passwords cannot be reused
}
```";aws iam update-account-password-policy --password-reuse-prevention 24;"1. Open the AWS Management Console and go to IAM
2. In the left menu, select Account settings
3. In Password policy, click Edit
4. Select Custom (if not already)
5. Set Prevent password reuse to 24
6. Click Save changes";SecNumCloud-3.2: 9.5 | NIST-CSF-1.1: ac_1 | ISO27001-2013: A.9.2.B, A.9.3.B, A.9.4.B | RBI-Cyber-Security-Framework: annex_i_7_2 | KISA-ISMS-P-2023-korean: 2.5.4, 2.10.2 | GDPR: article_25 | C5-2025: IAM-01.03B, IAM-03.02B, IAM-03.03B, IAM-03.01AS, IAM-08.03B, IAM-08.05B, IAM-08.07B, PSS-07.01B | ISO27001-2022: A.5.15 | AWS-AI-Security-Framework-1.0: AISF-IAM-06 | NIS2: 9.2.c.v | MITRE-ATTACK: T1078, T1110 | ProwlerThreatScore-1.0: 1.1.5 | AWS-Foundational-Security-Best-Practices: IAM.7, IAM.10 | HIPAA: 164_308_a_4_ii_c, 164_308_a_5_ii_d, 164_312_d | ENS-RD2022: op.acc.6.r1.aws.iam.1 | CIS-1.4: 1.9 | CCC-v2025.10: CCC.Core.CN05.AR02, CCC.IAM.CN05.AR01 | CIS-7.0: 2.9 | NIST-800-171-Revision-2: 3_5_5, 3_5_6, 3_5_7, 3_5_8 | NIST-800-53-Revision-4: ac_2_1, ac_2, ia_2, ia_5_1, ia_5_4 | CIS-4.0.1: 1.9 | AWS-Foundational-Technical-Review: IAM-003 | CIS-5.0: 1.8 | CIS-3.0: 1.9 | CIS-1.5: 1.9 | FedRAMP-20x-KSI-Low-25.05C: ksi-iam | AWS-Well-Architected-Framework-Security-Pillar: SEC02-BP01 | PCI-3.2.1: 8.1, 8.1.4, 8.2, 8.2.3, 8.2.3.a, 8.2.3.b, 8.2.4, 8.2.4.a, 8.2.4.b, 8.2.5, 8.2.5.a, 8.2.5.b | CIS-2.0: 1.9 | KISA-ISMS-P-2023: 2.5.4, 2.10.2 | CIS-6.0: 2.8;identity-access;;;;5.32.0;https://docs.aws.amazon.com/IAM/latest/UserGuide/id_credentials_passwords_account-policy.html;;
profile: None;2026-07-14 16:40:35.360893;213146990554;;;;;;prowler-aws-iam_password_policy_symbol-213146990554-ap-southeast-2-213146990554;aws;iam_password_policy_symbol;IAM password policy requires at least one symbol;Software and Configuration Checks/AWS Security Best Practices | Software and Configuration Checks/Industry and Regulatory Standards/AWS Foundational Security Best Practices | Software and Configuration Checks/Industry and Regulatory Standards/CIS AWS Foundations Benchmark | TTPs/Credential Access;FAIL;IAM password policy does not require at least one symbol.;False;iam;;medium;AwsIamPolicy;arn:aws:iam:ap-southeast-2:213146990554:password-policy;213146990554;;;aws;ap-southeast-2;**IAM account password policy** includes the `Require at least one non-alphanumeric character` rule for IAM user passwords;Missing a **symbol requirement** lowers password entropy, increasing success of **brute force** and **credential stuffing** against console logins. A compromised IAM user can gain unauthorized access and modify resources, threatening **confidentiality** and **integrity** across the account.;;Enforce the `Require at least one non-alphanumeric character` rule in the **IAM password policy**, alongside strong minimum length, mixed character sets, and password reuse prevention. Apply **MFA** for all human users and uphold **least privilege** to limit impact. *Consider periodic rotation based on risk.*;https://hub.prowler.com/check/iam_password_policy_symbol;"```yaml
Resources:
  <example_resource_name>:
    Type: AWS::IAM::AccountPasswordPolicy
    Properties:
      RequireSymbols: true  # Critical: requires at least one symbol in passwords
```";"```hcl
resource ""aws_iam_account_password_policy"" ""<example_resource_name>"" {
  require_symbols = true  # Critical: require at least one symbol in passwords
}
```";aws iam update-account-password-policy --require-symbols;"1. In the AWS console, open IAM
2. Go to Account settings
3. Click Edit in the Password policy section
4. Check ""Require at least one non-alphanumeric character (symbol)""
5. Click Save changes";SecNumCloud-3.2: 9.5, 10.3 | FFIEC: d3-pc-am-b-6, d3-pc-am-b-7 | ISO27001-2013: A.9.2.E, A.9.3.E, A.9.4.E | KISA-ISMS-P-2023-korean: 2.5.4, 2.10.2 | GDPR: article_25 | C5-2025: IAM-08.03B, PSS-07.01B | ISO27001-2022: A.5.15 | AWS-AI-Security-Framework-1.0: AISF-IAM-06 | NIS2: 9.2.c.v | MITRE-ATTACK: T1078, T1110 | ProwlerThreatScore-1.0: 1.1.7 | AWS-Foundational-Security-Best-Practices: IAM.7, IAM.10 | HIPAA: 164_308_a_5_ii_d | ENS-RD2022: op.acc.6.r1.aws.iam.1 | CCC-v2025.10: CCC.Core.CN05.AR02, CCC.IAM.CN05.AR01 | NIST-800-171-Revision-2: 3_5_7 | GxP-21-CFR-Part-11: 11.10-d, 11.10-g, 11.200, 11.300-b | AWS-Foundational-Technical-Review: IAM-003 | FedRAMP-20x-KSI-Low-25.05C: ksi-iam | AWS-Well-Architected-Framework-Security-Pillar: SEC02-BP01 | KISA-ISMS-P-2023: 2.5.4, 2.10.2 | CISA: your-systems-3, your-surroundings-4;identity-access;;;;5.32.0;https://docs.aws.amazon.com/IAM/latest/UserGuide/id_credentials_passwords_account-policy.html;;
profile: None;2026-07-14 16:40:35.360893;213146990554;;;;;;prowler-aws-iam_password_policy_uppercase-213146990554-ap-southeast-2-213146990554;aws;iam_password_policy_uppercase;IAM password policy requires at least one uppercase letter;Software and Configuration Checks/AWS Security Best Practices | Software and Configuration Checks/Industry and Regulatory Standards/AWS Foundational Security Best Practices | Software and Configuration Checks/Industry and Regulatory Standards/CIS AWS Foundations Benchmark | Software and Configuration Checks/Industry and Regulatory Standards/NIST 800-53 Controls (USA) | Software and Configuration Checks/Industry and Regulatory Standards/PCI-DSS;FAIL;IAM password policy does not require at least one uppercase letter.;False;iam;;medium;AwsIamPolicy;arn:aws:iam:ap-southeast-2:213146990554:password-policy;213146990554;;;aws;ap-southeast-2;"**IAM account password policy** enforces the presence of **at least one uppercase letter** (`A-Z`) in IAM user passwords.

*This evaluates whether the uppercase complexity rule is enabled for console passwords.*";Without an uppercase requirement, passwords have lower entropy, enabling **brute force**, **credential stuffing**, and **offline cracking**. Compromised IAM users can access the console, threatening **confidentiality** (data exposure), **integrity** (unauthorized changes), and **availability** (resource deletion).;;Enable the uppercase rule within a **strong password policy** that also requires length, lowercase, numbers, and symbols. Pair with **MFA** and **least privilege** to reduce blast radius. Regularly review policy effectiveness and prefer **federated SSO** to minimize long-lived IAM passwords.;https://hub.prowler.com/check/iam_password_policy_uppercase;"```yaml
Resources:
  <example_resource_name>:
    Type: AWS::IAM::AccountPasswordPolicy
    Properties:
      RequireUppercaseCharacters: true  # Critical: enforce at least one uppercase letter
```";"```hcl
resource ""aws_iam_account_password_policy"" ""<example_resource_name>"" {
  require_uppercase_characters = true  # Critical: enforce at least one uppercase letter
}
```";aws iam update-account-password-policy --require-uppercase-characters;"1. In the AWS Console, go to IAM
2. Open Account settings > Password policy > Edit
3. Check ""Require at least one uppercase letter (A-Z)""
4. Click Save changes";SecNumCloud-3.2: 9.5 | FFIEC: d3-pc-am-b-6, d3-pc-am-b-7 | ISO27001-2013: A.9.2.G, A.9.3.G, A.9.4.G | KISA-ISMS-P-2023-korean: 2.5.4, 2.10.2 | GDPR: article_25 | C5-2025: IAM-08.03B, IAM-08.05B, PSS-07.01B | ISO27001-2022: A.5.15 | AWS-AI-Security-Framework-1.0: AISF-IAM-06 | NIS2: 9.2.c.v | MITRE-ATTACK: T1078, T1110 | ProwlerThreatScore-1.0: 1.1.9 | AWS-Foundational-Security-Best-Practices: IAM.7, IAM.10 | HIPAA: 164_308_a_5_ii_d | ENS-RD2022: op.acc.6.r1.aws.iam.1 | CCC-v2025.10: CCC.Core.CN05.AR02, CCC.IAM.CN05.AR01 | NIST-800-171-Revision-2: 3_5_7 | GxP-21-CFR-Part-11: 11.10-d, 11.10-g, 11.200, 11.300-b | AWS-Foundational-Technical-Review: IAM-003 | FedRAMP-20x-KSI-Low-25.05C: ksi-iam | AWS-Well-Architected-Framework-Security-Pillar: SEC02-BP01 | KISA-ISMS-P-2023: 2.5.4, 2.10.2 | CISA: your-systems-3, your-surroundings-4;identity-access;;;;5.32.0;https://docs.aws.amazon.com/IAM/latest/UserGuide/id_credentials_passwords_account-policy.html;;
profile: None;2026-07-14 16:40:35.360893;213146990554;;;;;;prowler-aws-iam_role_administratoraccess_policy-213146990554-ap-southeast-2-Omico-2IDP;aws;iam_role_administratoraccess_policy;IAM role does not have AdministratorAccess policy attached;Software and Configuration Checks/AWS Security Best Practices | Software and Configuration Checks/Industry and Regulatory Standards/AWS Foundational Security Best Practices | Software and Configuration Checks/Industry and Regulatory Standards/CIS AWS Foundations Benchmark;PASS;IAM Role Omico-2IDP does not have AdministratorAccess policy.;False;iam;;high;AwsIamRole;arn:aws:iam::213146990554:role/Omico-2IDP;Omico-2IDP;;;aws;ap-southeast-2;"**IAM roles** (excluding service roles) are evaluated for attachment of the AWS-managed `AdministratorAccess` policy.

Attachment indicates the role holds unrestricted permissions across services and resources.";Granting full administrative permissions on a role undermines confidentiality, integrity, and availability. If the role is assumed or its credentials are stolen, an attacker can read sensitive data, change policies, disable auditing, delete resources and backups, and create new privileged identities, enabling swift account takeover.;;"Apply **least privilege**: avoid attaching `AdministratorAccess` to roles. Grant only task-scoped permissions with custom policies and enforce **separation of duties**.

Use **permissions boundaries**, **SCPs**, and policy conditions to constrain power. Require MFA for break-glass admins, time-bound elevation with approval, and refine access using **Access Analyzer**.";https://hub.prowler.com/check/iam_role_administratoraccess_policy;"```yaml
# CloudFormation: IAM Role without AdministratorAccess
Resources:
  <example_resource_name>:
    Type: AWS::IAM::Role
    Properties:
      AssumeRolePolicyDocument:
        Version: '2012-10-17'
        Statement:
          - Effect: Allow
            Principal:
              Service: ec2.amazonaws.com
            Action: sts:AssumeRole
      ManagedPolicyArns: []  # Critical: ensure AdministratorAccess is NOT attached to this role
```";"```hcl
# IAM Role without AdministratorAccess
resource ""aws_iam_role"" ""<example_resource_name>"" {
  assume_role_policy = <<POLICY
{
  ""Version"": ""2012-10-17"",
  ""Statement"": [{
    ""Effect"": ""Allow"",
    ""Principal"": {""Service"": ""ec2.amazonaws.com""},
    ""Action"": ""sts:AssumeRole""
  }]
}
POLICY

  managed_policy_arns = [] # Critical: ensures ""AdministratorAccess"" is NOT attached
}
```";aws iam detach-role-policy --role-name <ROLE_NAME> --policy-arn arn:aws:iam::aws:policy/AdministratorAccess;"1. In the AWS Console, go to IAM > Roles
2. Select the role flagged by the check
3. On the Permissions tab, under Attached policies, find ""AdministratorAccess""
4. Click Detach next to ""AdministratorAccess""
5. Confirm the detach";SecNumCloud-3.2: 9.3 | KISA-ISMS-P-2023-korean: 2.5.1, 2.5.5, 2.5.6, 2.10.2 | NIST-CSF-2.0: rr_1, rr_2, po_1, ac_1, ac_4 | C5-2025: OIS-02.01B, OIS-04.03B, SP-01.04B, HR-01.01B, HR-04.01B, IAM-01.01B, IAM-01.04B, IAM-03.01B, IAM-06.01B, IAM-10.01B | AWS-AI-Security-Framework-1.0: AISF-IAM-02 | NIS2: 1.2.1, 11.3.1 | CCC-v2025.10: CCC.Core.CN05.AR01, CCC.Core.CN05.AR02, CCC.Vector.CN02.AR01 | AWS-Foundational-Technical-Review: IAM-0012 | KISA-ISMS-P-2023: 2.5.1, 2.5.5, 2.5.6, 2.10.2;identity-access;;;CAF Security Epic: IAM;5.32.0;https://docs.aws.amazon.com/IAM/latest/UserGuide/access_policies_job-functions.html#jf_administrator | https://docs.aws.amazon.com/IAM/latest/UserGuide/best-practices.html#grant-least-privilege;;
profile: None;2026-07-14 16:40:35.360893;213146990554;;;;;;prowler-aws-iam_role_cross_account_readonlyaccess_policy-213146990554-ap-southeast-2-Omico-2IDP;aws;iam_role_cross_account_readonlyaccess_policy;IAM role does not grant ReadOnlyAccess to external AWS accounts;Software and Configuration Checks/AWS Security Best Practices | Software and Configuration Checks/Industry and Regulatory Standards/AWS Foundational Security Best Practices | TTPs/Initial Access/Unauthorized Access | Effects/Data Exposure;PASS;IAM Role Omico-2IDP does not have ReadOnlyAccess policy.;False;iam;;high;AwsIamRole;arn:aws:iam::213146990554:role/Omico-2IDP;Omico-2IDP;;;aws;ap-southeast-2;**IAM roles** are assessed for the AWS-managed **ReadOnlyAccess** policy combined with a trust policy that allows **external AWS principals** or `*`. This identifies roles that expose broad read permissions to other accounts.;Granting **cross-account read access** can expose sensitive data and metadata, impacting **confidentiality**. External principals can read S3/DynamoDB contents and enumerate resources, policies, and logs, enabling targeted recon and easier **privilege escalation** paths.;;Avoid attaching `ReadOnlyAccess` to roles trusted by other accounts. Apply **least privilege** with custom, tightly scoped policies. Restrict trust to explicit principals, avoid `*`, and use conditions like `aws:PrincipalOrgID` and `sts:ExternalId` for **defense in depth**.;https://hub.prowler.com/check/iam_role_cross_account_readonlyaccess_policy;"```yaml
# CloudFormation snippet to prevent cross-account access on a role
Resources:
  <example_resource_name>:
    Type: AWS::IAM::Role
    Properties:
      AssumeRolePolicyDocument:
        Version: '2012-10-17'
        Statement:
          - Effect: Allow
            Principal:
              AWS: arn:aws:iam::<example_account_id>:root  # Critical: restrict trust to this account only to avoid cross-account access
            Action: sts:AssumeRole
```";"```hcl
# Terraform snippet to prevent cross-account access on a role
resource ""aws_iam_role"" ""<example_resource_name>"" {
  name = ""<example_resource_name>""

  assume_role_policy = jsonencode({
    Version = ""2012-10-17""
    Statement = [{
      Effect = ""Allow""
      Principal = {
        AWS = ""arn:aws:iam::<example_account_id>:root"" # Critical: trust only the same account to avoid cross-account access
      }
      Action = ""sts:AssumeRole""
    }]
  })
}
```";aws iam detach-role-policy --role-name <ROLE_NAME> --policy-arn arn:aws:iam::aws:policy/ReadOnlyAccess;"1. Open the AWS Management Console > IAM > Roles
2. Select the role granting external access
3. On the Permissions tab, locate the policy ReadOnlyAccess
4. Click Detach policy and confirm
5. Verify the role no longer lists ReadOnlyAccess";KISA-ISMS-P-2023-korean: 2.5.1, 2.5.6, 2.10.2 | NIST-CSF-2.0: rr_2, am_6, ac_6 | C5-2025: OIS-04.03B, IAM-01.01B, IAM-01.04B, IAM-06.02B, IAM-10.01B, PSS-09.01AC | AWS-AI-Security-Framework-1.0: AISF-IAM-05 | MITRE-ATTACK: T1078 | ASD-Essential-Eight-Nov 2023: E8-4.4 | CCC-v2025.10: CCC.Core.CN05.AR01, CCC.Core.CN05.AR03, CCC.Core.CN05.AR06, CCC.IAM.CN03.AR01, CCC.IAM.CN03.AR02 | AWS-Foundational-Technical-Review: IAM-0012 | KISA-ISMS-P-2023: 2.5.1, 2.5.6, 2.10.2;trust-boundaries | identity-access;;;CAF Security Epic: IAM;5.32.0;https://docs.aws.amazon.com/IAM/latest/UserGuide/access_policies_job-functions.html#awsmp_readonlyaccess | https://support.icompaas.com/support/solutions/articles/62000233802-ensure-iam-roles-do-not-have-readonlyaccess-access-for-external-aws-accounts;;
profile: None;2026-07-14 16:40:35.360893;213146990554;;;;;;prowler-aws-iam_role_cross_service_confused_deputy_prevention-213146990554-ap-southeast-2-Amazon_EventBridge_Invoke_Step_Functions_347775329;aws;iam_role_cross_service_confused_deputy_prevention;IAM service role prevents cross-service confused deputy attack;Software and Configuration Checks/AWS Security Best Practices | TTPs/Privilege Escalation;FAIL;IAM Service Role Amazon_EventBridge_Invoke_Step_Functions_347775329 does not prevent against a cross-service confused deputy attack.;False;iam;;high;AwsIamRole;arn:aws:iam::213146990554:role/service-role/Amazon_EventBridge_Invoke_Step_Functions_347775329;Amazon_EventBridge_Invoke_Step_Functions_347775329;;;aws;ap-southeast-2;**IAM service role** trust policies restrict **AWS service principals** to expected sources using global condition keys like `aws:SourceArn` or `aws:SourceAccount`, avoiding overly broad `sts:AssumeRole` trust relationships.;"Unrestricted service-principal trust lets outsiders trigger a **cross-service confused deputy**, causing unintended `sts:AssumeRole`.
This can enable data exfiltration, unauthorized changes, and lateral movement, impacting **confidentiality** and **integrity**.";;Constrain service-role trust to expected callers using `aws:SourceArn`/`aws:SourceAccount` to bind service principals to specific resources or accounts. If unsupported, apply equivalent limits in resource-based policies or org-level controls. Apply **least privilege** and review trust relationships regularly.;https://hub.prowler.com/check/iam_role_cross_service_confused_deputy_prevention;"```yaml
# CloudFormation: IAM role trust policy with confused deputy protection
Resources:
  <example_resource_name>:
    Type: AWS::IAM::Role
    Properties:
      AssumeRolePolicyDocument:
        Version: '2012-10-17'
        Statement:
          - Effect: Allow
            Principal:
              Service: <service>.amazonaws.com
            Action: sts:AssumeRole
            Condition:
              StringEquals:
                aws:SourceAccount: <ACCOUNT_ID>  # CRITICAL: restricts the service to calls from this account to prevent cross-service confused deputy
```";"```hcl
# IAM role trust policy with confused deputy protection
resource ""aws_iam_role"" ""<example_resource_name>"" {
  name = ""<example_resource_name>""

  # CRITICAL: Condition restricts service to this account to prevent cross-service confused deputy
  assume_role_policy = jsonencode({
    Version = ""2012-10-17""
    Statement = [
      {
        Effect    = ""Allow""
        Principal = { Service = ""<service>.amazonaws.com"" }
        Action    = ""sts:AssumeRole""
        Condition = {
          StringEquals = { ""aws:SourceAccount"" = ""<ACCOUNT_ID>"" }
        }
      }
    ]
  })
}
```";"aws iam update-assume-role-policy --role-name <example_resource_name> --policy-document '{""Version"":""2012-10-17"",""Statement"":[{""Effect"":""Allow"",""Principal"":{""Service"":""<service>.amazonaws.com""},""Action"":""sts:AssumeRole"",""Condition"":{""StringEquals"":{""aws:SourceAccount"":""<ACCOUNT_ID>""}}}]}'";"1. In the AWS console, go to IAM > Roles
2. Open <example_resource_name> and select the Trust relationships tab
3. Click Edit trust policy
4. In the statement for Principal Service ""<service>.amazonaws.com"", add a Condition block:
   - StringEquals: aws:SourceAccount = <ACCOUNT_ID>
5. Save changes
6. Re-run the check to confirm the role now prevents cross-service confused deputy attacks";KISA-ISMS-P-2023-korean: 2.5.1, 2.5.6, 2.10.2 | C5-2025: IAM-01.01B, IAM-01.04B | AWS-AI-Security-Framework-1.0: AISF-IAM-05 | NIS2: 3.1.2.c, 6.8.2.a | MITRE-ATTACK: T1078 | ENS-RD2022: op.exp.8.r4.aws.ct.8, op.exp.8.r4.aws.ct.1 | ASD-Essential-Eight-Nov 2023: E8-4.4 | AWS-Account-Security-Onboarding: Predefine IAM Roles | CCC-v2025.10: CCC.Core.CN05.AR01, CCC.Core.CN05.AR03, CCC.Core.CN05.AR06, CCC.IAM.CN03.AR01, CCC.IAM.CN03.AR02 | AWS-Foundational-Technical-Review: IAM-0012 | AWS-Well-Architected-Framework-Security-Pillar: SEC02-BP04 | KISA-ISMS-P-2023: 2.5.1, 2.5.6, 2.10.2;identity-access | trust-boundaries;;;;5.32.0;https://docs.aws.amazon.com/IAM/latest/UserGuide/confused-deputy.html | https://aws.amazon.com/blogs/security/how-to-set-up-least-privilege-access-to-your-encrypted-amazon-sqs-queue/ | https://docs.aws.amazon.com/IAM/latest/UserGuide/confused-deputy.html#cross-service-confused-deputy-prevention | https://docs.aws.amazon.com/textract/latest/dg/cross-service-confused-deputy-prevention.html;;
profile: None;2026-07-14 16:40:35.360893;213146990554;;;;;;prowler-aws-iam_role_cross_service_confused_deputy_prevention-213146990554-ap-southeast-2-backups-progress-role-11zn78wb;aws;iam_role_cross_service_confused_deputy_prevention;IAM service role prevents cross-service confused deputy attack;Software and Configuration Checks/AWS Security Best Practices | TTPs/Privilege Escalation;FAIL;IAM Service Role backups-progress-role-11zn78wb does not prevent against a cross-service confused deputy attack.;False;iam;;high;AwsIamRole;arn:aws:iam::213146990554:role/service-role/backups-progress-role-11zn78wb;backups-progress-role-11zn78wb;;;aws;ap-southeast-2;**IAM service role** trust policies restrict **AWS service principals** to expected sources using global condition keys like `aws:SourceArn` or `aws:SourceAccount`, avoiding overly broad `sts:AssumeRole` trust relationships.;"Unrestricted service-principal trust lets outsiders trigger a **cross-service confused deputy**, causing unintended `sts:AssumeRole`.
This can enable data exfiltration, unauthorized changes, and lateral movement, impacting **confidentiality** and **integrity**.";;Constrain service-role trust to expected callers using `aws:SourceArn`/`aws:SourceAccount` to bind service principals to specific resources or accounts. If unsupported, apply equivalent limits in resource-based policies or org-level controls. Apply **least privilege** and review trust relationships regularly.;https://hub.prowler.com/check/iam_role_cross_service_confused_deputy_prevention;"```yaml
# CloudFormation: IAM role trust policy with confused deputy protection
Resources:
  <example_resource_name>:
    Type: AWS::IAM::Role
    Properties:
      AssumeRolePolicyDocument:
        Version: '2012-10-17'
        Statement:
          - Effect: Allow
            Principal:
              Service: <service>.amazonaws.com
            Action: sts:AssumeRole
            Condition:
              StringEquals:
                aws:SourceAccount: <ACCOUNT_ID>  # CRITICAL: restricts the service to calls from this account to prevent cross-service confused deputy
```";"```hcl
# IAM role trust policy with confused deputy protection
resource ""aws_iam_role"" ""<example_resource_name>"" {
  name = ""<example_resource_name>""

  # CRITICAL: Condition restricts service to this account to prevent cross-service confused deputy
  assume_role_policy = jsonencode({
    Version = ""2012-10-17""
    Statement = [
      {
        Effect    = ""Allow""
        Principal = { Service = ""<service>.amazonaws.com"" }
        Action    = ""sts:AssumeRole""
        Condition = {
          StringEquals = { ""aws:SourceAccount"" = ""<ACCOUNT_ID>"" }
        }
      }
    ]
  })
}
```";"aws iam update-assume-role-policy --role-name <example_resource_name> --policy-document '{""Version"":""2012-10-17"",""Statement"":[{""Effect"":""Allow"",""Principal"":{""Service"":""<service>.amazonaws.com""},""Action"":""sts:AssumeRole"",""Condition"":{""StringEquals"":{""aws:SourceAccount"":""<ACCOUNT_ID>""}}}]}'";"1. In the AWS console, go to IAM > Roles
2. Open <example_resource_name> and select the Trust relationships tab
3. Click Edit trust policy
4. In the statement for Principal Service ""<service>.amazonaws.com"", add a Condition block:
   - StringEquals: aws:SourceAccount = <ACCOUNT_ID>
5. Save changes
6. Re-run the check to confirm the role now prevents cross-service confused deputy attacks";KISA-ISMS-P-2023-korean: 2.5.1, 2.5.6, 2.10.2 | C5-2025: IAM-01.01B, IAM-01.04B | AWS-AI-Security-Framework-1.0: AISF-IAM-05 | NIS2: 3.1.2.c, 6.8.2.a | MITRE-ATTACK: T1078 | ENS-RD2022: op.exp.8.r4.aws.ct.8, op.exp.8.r4.aws.ct.1 | ASD-Essential-Eight-Nov 2023: E8-4.4 | AWS-Account-Security-Onboarding: Predefine IAM Roles | CCC-v2025.10: CCC.Core.CN05.AR01, CCC.Core.CN05.AR03, CCC.Core.CN05.AR06, CCC.IAM.CN03.AR01, CCC.IAM.CN03.AR02 | AWS-Foundational-Technical-Review: IAM-0012 | AWS-Well-Architected-Framework-Security-Pillar: SEC02-BP04 | KISA-ISMS-P-2023: 2.5.1, 2.5.6, 2.10.2;identity-access | trust-boundaries;;;;5.32.0;https://docs.aws.amazon.com/IAM/latest/UserGuide/confused-deputy.html | https://aws.amazon.com/blogs/security/how-to-set-up-least-privilege-access-to-your-encrypted-amazon-sqs-queue/ | https://docs.aws.amazon.com/IAM/latest/UserGuide/confused-deputy.html#cross-service-confused-deputy-prevention | https://docs.aws.amazon.com/textract/latest/dg/cross-service-confused-deputy-prevention.html;;
profile: None;2026-07-14 16:40:35.360893;213146990554;;;;;;prowler-aws-iam_role_cross_service_confused_deputy_prevention-213146990554-ap-southeast-2-backups-trigger-lambda-function-role;aws;iam_role_cross_service_confused_deputy_prevention;IAM service role prevents cross-service confused deputy attack;Software and Configuration Checks/AWS Security Best Practices | TTPs/Privilege Escalation;FAIL;IAM Service Role backups-trigger-lambda-function-role does not prevent against a cross-service confused deputy attack.;False;iam;;high;AwsIamRole;arn:aws:iam::213146990554:role/service-role/backups-trigger-lambda-function-role;backups-trigger-lambda-function-role;;;aws;ap-southeast-2;**IAM service role** trust policies restrict **AWS service principals** to expected sources using global condition keys like `aws:SourceArn` or `aws:SourceAccount`, avoiding overly broad `sts:AssumeRole` trust relationships.;"Unrestricted service-principal trust lets outsiders trigger a **cross-service confused deputy**, causing unintended `sts:AssumeRole`.
This can enable data exfiltration, unauthorized changes, and lateral movement, impacting **confidentiality** and **integrity**.";;Constrain service-role trust to expected callers using `aws:SourceArn`/`aws:SourceAccount` to bind service principals to specific resources or accounts. If unsupported, apply equivalent limits in resource-based policies or org-level controls. Apply **least privilege** and review trust relationships regularly.;https://hub.prowler.com/check/iam_role_cross_service_confused_deputy_prevention;"```yaml
# CloudFormation: IAM role trust policy with confused deputy protection
Resources:
  <example_resource_name>:
    Type: AWS::IAM::Role
    Properties:
      AssumeRolePolicyDocument:
        Version: '2012-10-17'
        Statement:
          - Effect: Allow
            Principal:
              Service: <service>.amazonaws.com
            Action: sts:AssumeRole
            Condition:
              StringEquals:
                aws:SourceAccount: <ACCOUNT_ID>  # CRITICAL: restricts the service to calls from this account to prevent cross-service confused deputy
```";"```hcl
# IAM role trust policy with confused deputy protection
resource ""aws_iam_role"" ""<example_resource_name>"" {
  name = ""<example_resource_name>""

  # CRITICAL: Condition restricts service to this account to prevent cross-service confused deputy
  assume_role_policy = jsonencode({
    Version = ""2012-10-17""
    Statement = [
      {
        Effect    = ""Allow""
        Principal = { Service = ""<service>.amazonaws.com"" }
        Action    = ""sts:AssumeRole""
        Condition = {
          StringEquals = { ""aws:SourceAccount"" = ""<ACCOUNT_ID>"" }
        }
      }
    ]
  })
}
```";"aws iam update-assume-role-policy --role-name <example_resource_name> --policy-document '{""Version"":""2012-10-17"",""Statement"":[{""Effect"":""Allow"",""Principal"":{""Service"":""<service>.amazonaws.com""},""Action"":""sts:AssumeRole"",""Condition"":{""StringEquals"":{""aws:SourceAccount"":""<ACCOUNT_ID>""}}}]}'";"1. In the AWS console, go to IAM > Roles
2. Open <example_resource_name> and select the Trust relationships tab
3. Click Edit trust policy
4. In the statement for Principal Service ""<service>.amazonaws.com"", add a Condition block:
   - StringEquals: aws:SourceAccount = <ACCOUNT_ID>
5. Save changes
6. Re-run the check to confirm the role now prevents cross-service confused deputy attacks";KISA-ISMS-P-2023-korean: 2.5.1, 2.5.6, 2.10.2 | C5-2025: IAM-01.01B, IAM-01.04B | AWS-AI-Security-Framework-1.0: AISF-IAM-05 | NIS2: 3.1.2.c, 6.8.2.a | MITRE-ATTACK: T1078 | ENS-RD2022: op.exp.8.r4.aws.ct.8, op.exp.8.r4.aws.ct.1 | ASD-Essential-Eight-Nov 2023: E8-4.4 | AWS-Account-Security-Onboarding: Predefine IAM Roles | CCC-v2025.10: CCC.Core.CN05.AR01, CCC.Core.CN05.AR03, CCC.Core.CN05.AR06, CCC.IAM.CN03.AR01, CCC.IAM.CN03.AR02 | AWS-Foundational-Technical-Review: IAM-0012 | AWS-Well-Architected-Framework-Security-Pillar: SEC02-BP04 | KISA-ISMS-P-2023: 2.5.1, 2.5.6, 2.10.2;identity-access | trust-boundaries;;;;5.32.0;https://docs.aws.amazon.com/IAM/latest/UserGuide/confused-deputy.html | https://aws.amazon.com/blogs/security/how-to-set-up-least-privilege-access-to-your-encrypted-amazon-sqs-queue/ | https://docs.aws.amazon.com/IAM/latest/UserGuide/confused-deputy.html#cross-service-confused-deputy-prevention | https://docs.aws.amazon.com/textract/latest/dg/cross-service-confused-deputy-prevention.html;;
profile: None;2026-07-14 16:40:35.360893;213146990554;;;;;;prowler-aws-iam_role_cross_service_confused_deputy_prevention-213146990554-ap-southeast-2-StepFunctions-ConfluenceBackupStepFunctionTest-role-xzrbs7uh9;aws;iam_role_cross_service_confused_deputy_prevention;IAM service role prevents cross-service confused deputy attack;Software and Configuration Checks/AWS Security Best Practices | TTPs/Privilege Escalation;FAIL;IAM Service Role StepFunctions-ConfluenceBackupStepFunctionTest-role-xzrbs7uh9 does not prevent against a cross-service confused deputy attack.;False;iam;;high;AwsIamRole;arn:aws:iam::213146990554:role/service-role/StepFunctions-ConfluenceBackupStepFunctionTest-role-xzrbs7uh9;StepFunctions-ConfluenceBackupStepFunctionTest-role-xzrbs7uh9;;;aws;ap-southeast-2;**IAM service role** trust policies restrict **AWS service principals** to expected sources using global condition keys like `aws:SourceArn` or `aws:SourceAccount`, avoiding overly broad `sts:AssumeRole` trust relationships.;"Unrestricted service-principal trust lets outsiders trigger a **cross-service confused deputy**, causing unintended `sts:AssumeRole`.
This can enable data exfiltration, unauthorized changes, and lateral movement, impacting **confidentiality** and **integrity**.";;Constrain service-role trust to expected callers using `aws:SourceArn`/`aws:SourceAccount` to bind service principals to specific resources or accounts. If unsupported, apply equivalent limits in resource-based policies or org-level controls. Apply **least privilege** and review trust relationships regularly.;https://hub.prowler.com/check/iam_role_cross_service_confused_deputy_prevention;"```yaml
# CloudFormation: IAM role trust policy with confused deputy protection
Resources:
  <example_resource_name>:
    Type: AWS::IAM::Role
    Properties:
      AssumeRolePolicyDocument:
        Version: '2012-10-17'
        Statement:
          - Effect: Allow
            Principal:
              Service: <service>.amazonaws.com
            Action: sts:AssumeRole
            Condition:
              StringEquals:
                aws:SourceAccount: <ACCOUNT_ID>  # CRITICAL: restricts the service to calls from this account to prevent cross-service confused deputy
```";"```hcl
# IAM role trust policy with confused deputy protection
resource ""aws_iam_role"" ""<example_resource_name>"" {
  name = ""<example_resource_name>""

  # CRITICAL: Condition restricts service to this account to prevent cross-service confused deputy
  assume_role_policy = jsonencode({
    Version = ""2012-10-17""
    Statement = [
      {
        Effect    = ""Allow""
        Principal = { Service = ""<service>.amazonaws.com"" }
        Action    = ""sts:AssumeRole""
        Condition = {
          StringEquals = { ""aws:SourceAccount"" = ""<ACCOUNT_ID>"" }
        }
      }
    ]
  })
}
```";"aws iam update-assume-role-policy --role-name <example_resource_name> --policy-document '{""Version"":""2012-10-17"",""Statement"":[{""Effect"":""Allow"",""Principal"":{""Service"":""<service>.amazonaws.com""},""Action"":""sts:AssumeRole"",""Condition"":{""StringEquals"":{""aws:SourceAccount"":""<ACCOUNT_ID>""}}}]}'";"1. In the AWS console, go to IAM > Roles
2. Open <example_resource_name> and select the Trust relationships tab
3. Click Edit trust policy
4. In the statement for Principal Service ""<service>.amazonaws.com"", add a Condition block:
   - StringEquals: aws:SourceAccount = <ACCOUNT_ID>
5. Save changes
6. Re-run the check to confirm the role now prevents cross-service confused deputy attacks";KISA-ISMS-P-2023-korean: 2.5.1, 2.5.6, 2.10.2 | C5-2025: IAM-01.01B, IAM-01.04B | AWS-AI-Security-Framework-1.0: AISF-IAM-05 | NIS2: 3.1.2.c, 6.8.2.a | MITRE-ATTACK: T1078 | ENS-RD2022: op.exp.8.r4.aws.ct.8, op.exp.8.r4.aws.ct.1 | ASD-Essential-Eight-Nov 2023: E8-4.4 | AWS-Account-Security-Onboarding: Predefine IAM Roles | CCC-v2025.10: CCC.Core.CN05.AR01, CCC.Core.CN05.AR03, CCC.Core.CN05.AR06, CCC.IAM.CN03.AR01, CCC.IAM.CN03.AR02 | AWS-Foundational-Technical-Review: IAM-0012 | AWS-Well-Architected-Framework-Security-Pillar: SEC02-BP04 | KISA-ISMS-P-2023: 2.5.1, 2.5.6, 2.10.2;identity-access | trust-boundaries;;;;5.32.0;https://docs.aws.amazon.com/IAM/latest/UserGuide/confused-deputy.html | https://aws.amazon.com/blogs/security/how-to-set-up-least-privilege-access-to-your-encrypted-amazon-sqs-queue/ | https://docs.aws.amazon.com/IAM/latest/UserGuide/confused-deputy.html#cross-service-confused-deputy-prevention | https://docs.aws.amazon.com/textract/latest/dg/cross-service-confused-deputy-prevention.html;;
profile: None;2026-07-14 16:40:35.360893;213146990554;;;;;;prowler-aws-resourceexplorer2_indexes_found-213146990554-ap-east-1-213146990554;aws;resourceexplorer2_indexes_found;Resource Explorer indexes exist;Software and Configuration Checks/AWS Security Best Practices;PASS;Resource Explorer Indexes found: 18.;False;resourceexplorer2;;low;Other;arn:aws:resource-explorer-2:ap-east-1:213146990554:index/6bf169a8-fb1b-4eb2-98c8-09541690067b;213146990554;;;aws;ap-east-1;**AWS Resource Explorer** has user-owned **indexes** present in the account. The assessment determines whether at least one index exists in any enabled Region for resource cataloging and search.;Absent indexes reduce asset visibility, creating blind spots where misconfigured or orphaned resources go unnoticed. This degrades **confidentiality** (unseen public exposure), **integrity** (unauthorized changes undetected), and **availability** (slower containment and recovery), prolonging incident response and enabling lateral movement.;;Create **Resource Explorer indexes** in all active Regions and designate an **aggregator index** for cross-Region search. Apply least-privilege access to views, align with tagging standards, and routinely verify indexing status. This improves inventory accuracy, supports defense-in-depth, and speeds detection and remediation.;https://hub.prowler.com/check/resourceexplorer2_indexes_found;"```yaml
Resources:
  <example_resource_name>:
    Type: AWS::ResourceExplorer2::Index
    Properties:
      Type: LOCAL  # Critical: creates a local index in this Region so the check finds at least one index
```";"```hcl
resource ""aws_resourceexplorer2_index"" ""<example_resource_name>"" {
  type = ""LOCAL""  # Critical: creates a local index so the check passes
}
```";aws resource-explorer-2 create-index --region <REGION>;"1. Sign in to the AWS Management Console and open **AWS Resource Explorer**
2. Go to **Settings** > **Indexes**
3. Click **Create indexes**
4. Select the current Region and click **Create indexes**
5. Wait until the index state is ACTIVE";KISA-ISMS-P-2023-korean: 2.9.2 | ENS-RD2022: op.exp.1.aws.re.1 | KISA-ISMS-P-2023: 2.9.2;forensics-ready;;;;5.32.0;https://docs.aws.amazon.com/resource-explorer/latest/userguide/manage-service-turn-on-region.html;;
profile: None;2026-07-14 16:40:35.360893;213146990554;;;;;;prowler-aws-sagemaker_models_monitor_enabled-213146990554-ap-southeast-2-SageMaker Monitoring Schedules;aws;sagemaker_models_monitor_enabled;Amazon SageMaker has a monitoring schedule scheduled;Software and Configuration Checks/AWS Security Best Practices | Software and Configuration Checks/Industry and Regulatory Standards/AWS Foundational Security Best Practices;FAIL;No SageMaker monitoring schedules found in region ap-southeast-2.;False;sagemaker;;low;Other;arn:aws:sagemaker:ap-southeast-2:213146990554:monitoring-schedule/unknown;SageMaker Monitoring Schedules;;;aws;ap-southeast-2;**SageMaker Models Monitor** detects data drift, model quality issues, and bias drift in production.;Without an **active monitoring schedule**, data drift, model quality issues, and bias drift go undetected, so **model quality degrades silently** while downstream decisions such as fraud detection, access control, and pricing keep relying on a degrading model.;;Enable **Amazon SageMaker Model Monitor** and keep at least one **monitoring schedule** in the `Scheduled` state so data quality, model quality, and bias drift are continuously evaluated against a baseline.;https://hub.prowler.com/check/sagemaker_models_monitor_enabled;;;;;;gen-ai;;;;5.32.0;https://docs.aws.amazon.com/sagemaker/latest/dg/model-monitor.html | https://docs.aws.amazon.com/sagemaker/latest/dg/model-monitor-scheduling.html;;
profile: None;2026-07-14 16:40:35.360893;213146990554;;;;;;prowler-aws-vpc_different_regions-213146990554-ap-southeast-2-213146990554;aws;vpc_different_regions;VPCs are present in more than one region;Software and Configuration Checks/AWS Security Best Practices | Effects/Denial of Service;FAIL;VPCs found only in one region.;False;vpc;;medium;AwsEc2Vpc;arn:aws:ec2:ap-southeast-2:213146990554:vpc;213146990554;;;aws;ap-southeast-2;Non-default **VPCs** are evaluated across the account to determine whether they exist in **more than one region**. The result reflects if your custom network topology is regionally distributed or concentrated in a single region.;Single-region VPC deployment weakens **availability** and **resilience**. A regional outage, service disruption, or network control misconfiguration can cause broad downtime, hinder recovery, and increase the **blast radius** of incidents impacting business continuity.;;"Adopt a **multi-region network design**:
- Create VPCs in at least two regions for critical workloads
- Replicate routing, security controls, and endpoints consistently
- Apply **fault tolerance** and **defense in depth** with data replication and resilient DNS/failover to avoid single-region dependency";https://hub.prowler.com/check/vpc_different_regions;"```yaml
# Deploy this stack in a second AWS region to pass the check
Resources:
  <example_resource_name>:
    Type: AWS::EC2::VPC
    Properties:
      CidrBlock: 10.0.0.0/16  # Critical: creates a non-default VPC in this region
```";"```hcl
provider ""aws"" {
  alias  = ""other""
  region = ""<OTHER_REGION>"" # Critical: ensures the VPC is created in a second region
}

resource ""aws_vpc"" ""<example_resource_name>"" {
  provider   = aws.other
  cidr_block = ""10.0.0.0/16"" # Critical: creates a non-default VPC in that region
}
```";aws ec2 create-vpc --region <OTHER_REGION> --cidr-block <CIDR_BLOCK>;"1. Open the AWS Console and go to VPC
2. In the Region selector (top right), choose a different region than your existing non-default VPCs
3. Click Create VPC > VPC only
4. Enter an IPv4 CIDR block (e.g., 10.0.0.0/16)
5. Click Create VPC
6. Verify a non-default VPC now exists in this second region";KISA-ISMS-P-2023-korean: 2.9.2 | C5-2025: PS-02.01B, PS-02.01AS, PS-02.02AS | ISO27001-2022: A.8.20, A.8.21, A.8.22 | ENS-RD2022: mp.com.4.r3.aws.vpc.1, op.cont.2.aws.vpc.1 | KISA-ISMS-P-2023: 2.9.2;resilience;;;;5.32.0;https://docs.aws.amazon.com/vpc/latest/userguide/vpc-example-private-subnets-nat.html | https://docs.aws.amazon.com/vpc/latest/userguide/VPC_Scenario2.html;;
