PROVIDER;DESCRIPTION;ACCOUNTID;REGION;ASSESSMENTDATE;REQUIREMENTS_ID;REQUIREMENTS_DESCRIPTION;REQUIREMENTS_ATTRIBUTES_SECTION;REQUIREMENTS_ATTRIBUTES_SUBSECTION;REQUIREMENTS_ATTRIBUTES_SUBGROUP;REQUIREMENTS_ATTRIBUTES_SERVICE;REQUIREMENTS_ATTRIBUTES_TYPE;STATUS;STATUSEXTENDED;RESOURCEID;CHECKID;MUTED;RESOURCENAME;FRAMEWORK;NAME;REQUIREMENTS_ATTRIBUTES_COMMENT
aws;The NIST Cybersecurity Framework (CSF) 2.0 offers a taxonomy of high-level cybersecurity outcomes that can be used by any organization regardless of its size, sector, or maturity to better understand, assess, prioritize, and communicate its cybersecurity efforts. The framework's core functions are organized into six key areas: Govern (new), Identify, Protect, Detect, Respond, and Recover. Together, these functions provide a comprehensive lifecycle approach to managing cybersecurity risk.;213146990554;ap-southeast-2;2026-07-14 16:40:35.360893;ac_4;Access permissions and authorizations are managed, incorporating the principles of least privilege and separation of duties.;Protect (PR);Identity Management and Access Control (PR.AC);;aws;;PASS;IAM Role Omico-2IDP does not have AmazonBedrockFullAccess policy attached.;arn:aws:iam::213146990554:role/Omico-2IDP;bedrock_full_access_policy_attached;False;Omico-2IDP;NIST-CSF;National Institute of Standards and Technology (NIST) Cybersecurity Framework (CSF) v2.0;
aws;The NIST Cybersecurity Framework (CSF) 2.0 offers a taxonomy of high-level cybersecurity outcomes that can be used by any organization regardless of its size, sector, or maturity to better understand, assess, prioritize, and communicate its cybersecurity efforts. The framework's core functions are organized into six key areas: Govern (new), Identify, Protect, Detect, Respond, and Recover. Together, these functions provide a comprehensive lifecycle approach to managing cybersecurity risk.;213146990554;ap-southeast-2;2026-07-14 16:40:35.360893;ac_5;Network integrity is protected (e.g., network segregation, network segmentation).;Protect (PR);Identity Management and Access Control (PR.AC);;aws;;FAIL;Security group launch-wizard-9 (sg-0e24f3f2bbca5b5fa) it is not being used.;arn:aws:ec2:ap-southeast-2:213146990554:security-group/sg-0e24f3f2bbca5b5fa;ec2_securitygroup_not_used;False;sg-0e24f3f2bbca5b5fa;NIST-CSF;National Institute of Standards and Technology (NIST) Cybersecurity Framework (CSF) v2.0;
aws;The NIST Cybersecurity Framework (CSF) 2.0 offers a taxonomy of high-level cybersecurity outcomes that can be used by any organization regardless of its size, sector, or maturity to better understand, assess, prioritize, and communicate its cybersecurity efforts. The framework's core functions are organized into six key areas: Govern (new), Identify, Protect, Detect, Respond, and Recover. Together, these functions provide a comprehensive lifecycle approach to managing cybersecurity risk.;213146990554;ap-southeast-2;2026-07-14 16:40:35.360893;ip_1;A baseline configuration of information technology/industrial control systems is created and maintained incorporating security principles (e.g. concept of least functionality).;Protect (PR);Information Protection Processes and Procedures (PR.IP);;aws;;FAIL;Security group launch-wizard-9 (sg-0e24f3f2bbca5b5fa) it is not being used.;arn:aws:ec2:ap-southeast-2:213146990554:security-group/sg-0e24f3f2bbca5b5fa;ec2_securitygroup_not_used;False;sg-0e24f3f2bbca5b5fa;NIST-CSF;National Institute of Standards and Technology (NIST) Cybersecurity Framework (CSF) v2.0;
aws;The NIST Cybersecurity Framework (CSF) 2.0 offers a taxonomy of high-level cybersecurity outcomes that can be used by any organization regardless of its size, sector, or maturity to better understand, assess, prioritize, and communicate its cybersecurity efforts. The framework's core functions are organized into six key areas: Govern (new), Identify, Protect, Detect, Respond, and Recover. Together, these functions provide a comprehensive lifecycle approach to managing cybersecurity risk.;213146990554;ap-southeast-2;2026-07-14 16:40:35.360893;ac_5;Network integrity is protected (e.g., network segregation, network segmentation).;Protect (PR);Identity Management and Access Control (PR.AC);;aws;;FAIL;Security group Kali Linux-2025.4-amd64-AutogenByAWSMP--1 (sg-0dd8eae2e1153c210) it is not being used.;arn:aws:ec2:ap-southeast-2:213146990554:security-group/sg-0dd8eae2e1153c210;ec2_securitygroup_not_used;False;sg-0dd8eae2e1153c210;NIST-CSF;National Institute of Standards and Technology (NIST) Cybersecurity Framework (CSF) v2.0;
aws;The NIST Cybersecurity Framework (CSF) 2.0 offers a taxonomy of high-level cybersecurity outcomes that can be used by any organization regardless of its size, sector, or maturity to better understand, assess, prioritize, and communicate its cybersecurity efforts. The framework's core functions are organized into six key areas: Govern (new), Identify, Protect, Detect, Respond, and Recover. Together, these functions provide a comprehensive lifecycle approach to managing cybersecurity risk.;213146990554;ap-southeast-2;2026-07-14 16:40:35.360893;ip_1;A baseline configuration of information technology/industrial control systems is created and maintained incorporating security principles (e.g. concept of least functionality).;Protect (PR);Information Protection Processes and Procedures (PR.IP);;aws;;FAIL;Security group Kali Linux-2025.4-amd64-AutogenByAWSMP--1 (sg-0dd8eae2e1153c210) it is not being used.;arn:aws:ec2:ap-southeast-2:213146990554:security-group/sg-0dd8eae2e1153c210;ec2_securitygroup_not_used;False;sg-0dd8eae2e1153c210;NIST-CSF;National Institute of Standards and Technology (NIST) Cybersecurity Framework (CSF) v2.0;
aws;The NIST Cybersecurity Framework (CSF) 2.0 offers a taxonomy of high-level cybersecurity outcomes that can be used by any organization regardless of its size, sector, or maturity to better understand, assess, prioritize, and communicate its cybersecurity efforts. The framework's core functions are organized into six key areas: Govern (new), Identify, Protect, Detect, Respond, and Recover. Together, these functions provide a comprehensive lifecycle approach to managing cybersecurity risk.;213146990554;ap-southeast-2;2026-07-14 16:40:35.360893;ac_5;Network integrity is protected (e.g., network segregation, network segmentation).;Protect (PR);Identity Management and Access Control (PR.AC);;aws;;FAIL;Security group launch-wizard-24 (sg-01b40d1c357914bca) it is not being used.;arn:aws:ec2:ap-southeast-2:213146990554:security-group/sg-01b40d1c357914bca;ec2_securitygroup_not_used;False;sg-01b40d1c357914bca;NIST-CSF;National Institute of Standards and Technology (NIST) Cybersecurity Framework (CSF) v2.0;
aws;The NIST Cybersecurity Framework (CSF) 2.0 offers a taxonomy of high-level cybersecurity outcomes that can be used by any organization regardless of its size, sector, or maturity to better understand, assess, prioritize, and communicate its cybersecurity efforts. The framework's core functions are organized into six key areas: Govern (new), Identify, Protect, Detect, Respond, and Recover. Together, these functions provide a comprehensive lifecycle approach to managing cybersecurity risk.;213146990554;ap-southeast-2;2026-07-14 16:40:35.360893;ip_1;A baseline configuration of information technology/industrial control systems is created and maintained incorporating security principles (e.g. concept of least functionality).;Protect (PR);Information Protection Processes and Procedures (PR.IP);;aws;;FAIL;Security group launch-wizard-24 (sg-01b40d1c357914bca) it is not being used.;arn:aws:ec2:ap-southeast-2:213146990554:security-group/sg-01b40d1c357914bca;ec2_securitygroup_not_used;False;sg-01b40d1c357914bca;NIST-CSF;National Institute of Standards and Technology (NIST) Cybersecurity Framework (CSF) v2.0;
aws;The NIST Cybersecurity Framework (CSF) 2.0 offers a taxonomy of high-level cybersecurity outcomes that can be used by any organization regardless of its size, sector, or maturity to better understand, assess, prioritize, and communicate its cybersecurity efforts. The framework's core functions are organized into six key areas: Govern (new), Identify, Protect, Detect, Respond, and Recover. Together, these functions provide a comprehensive lifecycle approach to managing cybersecurity risk.;213146990554;ap-southeast-2;2026-07-14 16:40:35.360893;ac_5;Network integrity is protected (e.g., network segregation, network segmentation).;Protect (PR);Identity Management and Access Control (PR.AC);;aws;;FAIL;Security group launch-wizard-14 (sg-00b892f9efa4e0814) it is not being used.;arn:aws:ec2:ap-southeast-2:213146990554:security-group/sg-00b892f9efa4e0814;ec2_securitygroup_not_used;False;sg-00b892f9efa4e0814;NIST-CSF;National Institute of Standards and Technology (NIST) Cybersecurity Framework (CSF) v2.0;
aws;The NIST Cybersecurity Framework (CSF) 2.0 offers a taxonomy of high-level cybersecurity outcomes that can be used by any organization regardless of its size, sector, or maturity to better understand, assess, prioritize, and communicate its cybersecurity efforts. The framework's core functions are organized into six key areas: Govern (new), Identify, Protect, Detect, Respond, and Recover. Together, these functions provide a comprehensive lifecycle approach to managing cybersecurity risk.;213146990554;ap-southeast-2;2026-07-14 16:40:35.360893;ip_1;A baseline configuration of information technology/industrial control systems is created and maintained incorporating security principles (e.g. concept of least functionality).;Protect (PR);Information Protection Processes and Procedures (PR.IP);;aws;;FAIL;Security group launch-wizard-14 (sg-00b892f9efa4e0814) it is not being used.;arn:aws:ec2:ap-southeast-2:213146990554:security-group/sg-00b892f9efa4e0814;ec2_securitygroup_not_used;False;sg-00b892f9efa4e0814;NIST-CSF;National Institute of Standards and Technology (NIST) Cybersecurity Framework (CSF) v2.0;
aws;The NIST Cybersecurity Framework (CSF) 2.0 offers a taxonomy of high-level cybersecurity outcomes that can be used by any organization regardless of its size, sector, or maturity to better understand, assess, prioritize, and communicate its cybersecurity efforts. The framework's core functions are organized into six key areas: Govern (new), Identify, Protect, Detect, Respond, and Recover. Together, these functions provide a comprehensive lifecycle approach to managing cybersecurity risk.;213146990554;ap-southeast-2;2026-07-14 16:40:35.360893;ac_5;Network integrity is protected (e.g., network segregation, network segmentation).;Protect (PR);Identity Management and Access Control (PR.AC);;aws;;FAIL;Security group launch-wizard-15 (sg-0bc66643e651629dd) it is not being used.;arn:aws:ec2:ap-southeast-2:213146990554:security-group/sg-0bc66643e651629dd;ec2_securitygroup_not_used;False;sg-0bc66643e651629dd;NIST-CSF;National Institute of Standards and Technology (NIST) Cybersecurity Framework (CSF) v2.0;
aws;The NIST Cybersecurity Framework (CSF) 2.0 offers a taxonomy of high-level cybersecurity outcomes that can be used by any organization regardless of its size, sector, or maturity to better understand, assess, prioritize, and communicate its cybersecurity efforts. The framework's core functions are organized into six key areas: Govern (new), Identify, Protect, Detect, Respond, and Recover. Together, these functions provide a comprehensive lifecycle approach to managing cybersecurity risk.;213146990554;ap-southeast-2;2026-07-14 16:40:35.360893;ip_1;A baseline configuration of information technology/industrial control systems is created and maintained incorporating security principles (e.g. concept of least functionality).;Protect (PR);Information Protection Processes and Procedures (PR.IP);;aws;;FAIL;Security group launch-wizard-15 (sg-0bc66643e651629dd) it is not being used.;arn:aws:ec2:ap-southeast-2:213146990554:security-group/sg-0bc66643e651629dd;ec2_securitygroup_not_used;False;sg-0bc66643e651629dd;NIST-CSF;National Institute of Standards and Technology (NIST) Cybersecurity Framework (CSF) v2.0;
aws;The NIST Cybersecurity Framework (CSF) 2.0 offers a taxonomy of high-level cybersecurity outcomes that can be used by any organization regardless of its size, sector, or maturity to better understand, assess, prioritize, and communicate its cybersecurity efforts. The framework's core functions are organized into six key areas: Govern (new), Identify, Protect, Detect, Respond, and Recover. Together, these functions provide a comprehensive lifecycle approach to managing cybersecurity risk.;213146990554;ap-southeast-2;2026-07-14 16:40:35.360893;ac_5;Network integrity is protected (e.g., network segregation, network segmentation).;Protect (PR);Identity Management and Access Control (PR.AC);;aws;;FAIL;Security group launch-wizard-12 (sg-04a9ab6d35a6a8de4) it is not being used.;arn:aws:ec2:ap-southeast-2:213146990554:security-group/sg-04a9ab6d35a6a8de4;ec2_securitygroup_not_used;False;sg-04a9ab6d35a6a8de4;NIST-CSF;National Institute of Standards and Technology (NIST) Cybersecurity Framework (CSF) v2.0;
aws;The NIST Cybersecurity Framework (CSF) 2.0 offers a taxonomy of high-level cybersecurity outcomes that can be used by any organization regardless of its size, sector, or maturity to better understand, assess, prioritize, and communicate its cybersecurity efforts. The framework's core functions are organized into six key areas: Govern (new), Identify, Protect, Detect, Respond, and Recover. Together, these functions provide a comprehensive lifecycle approach to managing cybersecurity risk.;213146990554;ap-southeast-2;2026-07-14 16:40:35.360893;ip_1;A baseline configuration of information technology/industrial control systems is created and maintained incorporating security principles (e.g. concept of least functionality).;Protect (PR);Information Protection Processes and Procedures (PR.IP);;aws;;FAIL;Security group launch-wizard-12 (sg-04a9ab6d35a6a8de4) it is not being used.;arn:aws:ec2:ap-southeast-2:213146990554:security-group/sg-04a9ab6d35a6a8de4;ec2_securitygroup_not_used;False;sg-04a9ab6d35a6a8de4;NIST-CSF;National Institute of Standards and Technology (NIST) Cybersecurity Framework (CSF) v2.0;
aws;The NIST Cybersecurity Framework (CSF) 2.0 offers a taxonomy of high-level cybersecurity outcomes that can be used by any organization regardless of its size, sector, or maturity to better understand, assess, prioritize, and communicate its cybersecurity efforts. The framework's core functions are organized into six key areas: Govern (new), Identify, Protect, Detect, Respond, and Recover. Together, these functions provide a comprehensive lifecycle approach to managing cybersecurity risk.;213146990554;ap-southeast-2;2026-07-14 16:40:35.360893;ac_5;Network integrity is protected (e.g., network segregation, network segmentation).;Protect (PR);Identity Management and Access Control (PR.AC);;aws;;FAIL;Security group Kali Linux-2026.1-amd64-AutogenByAWSMP--4 (sg-044ad0ea7338dbce0) it is not being used.;arn:aws:ec2:ap-southeast-2:213146990554:security-group/sg-044ad0ea7338dbce0;ec2_securitygroup_not_used;False;sg-044ad0ea7338dbce0;NIST-CSF;National Institute of Standards and Technology (NIST) Cybersecurity Framework (CSF) v2.0;
aws;The NIST Cybersecurity Framework (CSF) 2.0 offers a taxonomy of high-level cybersecurity outcomes that can be used by any organization regardless of its size, sector, or maturity to better understand, assess, prioritize, and communicate its cybersecurity efforts. The framework's core functions are organized into six key areas: Govern (new), Identify, Protect, Detect, Respond, and Recover. Together, these functions provide a comprehensive lifecycle approach to managing cybersecurity risk.;213146990554;ap-southeast-2;2026-07-14 16:40:35.360893;ip_1;A baseline configuration of information technology/industrial control systems is created and maintained incorporating security principles (e.g. concept of least functionality).;Protect (PR);Information Protection Processes and Procedures (PR.IP);;aws;;FAIL;Security group Kali Linux-2026.1-amd64-AutogenByAWSMP--4 (sg-044ad0ea7338dbce0) it is not being used.;arn:aws:ec2:ap-southeast-2:213146990554:security-group/sg-044ad0ea7338dbce0;ec2_securitygroup_not_used;False;sg-044ad0ea7338dbce0;NIST-CSF;National Institute of Standards and Technology (NIST) Cybersecurity Framework (CSF) v2.0;
aws;The NIST Cybersecurity Framework (CSF) 2.0 offers a taxonomy of high-level cybersecurity outcomes that can be used by any organization regardless of its size, sector, or maturity to better understand, assess, prioritize, and communicate its cybersecurity efforts. The framework's core functions are organized into six key areas: Govern (new), Identify, Protect, Detect, Respond, and Recover. Together, these functions provide a comprehensive lifecycle approach to managing cybersecurity risk.;213146990554;ap-southeast-2;2026-07-14 16:40:35.360893;ac_5;Network integrity is protected (e.g., network segregation, network segmentation).;Protect (PR);Identity Management and Access Control (PR.AC);;aws;;FAIL;Security group launch-wizard-28 (sg-0003161c3fb914627) it is not being used.;arn:aws:ec2:ap-southeast-2:213146990554:security-group/sg-0003161c3fb914627;ec2_securitygroup_not_used;False;sg-0003161c3fb914627;NIST-CSF;National Institute of Standards and Technology (NIST) Cybersecurity Framework (CSF) v2.0;
aws;The NIST Cybersecurity Framework (CSF) 2.0 offers a taxonomy of high-level cybersecurity outcomes that can be used by any organization regardless of its size, sector, or maturity to better understand, assess, prioritize, and communicate its cybersecurity efforts. The framework's core functions are organized into six key areas: Govern (new), Identify, Protect, Detect, Respond, and Recover. Together, these functions provide a comprehensive lifecycle approach to managing cybersecurity risk.;213146990554;ap-southeast-2;2026-07-14 16:40:35.360893;ip_1;A baseline configuration of information technology/industrial control systems is created and maintained incorporating security principles (e.g. concept of least functionality).;Protect (PR);Information Protection Processes and Procedures (PR.IP);;aws;;FAIL;Security group launch-wizard-28 (sg-0003161c3fb914627) it is not being used.;arn:aws:ec2:ap-southeast-2:213146990554:security-group/sg-0003161c3fb914627;ec2_securitygroup_not_used;False;sg-0003161c3fb914627;NIST-CSF;National Institute of Standards and Technology (NIST) Cybersecurity Framework (CSF) v2.0;
aws;The NIST Cybersecurity Framework (CSF) 2.0 offers a taxonomy of high-level cybersecurity outcomes that can be used by any organization regardless of its size, sector, or maturity to better understand, assess, prioritize, and communicate its cybersecurity efforts. The framework's core functions are organized into six key areas: Govern (new), Identify, Protect, Detect, Respond, and Recover. Together, these functions provide a comprehensive lifecycle approach to managing cybersecurity risk.;213146990554;ap-southeast-2;2026-07-14 16:40:35.360893;ac_5;Network integrity is protected (e.g., network segregation, network segmentation).;Protect (PR);Identity Management and Access Control (PR.AC);;aws;;FAIL;Security group Kali Linux-2026.1-amd64-AutogenByAWSMP--7 (sg-0b16338608e021959) it is not being used.;arn:aws:ec2:ap-southeast-2:213146990554:security-group/sg-0b16338608e021959;ec2_securitygroup_not_used;False;sg-0b16338608e021959;NIST-CSF;National Institute of Standards and Technology (NIST) Cybersecurity Framework (CSF) v2.0;
aws;The NIST Cybersecurity Framework (CSF) 2.0 offers a taxonomy of high-level cybersecurity outcomes that can be used by any organization regardless of its size, sector, or maturity to better understand, assess, prioritize, and communicate its cybersecurity efforts. The framework's core functions are organized into six key areas: Govern (new), Identify, Protect, Detect, Respond, and Recover. Together, these functions provide a comprehensive lifecycle approach to managing cybersecurity risk.;213146990554;ap-southeast-2;2026-07-14 16:40:35.360893;ip_1;A baseline configuration of information technology/industrial control systems is created and maintained incorporating security principles (e.g. concept of least functionality).;Protect (PR);Information Protection Processes and Procedures (PR.IP);;aws;;FAIL;Security group Kali Linux-2026.1-amd64-AutogenByAWSMP--7 (sg-0b16338608e021959) it is not being used.;arn:aws:ec2:ap-southeast-2:213146990554:security-group/sg-0b16338608e021959;ec2_securitygroup_not_used;False;sg-0b16338608e021959;NIST-CSF;National Institute of Standards and Technology (NIST) Cybersecurity Framework (CSF) v2.0;
aws;The NIST Cybersecurity Framework (CSF) 2.0 offers a taxonomy of high-level cybersecurity outcomes that can be used by any organization regardless of its size, sector, or maturity to better understand, assess, prioritize, and communicate its cybersecurity efforts. The framework's core functions are organized into six key areas: Govern (new), Identify, Protect, Detect, Respond, and Recover. Together, these functions provide a comprehensive lifecycle approach to managing cybersecurity risk.;213146990554;ap-southeast-2;2026-07-14 16:40:35.360893;ac_5;Network integrity is protected (e.g., network segregation, network segmentation).;Protect (PR);Identity Management and Access Control (PR.AC);;aws;;FAIL;Security group Kali Linux-2026.1-amd64-AutogenByAWSMP--6 (sg-034bdb14753e85207) it is not being used.;arn:aws:ec2:ap-southeast-2:213146990554:security-group/sg-034bdb14753e85207;ec2_securitygroup_not_used;False;sg-034bdb14753e85207;NIST-CSF;National Institute of Standards and Technology (NIST) Cybersecurity Framework (CSF) v2.0;
aws;The NIST Cybersecurity Framework (CSF) 2.0 offers a taxonomy of high-level cybersecurity outcomes that can be used by any organization regardless of its size, sector, or maturity to better understand, assess, prioritize, and communicate its cybersecurity efforts. The framework's core functions are organized into six key areas: Govern (new), Identify, Protect, Detect, Respond, and Recover. Together, these functions provide a comprehensive lifecycle approach to managing cybersecurity risk.;213146990554;ap-southeast-2;2026-07-14 16:40:35.360893;ip_1;A baseline configuration of information technology/industrial control systems is created and maintained incorporating security principles (e.g. concept of least functionality).;Protect (PR);Information Protection Processes and Procedures (PR.IP);;aws;;FAIL;Security group Kali Linux-2026.1-amd64-AutogenByAWSMP--6 (sg-034bdb14753e85207) it is not being used.;arn:aws:ec2:ap-southeast-2:213146990554:security-group/sg-034bdb14753e85207;ec2_securitygroup_not_used;False;sg-034bdb14753e85207;NIST-CSF;National Institute of Standards and Technology (NIST) Cybersecurity Framework (CSF) v2.0;
aws;The NIST Cybersecurity Framework (CSF) 2.0 offers a taxonomy of high-level cybersecurity outcomes that can be used by any organization regardless of its size, sector, or maturity to better understand, assess, prioritize, and communicate its cybersecurity efforts. The framework's core functions are organized into six key areas: Govern (new), Identify, Protect, Detect, Respond, and Recover. Together, these functions provide a comprehensive lifecycle approach to managing cybersecurity risk.;213146990554;ap-southeast-2;2026-07-14 16:40:35.360893;ac_5;Network integrity is protected (e.g., network segregation, network segmentation).;Protect (PR);Identity Management and Access Control (PR.AC);;aws;;FAIL;Security group EG-SG (sg-03667e84668fbefee) it is not being used.;arn:aws:ec2:ap-southeast-2:213146990554:security-group/sg-03667e84668fbefee;ec2_securitygroup_not_used;False;sg-03667e84668fbefee;NIST-CSF;National Institute of Standards and Technology (NIST) Cybersecurity Framework (CSF) v2.0;
aws;The NIST Cybersecurity Framework (CSF) 2.0 offers a taxonomy of high-level cybersecurity outcomes that can be used by any organization regardless of its size, sector, or maturity to better understand, assess, prioritize, and communicate its cybersecurity efforts. The framework's core functions are organized into six key areas: Govern (new), Identify, Protect, Detect, Respond, and Recover. Together, these functions provide a comprehensive lifecycle approach to managing cybersecurity risk.;213146990554;ap-southeast-2;2026-07-14 16:40:35.360893;ip_1;A baseline configuration of information technology/industrial control systems is created and maintained incorporating security principles (e.g. concept of least functionality).;Protect (PR);Information Protection Processes and Procedures (PR.IP);;aws;;FAIL;Security group EG-SG (sg-03667e84668fbefee) it is not being used.;arn:aws:ec2:ap-southeast-2:213146990554:security-group/sg-03667e84668fbefee;ec2_securitygroup_not_used;False;sg-03667e84668fbefee;NIST-CSF;National Institute of Standards and Technology (NIST) Cybersecurity Framework (CSF) v2.0;
aws;The NIST Cybersecurity Framework (CSF) 2.0 offers a taxonomy of high-level cybersecurity outcomes that can be used by any organization regardless of its size, sector, or maturity to better understand, assess, prioritize, and communicate its cybersecurity efforts. The framework's core functions are organized into six key areas: Govern (new), Identify, Protect, Detect, Respond, and Recover. Together, these functions provide a comprehensive lifecycle approach to managing cybersecurity risk.;213146990554;ap-southeast-2;2026-07-14 16:40:35.360893;ac_5;Network integrity is protected (e.g., network segregation, network segmentation).;Protect (PR);Identity Management and Access Control (PR.AC);;aws;;FAIL;Security group launch-wizard-2 (sg-0e3756b7faacf9749) it is not being used.;arn:aws:ec2:ap-southeast-2:213146990554:security-group/sg-0e3756b7faacf9749;ec2_securitygroup_not_used;False;sg-0e3756b7faacf9749;NIST-CSF;National Institute of Standards and Technology (NIST) Cybersecurity Framework (CSF) v2.0;
aws;The NIST Cybersecurity Framework (CSF) 2.0 offers a taxonomy of high-level cybersecurity outcomes that can be used by any organization regardless of its size, sector, or maturity to better understand, assess, prioritize, and communicate its cybersecurity efforts. The framework's core functions are organized into six key areas: Govern (new), Identify, Protect, Detect, Respond, and Recover. Together, these functions provide a comprehensive lifecycle approach to managing cybersecurity risk.;213146990554;ap-southeast-2;2026-07-14 16:40:35.360893;ip_1;A baseline configuration of information technology/industrial control systems is created and maintained incorporating security principles (e.g. concept of least functionality).;Protect (PR);Information Protection Processes and Procedures (PR.IP);;aws;;FAIL;Security group launch-wizard-2 (sg-0e3756b7faacf9749) it is not being used.;arn:aws:ec2:ap-southeast-2:213146990554:security-group/sg-0e3756b7faacf9749;ec2_securitygroup_not_used;False;sg-0e3756b7faacf9749;NIST-CSF;National Institute of Standards and Technology (NIST) Cybersecurity Framework (CSF) v2.0;
aws;The NIST Cybersecurity Framework (CSF) 2.0 offers a taxonomy of high-level cybersecurity outcomes that can be used by any organization regardless of its size, sector, or maturity to better understand, assess, prioritize, and communicate its cybersecurity efforts. The framework's core functions are organized into six key areas: Govern (new), Identify, Protect, Detect, Respond, and Recover. Together, these functions provide a comprehensive lifecycle approach to managing cybersecurity risk.;213146990554;ap-southeast-2;2026-07-14 16:40:35.360893;ac_5;Network integrity is protected (e.g., network segregation, network segmentation).;Protect (PR);Identity Management and Access Control (PR.AC);;aws;;FAIL;Security group launch-wizard-16 (sg-0b8ded5ed0698a732) it is not being used.;arn:aws:ec2:ap-southeast-2:213146990554:security-group/sg-0b8ded5ed0698a732;ec2_securitygroup_not_used;False;sg-0b8ded5ed0698a732;NIST-CSF;National Institute of Standards and Technology (NIST) Cybersecurity Framework (CSF) v2.0;
aws;The NIST Cybersecurity Framework (CSF) 2.0 offers a taxonomy of high-level cybersecurity outcomes that can be used by any organization regardless of its size, sector, or maturity to better understand, assess, prioritize, and communicate its cybersecurity efforts. The framework's core functions are organized into six key areas: Govern (new), Identify, Protect, Detect, Respond, and Recover. Together, these functions provide a comprehensive lifecycle approach to managing cybersecurity risk.;213146990554;ap-southeast-2;2026-07-14 16:40:35.360893;ip_1;A baseline configuration of information technology/industrial control systems is created and maintained incorporating security principles (e.g. concept of least functionality).;Protect (PR);Information Protection Processes and Procedures (PR.IP);;aws;;FAIL;Security group launch-wizard-16 (sg-0b8ded5ed0698a732) it is not being used.;arn:aws:ec2:ap-southeast-2:213146990554:security-group/sg-0b8ded5ed0698a732;ec2_securitygroup_not_used;False;sg-0b8ded5ed0698a732;NIST-CSF;National Institute of Standards and Technology (NIST) Cybersecurity Framework (CSF) v2.0;
aws;The NIST Cybersecurity Framework (CSF) 2.0 offers a taxonomy of high-level cybersecurity outcomes that can be used by any organization regardless of its size, sector, or maturity to better understand, assess, prioritize, and communicate its cybersecurity efforts. The framework's core functions are organized into six key areas: Govern (new), Identify, Protect, Detect, Respond, and Recover. Together, these functions provide a comprehensive lifecycle approach to managing cybersecurity risk.;213146990554;ap-southeast-2;2026-07-14 16:40:35.360893;ac_5;Network integrity is protected (e.g., network segregation, network segmentation).;Protect (PR);Identity Management and Access Control (PR.AC);;aws;;FAIL;Security group launch-wizard-3 (sg-0a7306065b047c47a) it is not being used.;arn:aws:ec2:ap-southeast-2:213146990554:security-group/sg-0a7306065b047c47a;ec2_securitygroup_not_used;False;sg-0a7306065b047c47a;NIST-CSF;National Institute of Standards and Technology (NIST) Cybersecurity Framework (CSF) v2.0;
aws;The NIST Cybersecurity Framework (CSF) 2.0 offers a taxonomy of high-level cybersecurity outcomes that can be used by any organization regardless of its size, sector, or maturity to better understand, assess, prioritize, and communicate its cybersecurity efforts. The framework's core functions are organized into six key areas: Govern (new), Identify, Protect, Detect, Respond, and Recover. Together, these functions provide a comprehensive lifecycle approach to managing cybersecurity risk.;213146990554;ap-southeast-2;2026-07-14 16:40:35.360893;ip_1;A baseline configuration of information technology/industrial control systems is created and maintained incorporating security principles (e.g. concept of least functionality).;Protect (PR);Information Protection Processes and Procedures (PR.IP);;aws;;FAIL;Security group launch-wizard-3 (sg-0a7306065b047c47a) it is not being used.;arn:aws:ec2:ap-southeast-2:213146990554:security-group/sg-0a7306065b047c47a;ec2_securitygroup_not_used;False;sg-0a7306065b047c47a;NIST-CSF;National Institute of Standards and Technology (NIST) Cybersecurity Framework (CSF) v2.0;
aws;The NIST Cybersecurity Framework (CSF) 2.0 offers a taxonomy of high-level cybersecurity outcomes that can be used by any organization regardless of its size, sector, or maturity to better understand, assess, prioritize, and communicate its cybersecurity efforts. The framework's core functions are organized into six key areas: Govern (new), Identify, Protect, Detect, Respond, and Recover. Together, these functions provide a comprehensive lifecycle approach to managing cybersecurity risk.;213146990554;ap-southeast-2;2026-07-14 16:40:35.360893;ac_5;Network integrity is protected (e.g., network segregation, network segmentation).;Protect (PR);Identity Management and Access Control (PR.AC);;aws;;FAIL;Security group launch-wizard-21 (sg-0e126e8fe16324420) it is not being used.;arn:aws:ec2:ap-southeast-2:213146990554:security-group/sg-0e126e8fe16324420;ec2_securitygroup_not_used;False;sg-0e126e8fe16324420;NIST-CSF;National Institute of Standards and Technology (NIST) Cybersecurity Framework (CSF) v2.0;
aws;The NIST Cybersecurity Framework (CSF) 2.0 offers a taxonomy of high-level cybersecurity outcomes that can be used by any organization regardless of its size, sector, or maturity to better understand, assess, prioritize, and communicate its cybersecurity efforts. The framework's core functions are organized into six key areas: Govern (new), Identify, Protect, Detect, Respond, and Recover. Together, these functions provide a comprehensive lifecycle approach to managing cybersecurity risk.;213146990554;ap-southeast-2;2026-07-14 16:40:35.360893;ip_1;A baseline configuration of information technology/industrial control systems is created and maintained incorporating security principles (e.g. concept of least functionality).;Protect (PR);Information Protection Processes and Procedures (PR.IP);;aws;;FAIL;Security group launch-wizard-21 (sg-0e126e8fe16324420) it is not being used.;arn:aws:ec2:ap-southeast-2:213146990554:security-group/sg-0e126e8fe16324420;ec2_securitygroup_not_used;False;sg-0e126e8fe16324420;NIST-CSF;National Institute of Standards and Technology (NIST) Cybersecurity Framework (CSF) v2.0;
aws;The NIST Cybersecurity Framework (CSF) 2.0 offers a taxonomy of high-level cybersecurity outcomes that can be used by any organization regardless of its size, sector, or maturity to better understand, assess, prioritize, and communicate its cybersecurity efforts. The framework's core functions are organized into six key areas: Govern (new), Identify, Protect, Detect, Respond, and Recover. Together, these functions provide a comprehensive lifecycle approach to managing cybersecurity risk.;213146990554;ap-southeast-2;2026-07-14 16:40:35.360893;ac_5;Network integrity is protected (e.g., network segregation, network segmentation).;Protect (PR);Identity Management and Access Control (PR.AC);;aws;;FAIL;Security group launch-wizard-19 (sg-05dd4ebdd18f412c1) it is not being used.;arn:aws:ec2:ap-southeast-2:213146990554:security-group/sg-05dd4ebdd18f412c1;ec2_securitygroup_not_used;False;sg-05dd4ebdd18f412c1;NIST-CSF;National Institute of Standards and Technology (NIST) Cybersecurity Framework (CSF) v2.0;
aws;The NIST Cybersecurity Framework (CSF) 2.0 offers a taxonomy of high-level cybersecurity outcomes that can be used by any organization regardless of its size, sector, or maturity to better understand, assess, prioritize, and communicate its cybersecurity efforts. The framework's core functions are organized into six key areas: Govern (new), Identify, Protect, Detect, Respond, and Recover. Together, these functions provide a comprehensive lifecycle approach to managing cybersecurity risk.;213146990554;ap-southeast-2;2026-07-14 16:40:35.360893;ip_1;A baseline configuration of information technology/industrial control systems is created and maintained incorporating security principles (e.g. concept of least functionality).;Protect (PR);Information Protection Processes and Procedures (PR.IP);;aws;;FAIL;Security group launch-wizard-19 (sg-05dd4ebdd18f412c1) it is not being used.;arn:aws:ec2:ap-southeast-2:213146990554:security-group/sg-05dd4ebdd18f412c1;ec2_securitygroup_not_used;False;sg-05dd4ebdd18f412c1;NIST-CSF;National Institute of Standards and Technology (NIST) Cybersecurity Framework (CSF) v2.0;
aws;The NIST Cybersecurity Framework (CSF) 2.0 offers a taxonomy of high-level cybersecurity outcomes that can be used by any organization regardless of its size, sector, or maturity to better understand, assess, prioritize, and communicate its cybersecurity efforts. The framework's core functions are organized into six key areas: Govern (new), Identify, Protect, Detect, Respond, and Recover. Together, these functions provide a comprehensive lifecycle approach to managing cybersecurity risk.;213146990554;ap-southeast-2;2026-07-14 16:40:35.360893;ac_5;Network integrity is protected (e.g., network segregation, network segmentation).;Protect (PR);Identity Management and Access Control (PR.AC);;aws;;FAIL;Security group launch-wizard-7 (sg-0d759a2bdfa128cd1) it is not being used.;arn:aws:ec2:ap-southeast-2:213146990554:security-group/sg-0d759a2bdfa128cd1;ec2_securitygroup_not_used;False;sg-0d759a2bdfa128cd1;NIST-CSF;National Institute of Standards and Technology (NIST) Cybersecurity Framework (CSF) v2.0;
aws;The NIST Cybersecurity Framework (CSF) 2.0 offers a taxonomy of high-level cybersecurity outcomes that can be used by any organization regardless of its size, sector, or maturity to better understand, assess, prioritize, and communicate its cybersecurity efforts. The framework's core functions are organized into six key areas: Govern (new), Identify, Protect, Detect, Respond, and Recover. Together, these functions provide a comprehensive lifecycle approach to managing cybersecurity risk.;213146990554;ap-southeast-2;2026-07-14 16:40:35.360893;ip_1;A baseline configuration of information technology/industrial control systems is created and maintained incorporating security principles (e.g. concept of least functionality).;Protect (PR);Information Protection Processes and Procedures (PR.IP);;aws;;FAIL;Security group launch-wizard-7 (sg-0d759a2bdfa128cd1) it is not being used.;arn:aws:ec2:ap-southeast-2:213146990554:security-group/sg-0d759a2bdfa128cd1;ec2_securitygroup_not_used;False;sg-0d759a2bdfa128cd1;NIST-CSF;National Institute of Standards and Technology (NIST) Cybersecurity Framework (CSF) v2.0;
aws;The NIST Cybersecurity Framework (CSF) 2.0 offers a taxonomy of high-level cybersecurity outcomes that can be used by any organization regardless of its size, sector, or maturity to better understand, assess, prioritize, and communicate its cybersecurity efforts. The framework's core functions are organized into six key areas: Govern (new), Identify, Protect, Detect, Respond, and Recover. Together, these functions provide a comprehensive lifecycle approach to managing cybersecurity risk.;213146990554;ap-southeast-2;2026-07-14 16:40:35.360893;ac_5;Network integrity is protected (e.g., network segregation, network segmentation).;Protect (PR);Identity Management and Access Control (PR.AC);;aws;;FAIL;Security group launch-wizard-11 (sg-045dc2456086efc1d) it is not being used.;arn:aws:ec2:ap-southeast-2:213146990554:security-group/sg-045dc2456086efc1d;ec2_securitygroup_not_used;False;sg-045dc2456086efc1d;NIST-CSF;National Institute of Standards and Technology (NIST) Cybersecurity Framework (CSF) v2.0;
aws;The NIST Cybersecurity Framework (CSF) 2.0 offers a taxonomy of high-level cybersecurity outcomes that can be used by any organization regardless of its size, sector, or maturity to better understand, assess, prioritize, and communicate its cybersecurity efforts. The framework's core functions are organized into six key areas: Govern (new), Identify, Protect, Detect, Respond, and Recover. Together, these functions provide a comprehensive lifecycle approach to managing cybersecurity risk.;213146990554;ap-southeast-2;2026-07-14 16:40:35.360893;ip_1;A baseline configuration of information technology/industrial control systems is created and maintained incorporating security principles (e.g. concept of least functionality).;Protect (PR);Information Protection Processes and Procedures (PR.IP);;aws;;FAIL;Security group launch-wizard-11 (sg-045dc2456086efc1d) it is not being used.;arn:aws:ec2:ap-southeast-2:213146990554:security-group/sg-045dc2456086efc1d;ec2_securitygroup_not_used;False;sg-045dc2456086efc1d;NIST-CSF;National Institute of Standards and Technology (NIST) Cybersecurity Framework (CSF) v2.0;
aws;The NIST Cybersecurity Framework (CSF) 2.0 offers a taxonomy of high-level cybersecurity outcomes that can be used by any organization regardless of its size, sector, or maturity to better understand, assess, prioritize, and communicate its cybersecurity efforts. The framework's core functions are organized into six key areas: Govern (new), Identify, Protect, Detect, Respond, and Recover. Together, these functions provide a comprehensive lifecycle approach to managing cybersecurity risk.;213146990554;ap-southeast-2;2026-07-14 16:40:35.360893;ac_5;Network integrity is protected (e.g., network segregation, network segmentation).;Protect (PR);Identity Management and Access Control (PR.AC);;aws;;FAIL;Security group Kali Linux-2026.1-amd64-AutogenByAWSMP--1 (sg-07c211d3ff7ed3416) it is not being used.;arn:aws:ec2:ap-southeast-2:213146990554:security-group/sg-07c211d3ff7ed3416;ec2_securitygroup_not_used;False;sg-07c211d3ff7ed3416;NIST-CSF;National Institute of Standards and Technology (NIST) Cybersecurity Framework (CSF) v2.0;
aws;The NIST Cybersecurity Framework (CSF) 2.0 offers a taxonomy of high-level cybersecurity outcomes that can be used by any organization regardless of its size, sector, or maturity to better understand, assess, prioritize, and communicate its cybersecurity efforts. The framework's core functions are organized into six key areas: Govern (new), Identify, Protect, Detect, Respond, and Recover. Together, these functions provide a comprehensive lifecycle approach to managing cybersecurity risk.;213146990554;ap-southeast-2;2026-07-14 16:40:35.360893;ip_1;A baseline configuration of information technology/industrial control systems is created and maintained incorporating security principles (e.g. concept of least functionality).;Protect (PR);Information Protection Processes and Procedures (PR.IP);;aws;;FAIL;Security group Kali Linux-2026.1-amd64-AutogenByAWSMP--1 (sg-07c211d3ff7ed3416) it is not being used.;arn:aws:ec2:ap-southeast-2:213146990554:security-group/sg-07c211d3ff7ed3416;ec2_securitygroup_not_used;False;sg-07c211d3ff7ed3416;NIST-CSF;National Institute of Standards and Technology (NIST) Cybersecurity Framework (CSF) v2.0;
aws;The NIST Cybersecurity Framework (CSF) 2.0 offers a taxonomy of high-level cybersecurity outcomes that can be used by any organization regardless of its size, sector, or maturity to better understand, assess, prioritize, and communicate its cybersecurity efforts. The framework's core functions are organized into six key areas: Govern (new), Identify, Protect, Detect, Respond, and Recover. Together, these functions provide a comprehensive lifecycle approach to managing cybersecurity risk.;213146990554;ap-southeast-2;2026-07-14 16:40:35.360893;ac_5;Network integrity is protected (e.g., network segregation, network segmentation).;Protect (PR);Identity Management and Access Control (PR.AC);;aws;;FAIL;Security group launch-wizard-13 (sg-0fa04d76ad5a60f29) it is not being used.;arn:aws:ec2:ap-southeast-2:213146990554:security-group/sg-0fa04d76ad5a60f29;ec2_securitygroup_not_used;False;sg-0fa04d76ad5a60f29;NIST-CSF;National Institute of Standards and Technology (NIST) Cybersecurity Framework (CSF) v2.0;
aws;The NIST Cybersecurity Framework (CSF) 2.0 offers a taxonomy of high-level cybersecurity outcomes that can be used by any organization regardless of its size, sector, or maturity to better understand, assess, prioritize, and communicate its cybersecurity efforts. The framework's core functions are organized into six key areas: Govern (new), Identify, Protect, Detect, Respond, and Recover. Together, these functions provide a comprehensive lifecycle approach to managing cybersecurity risk.;213146990554;ap-southeast-2;2026-07-14 16:40:35.360893;ip_1;A baseline configuration of information technology/industrial control systems is created and maintained incorporating security principles (e.g. concept of least functionality).;Protect (PR);Information Protection Processes and Procedures (PR.IP);;aws;;FAIL;Security group launch-wizard-13 (sg-0fa04d76ad5a60f29) it is not being used.;arn:aws:ec2:ap-southeast-2:213146990554:security-group/sg-0fa04d76ad5a60f29;ec2_securitygroup_not_used;False;sg-0fa04d76ad5a60f29;NIST-CSF;National Institute of Standards and Technology (NIST) Cybersecurity Framework (CSF) v2.0;
aws;The NIST Cybersecurity Framework (CSF) 2.0 offers a taxonomy of high-level cybersecurity outcomes that can be used by any organization regardless of its size, sector, or maturity to better understand, assess, prioritize, and communicate its cybersecurity efforts. The framework's core functions are organized into six key areas: Govern (new), Identify, Protect, Detect, Respond, and Recover. Together, these functions provide a comprehensive lifecycle approach to managing cybersecurity risk.;213146990554;ap-southeast-2;2026-07-14 16:40:35.360893;ac_5;Network integrity is protected (e.g., network segregation, network segmentation).;Protect (PR);Identity Management and Access Control (PR.AC);;aws;;FAIL;Security group launch-wizard-25 (sg-0b304f3d171f7dd95) it is not being used.;arn:aws:ec2:ap-southeast-2:213146990554:security-group/sg-0b304f3d171f7dd95;ec2_securitygroup_not_used;False;sg-0b304f3d171f7dd95;NIST-CSF;National Institute of Standards and Technology (NIST) Cybersecurity Framework (CSF) v2.0;
aws;The NIST Cybersecurity Framework (CSF) 2.0 offers a taxonomy of high-level cybersecurity outcomes that can be used by any organization regardless of its size, sector, or maturity to better understand, assess, prioritize, and communicate its cybersecurity efforts. The framework's core functions are organized into six key areas: Govern (new), Identify, Protect, Detect, Respond, and Recover. Together, these functions provide a comprehensive lifecycle approach to managing cybersecurity risk.;213146990554;ap-southeast-2;2026-07-14 16:40:35.360893;ip_1;A baseline configuration of information technology/industrial control systems is created and maintained incorporating security principles (e.g. concept of least functionality).;Protect (PR);Information Protection Processes and Procedures (PR.IP);;aws;;FAIL;Security group launch-wizard-25 (sg-0b304f3d171f7dd95) it is not being used.;arn:aws:ec2:ap-southeast-2:213146990554:security-group/sg-0b304f3d171f7dd95;ec2_securitygroup_not_used;False;sg-0b304f3d171f7dd95;NIST-CSF;National Institute of Standards and Technology (NIST) Cybersecurity Framework (CSF) v2.0;
aws;The NIST Cybersecurity Framework (CSF) 2.0 offers a taxonomy of high-level cybersecurity outcomes that can be used by any organization regardless of its size, sector, or maturity to better understand, assess, prioritize, and communicate its cybersecurity efforts. The framework's core functions are organized into six key areas: Govern (new), Identify, Protect, Detect, Respond, and Recover. Together, these functions provide a comprehensive lifecycle approach to managing cybersecurity risk.;213146990554;ap-southeast-2;2026-07-14 16:40:35.360893;ac_5;Network integrity is protected (e.g., network segregation, network segmentation).;Protect (PR);Identity Management and Access Control (PR.AC);;aws;;FAIL;Security group Kali Linux-2026.1-amd64-AutogenByAWSMP--3 (sg-091fb088c3998e4c9) it is not being used.;arn:aws:ec2:ap-southeast-2:213146990554:security-group/sg-091fb088c3998e4c9;ec2_securitygroup_not_used;False;sg-091fb088c3998e4c9;NIST-CSF;National Institute of Standards and Technology (NIST) Cybersecurity Framework (CSF) v2.0;
aws;The NIST Cybersecurity Framework (CSF) 2.0 offers a taxonomy of high-level cybersecurity outcomes that can be used by any organization regardless of its size, sector, or maturity to better understand, assess, prioritize, and communicate its cybersecurity efforts. The framework's core functions are organized into six key areas: Govern (new), Identify, Protect, Detect, Respond, and Recover. Together, these functions provide a comprehensive lifecycle approach to managing cybersecurity risk.;213146990554;ap-southeast-2;2026-07-14 16:40:35.360893;ip_1;A baseline configuration of information technology/industrial control systems is created and maintained incorporating security principles (e.g. concept of least functionality).;Protect (PR);Information Protection Processes and Procedures (PR.IP);;aws;;FAIL;Security group Kali Linux-2026.1-amd64-AutogenByAWSMP--3 (sg-091fb088c3998e4c9) it is not being used.;arn:aws:ec2:ap-southeast-2:213146990554:security-group/sg-091fb088c3998e4c9;ec2_securitygroup_not_used;False;sg-091fb088c3998e4c9;NIST-CSF;National Institute of Standards and Technology (NIST) Cybersecurity Framework (CSF) v2.0;
aws;The NIST Cybersecurity Framework (CSF) 2.0 offers a taxonomy of high-level cybersecurity outcomes that can be used by any organization regardless of its size, sector, or maturity to better understand, assess, prioritize, and communicate its cybersecurity efforts. The framework's core functions are organized into six key areas: Govern (new), Identify, Protect, Detect, Respond, and Recover. Together, these functions provide a comprehensive lifecycle approach to managing cybersecurity risk.;213146990554;ap-southeast-2;2026-07-14 16:40:35.360893;ac_5;Network integrity is protected (e.g., network segregation, network segmentation).;Protect (PR);Identity Management and Access Control (PR.AC);;aws;;FAIL;Security group launch-wizard-18 (sg-0f4d71516c8b2e2d3) it is not being used.;arn:aws:ec2:ap-southeast-2:213146990554:security-group/sg-0f4d71516c8b2e2d3;ec2_securitygroup_not_used;False;sg-0f4d71516c8b2e2d3;NIST-CSF;National Institute of Standards and Technology (NIST) Cybersecurity Framework (CSF) v2.0;
aws;The NIST Cybersecurity Framework (CSF) 2.0 offers a taxonomy of high-level cybersecurity outcomes that can be used by any organization regardless of its size, sector, or maturity to better understand, assess, prioritize, and communicate its cybersecurity efforts. The framework's core functions are organized into six key areas: Govern (new), Identify, Protect, Detect, Respond, and Recover. Together, these functions provide a comprehensive lifecycle approach to managing cybersecurity risk.;213146990554;ap-southeast-2;2026-07-14 16:40:35.360893;ip_1;A baseline configuration of information technology/industrial control systems is created and maintained incorporating security principles (e.g. concept of least functionality).;Protect (PR);Information Protection Processes and Procedures (PR.IP);;aws;;FAIL;Security group launch-wizard-18 (sg-0f4d71516c8b2e2d3) it is not being used.;arn:aws:ec2:ap-southeast-2:213146990554:security-group/sg-0f4d71516c8b2e2d3;ec2_securitygroup_not_used;False;sg-0f4d71516c8b2e2d3;NIST-CSF;National Institute of Standards and Technology (NIST) Cybersecurity Framework (CSF) v2.0;
aws;The NIST Cybersecurity Framework (CSF) 2.0 offers a taxonomy of high-level cybersecurity outcomes that can be used by any organization regardless of its size, sector, or maturity to better understand, assess, prioritize, and communicate its cybersecurity efforts. The framework's core functions are organized into six key areas: Govern (new), Identify, Protect, Detect, Respond, and Recover. Together, these functions provide a comprehensive lifecycle approach to managing cybersecurity risk.;213146990554;ap-southeast-2;2026-07-14 16:40:35.360893;ac_5;Network integrity is protected (e.g., network segregation, network segmentation).;Protect (PR);Identity Management and Access Control (PR.AC);;aws;;FAIL;Security group launch-wizard-6 (sg-08acc1093fd79a732) it is not being used.;arn:aws:ec2:ap-southeast-2:213146990554:security-group/sg-08acc1093fd79a732;ec2_securitygroup_not_used;False;sg-08acc1093fd79a732;NIST-CSF;National Institute of Standards and Technology (NIST) Cybersecurity Framework (CSF) v2.0;
aws;The NIST Cybersecurity Framework (CSF) 2.0 offers a taxonomy of high-level cybersecurity outcomes that can be used by any organization regardless of its size, sector, or maturity to better understand, assess, prioritize, and communicate its cybersecurity efforts. The framework's core functions are organized into six key areas: Govern (new), Identify, Protect, Detect, Respond, and Recover. Together, these functions provide a comprehensive lifecycle approach to managing cybersecurity risk.;213146990554;ap-southeast-2;2026-07-14 16:40:35.360893;ip_1;A baseline configuration of information technology/industrial control systems is created and maintained incorporating security principles (e.g. concept of least functionality).;Protect (PR);Information Protection Processes and Procedures (PR.IP);;aws;;FAIL;Security group launch-wizard-6 (sg-08acc1093fd79a732) it is not being used.;arn:aws:ec2:ap-southeast-2:213146990554:security-group/sg-08acc1093fd79a732;ec2_securitygroup_not_used;False;sg-08acc1093fd79a732;NIST-CSF;National Institute of Standards and Technology (NIST) Cybersecurity Framework (CSF) v2.0;
aws;The NIST Cybersecurity Framework (CSF) 2.0 offers a taxonomy of high-level cybersecurity outcomes that can be used by any organization regardless of its size, sector, or maturity to better understand, assess, prioritize, and communicate its cybersecurity efforts. The framework's core functions are organized into six key areas: Govern (new), Identify, Protect, Detect, Respond, and Recover. Together, these functions provide a comprehensive lifecycle approach to managing cybersecurity risk.;213146990554;ap-southeast-2;2026-07-14 16:40:35.360893;ac_5;Network integrity is protected (e.g., network segregation, network segmentation).;Protect (PR);Identity Management and Access Control (PR.AC);;aws;;FAIL;Security group launch-wizard-27 (sg-0de6d2a27e144ae35) it is not being used.;arn:aws:ec2:ap-southeast-2:213146990554:security-group/sg-0de6d2a27e144ae35;ec2_securitygroup_not_used;False;sg-0de6d2a27e144ae35;NIST-CSF;National Institute of Standards and Technology (NIST) Cybersecurity Framework (CSF) v2.0;
aws;The NIST Cybersecurity Framework (CSF) 2.0 offers a taxonomy of high-level cybersecurity outcomes that can be used by any organization regardless of its size, sector, or maturity to better understand, assess, prioritize, and communicate its cybersecurity efforts. The framework's core functions are organized into six key areas: Govern (new), Identify, Protect, Detect, Respond, and Recover. Together, these functions provide a comprehensive lifecycle approach to managing cybersecurity risk.;213146990554;ap-southeast-2;2026-07-14 16:40:35.360893;ip_1;A baseline configuration of information technology/industrial control systems is created and maintained incorporating security principles (e.g. concept of least functionality).;Protect (PR);Information Protection Processes and Procedures (PR.IP);;aws;;FAIL;Security group launch-wizard-27 (sg-0de6d2a27e144ae35) it is not being used.;arn:aws:ec2:ap-southeast-2:213146990554:security-group/sg-0de6d2a27e144ae35;ec2_securitygroup_not_used;False;sg-0de6d2a27e144ae35;NIST-CSF;National Institute of Standards and Technology (NIST) Cybersecurity Framework (CSF) v2.0;
aws;The NIST Cybersecurity Framework (CSF) 2.0 offers a taxonomy of high-level cybersecurity outcomes that can be used by any organization regardless of its size, sector, or maturity to better understand, assess, prioritize, and communicate its cybersecurity efforts. The framework's core functions are organized into six key areas: Govern (new), Identify, Protect, Detect, Respond, and Recover. Together, these functions provide a comprehensive lifecycle approach to managing cybersecurity risk.;213146990554;ap-southeast-2;2026-07-14 16:40:35.360893;ac_5;Network integrity is protected (e.g., network segregation, network segmentation).;Protect (PR);Identity Management and Access Control (PR.AC);;aws;;FAIL;Security group launch-wizard-26 (sg-0c41cea7345a9798c) it is not being used.;arn:aws:ec2:ap-southeast-2:213146990554:security-group/sg-0c41cea7345a9798c;ec2_securitygroup_not_used;False;sg-0c41cea7345a9798c;NIST-CSF;National Institute of Standards and Technology (NIST) Cybersecurity Framework (CSF) v2.0;
aws;The NIST Cybersecurity Framework (CSF) 2.0 offers a taxonomy of high-level cybersecurity outcomes that can be used by any organization regardless of its size, sector, or maturity to better understand, assess, prioritize, and communicate its cybersecurity efforts. The framework's core functions are organized into six key areas: Govern (new), Identify, Protect, Detect, Respond, and Recover. Together, these functions provide a comprehensive lifecycle approach to managing cybersecurity risk.;213146990554;ap-southeast-2;2026-07-14 16:40:35.360893;ip_1;A baseline configuration of information technology/industrial control systems is created and maintained incorporating security principles (e.g. concept of least functionality).;Protect (PR);Information Protection Processes and Procedures (PR.IP);;aws;;FAIL;Security group launch-wizard-26 (sg-0c41cea7345a9798c) it is not being used.;arn:aws:ec2:ap-southeast-2:213146990554:security-group/sg-0c41cea7345a9798c;ec2_securitygroup_not_used;False;sg-0c41cea7345a9798c;NIST-CSF;National Institute of Standards and Technology (NIST) Cybersecurity Framework (CSF) v2.0;
aws;The NIST Cybersecurity Framework (CSF) 2.0 offers a taxonomy of high-level cybersecurity outcomes that can be used by any organization regardless of its size, sector, or maturity to better understand, assess, prioritize, and communicate its cybersecurity efforts. The framework's core functions are organized into six key areas: Govern (new), Identify, Protect, Detect, Respond, and Recover. Together, these functions provide a comprehensive lifecycle approach to managing cybersecurity risk.;213146990554;ap-southeast-2;2026-07-14 16:40:35.360893;ac_5;Network integrity is protected (e.g., network segregation, network segmentation).;Protect (PR);Identity Management and Access Control (PR.AC);;aws;;FAIL;Security group launch-wizard-23 (sg-045790af312b78364) it is not being used.;arn:aws:ec2:ap-southeast-2:213146990554:security-group/sg-045790af312b78364;ec2_securitygroup_not_used;False;sg-045790af312b78364;NIST-CSF;National Institute of Standards and Technology (NIST) Cybersecurity Framework (CSF) v2.0;
aws;The NIST Cybersecurity Framework (CSF) 2.0 offers a taxonomy of high-level cybersecurity outcomes that can be used by any organization regardless of its size, sector, or maturity to better understand, assess, prioritize, and communicate its cybersecurity efforts. The framework's core functions are organized into six key areas: Govern (new), Identify, Protect, Detect, Respond, and Recover. Together, these functions provide a comprehensive lifecycle approach to managing cybersecurity risk.;213146990554;ap-southeast-2;2026-07-14 16:40:35.360893;ip_1;A baseline configuration of information technology/industrial control systems is created and maintained incorporating security principles (e.g. concept of least functionality).;Protect (PR);Information Protection Processes and Procedures (PR.IP);;aws;;FAIL;Security group launch-wizard-23 (sg-045790af312b78364) it is not being used.;arn:aws:ec2:ap-southeast-2:213146990554:security-group/sg-045790af312b78364;ec2_securitygroup_not_used;False;sg-045790af312b78364;NIST-CSF;National Institute of Standards and Technology (NIST) Cybersecurity Framework (CSF) v2.0;
aws;The NIST Cybersecurity Framework (CSF) 2.0 offers a taxonomy of high-level cybersecurity outcomes that can be used by any organization regardless of its size, sector, or maturity to better understand, assess, prioritize, and communicate its cybersecurity efforts. The framework's core functions are organized into six key areas: Govern (new), Identify, Protect, Detect, Respond, and Recover. Together, these functions provide a comprehensive lifecycle approach to managing cybersecurity risk.;213146990554;ap-southeast-2;2026-07-14 16:40:35.360893;ac_5;Network integrity is protected (e.g., network segregation, network segmentation).;Protect (PR);Identity Management and Access Control (PR.AC);;aws;;FAIL;Security group launch-wizard-20 (sg-04fcbe519245d2d53) it is not being used.;arn:aws:ec2:ap-southeast-2:213146990554:security-group/sg-04fcbe519245d2d53;ec2_securitygroup_not_used;False;sg-04fcbe519245d2d53;NIST-CSF;National Institute of Standards and Technology (NIST) Cybersecurity Framework (CSF) v2.0;
aws;The NIST Cybersecurity Framework (CSF) 2.0 offers a taxonomy of high-level cybersecurity outcomes that can be used by any organization regardless of its size, sector, or maturity to better understand, assess, prioritize, and communicate its cybersecurity efforts. The framework's core functions are organized into six key areas: Govern (new), Identify, Protect, Detect, Respond, and Recover. Together, these functions provide a comprehensive lifecycle approach to managing cybersecurity risk.;213146990554;ap-southeast-2;2026-07-14 16:40:35.360893;ip_1;A baseline configuration of information technology/industrial control systems is created and maintained incorporating security principles (e.g. concept of least functionality).;Protect (PR);Information Protection Processes and Procedures (PR.IP);;aws;;FAIL;Security group launch-wizard-20 (sg-04fcbe519245d2d53) it is not being used.;arn:aws:ec2:ap-southeast-2:213146990554:security-group/sg-04fcbe519245d2d53;ec2_securitygroup_not_used;False;sg-04fcbe519245d2d53;NIST-CSF;National Institute of Standards and Technology (NIST) Cybersecurity Framework (CSF) v2.0;
aws;The NIST Cybersecurity Framework (CSF) 2.0 offers a taxonomy of high-level cybersecurity outcomes that can be used by any organization regardless of its size, sector, or maturity to better understand, assess, prioritize, and communicate its cybersecurity efforts. The framework's core functions are organized into six key areas: Govern (new), Identify, Protect, Detect, Respond, and Recover. Together, these functions provide a comprehensive lifecycle approach to managing cybersecurity risk.;213146990554;ap-southeast-2;2026-07-14 16:40:35.360893;ac_5;Network integrity is protected (e.g., network segregation, network segmentation).;Protect (PR);Identity Management and Access Control (PR.AC);;aws;;FAIL;Security group launch-wizard-29 (sg-080e0a6bfdfded924) it is not being used.;arn:aws:ec2:ap-southeast-2:213146990554:security-group/sg-080e0a6bfdfded924;ec2_securitygroup_not_used;False;sg-080e0a6bfdfded924;NIST-CSF;National Institute of Standards and Technology (NIST) Cybersecurity Framework (CSF) v2.0;
aws;The NIST Cybersecurity Framework (CSF) 2.0 offers a taxonomy of high-level cybersecurity outcomes that can be used by any organization regardless of its size, sector, or maturity to better understand, assess, prioritize, and communicate its cybersecurity efforts. The framework's core functions are organized into six key areas: Govern (new), Identify, Protect, Detect, Respond, and Recover. Together, these functions provide a comprehensive lifecycle approach to managing cybersecurity risk.;213146990554;ap-southeast-2;2026-07-14 16:40:35.360893;ip_1;A baseline configuration of information technology/industrial control systems is created and maintained incorporating security principles (e.g. concept of least functionality).;Protect (PR);Information Protection Processes and Procedures (PR.IP);;aws;;FAIL;Security group launch-wizard-29 (sg-080e0a6bfdfded924) it is not being used.;arn:aws:ec2:ap-southeast-2:213146990554:security-group/sg-080e0a6bfdfded924;ec2_securitygroup_not_used;False;sg-080e0a6bfdfded924;NIST-CSF;National Institute of Standards and Technology (NIST) Cybersecurity Framework (CSF) v2.0;
aws;The NIST Cybersecurity Framework (CSF) 2.0 offers a taxonomy of high-level cybersecurity outcomes that can be used by any organization regardless of its size, sector, or maturity to better understand, assess, prioritize, and communicate its cybersecurity efforts. The framework's core functions are organized into six key areas: Govern (new), Identify, Protect, Detect, Respond, and Recover. Together, these functions provide a comprehensive lifecycle approach to managing cybersecurity risk.;213146990554;ap-southeast-2;2026-07-14 16:40:35.360893;ac_5;Network integrity is protected (e.g., network segregation, network segmentation).;Protect (PR);Identity Management and Access Control (PR.AC);;aws;;FAIL;Security group launch-wizard-8 (sg-0ffe3f16ec9186f36) it is not being used.;arn:aws:ec2:ap-southeast-2:213146990554:security-group/sg-0ffe3f16ec9186f36;ec2_securitygroup_not_used;False;sg-0ffe3f16ec9186f36;NIST-CSF;National Institute of Standards and Technology (NIST) Cybersecurity Framework (CSF) v2.0;
aws;The NIST Cybersecurity Framework (CSF) 2.0 offers a taxonomy of high-level cybersecurity outcomes that can be used by any organization regardless of its size, sector, or maturity to better understand, assess, prioritize, and communicate its cybersecurity efforts. The framework's core functions are organized into six key areas: Govern (new), Identify, Protect, Detect, Respond, and Recover. Together, these functions provide a comprehensive lifecycle approach to managing cybersecurity risk.;213146990554;ap-southeast-2;2026-07-14 16:40:35.360893;ip_1;A baseline configuration of information technology/industrial control systems is created and maintained incorporating security principles (e.g. concept of least functionality).;Protect (PR);Information Protection Processes and Procedures (PR.IP);;aws;;FAIL;Security group launch-wizard-8 (sg-0ffe3f16ec9186f36) it is not being used.;arn:aws:ec2:ap-southeast-2:213146990554:security-group/sg-0ffe3f16ec9186f36;ec2_securitygroup_not_used;False;sg-0ffe3f16ec9186f36;NIST-CSF;National Institute of Standards and Technology (NIST) Cybersecurity Framework (CSF) v2.0;
aws;The NIST Cybersecurity Framework (CSF) 2.0 offers a taxonomy of high-level cybersecurity outcomes that can be used by any organization regardless of its size, sector, or maturity to better understand, assess, prioritize, and communicate its cybersecurity efforts. The framework's core functions are organized into six key areas: Govern (new), Identify, Protect, Detect, Respond, and Recover. Together, these functions provide a comprehensive lifecycle approach to managing cybersecurity risk.;213146990554;ap-southeast-2;2026-07-14 16:40:35.360893;ac_5;Network integrity is protected (e.g., network segregation, network segmentation).;Protect (PR);Identity Management and Access Control (PR.AC);;aws;;FAIL;Security group Kali Linux-2026.1-amd64-AutogenByAWSMP--5 (sg-02ddfdb7c2274ed3b) it is not being used.;arn:aws:ec2:ap-southeast-2:213146990554:security-group/sg-02ddfdb7c2274ed3b;ec2_securitygroup_not_used;False;sg-02ddfdb7c2274ed3b;NIST-CSF;National Institute of Standards and Technology (NIST) Cybersecurity Framework (CSF) v2.0;
aws;The NIST Cybersecurity Framework (CSF) 2.0 offers a taxonomy of high-level cybersecurity outcomes that can be used by any organization regardless of its size, sector, or maturity to better understand, assess, prioritize, and communicate its cybersecurity efforts. The framework's core functions are organized into six key areas: Govern (new), Identify, Protect, Detect, Respond, and Recover. Together, these functions provide a comprehensive lifecycle approach to managing cybersecurity risk.;213146990554;ap-southeast-2;2026-07-14 16:40:35.360893;ip_1;A baseline configuration of information technology/industrial control systems is created and maintained incorporating security principles (e.g. concept of least functionality).;Protect (PR);Information Protection Processes and Procedures (PR.IP);;aws;;FAIL;Security group Kali Linux-2026.1-amd64-AutogenByAWSMP--5 (sg-02ddfdb7c2274ed3b) it is not being used.;arn:aws:ec2:ap-southeast-2:213146990554:security-group/sg-02ddfdb7c2274ed3b;ec2_securitygroup_not_used;False;sg-02ddfdb7c2274ed3b;NIST-CSF;National Institute of Standards and Technology (NIST) Cybersecurity Framework (CSF) v2.0;
aws;The NIST Cybersecurity Framework (CSF) 2.0 offers a taxonomy of high-level cybersecurity outcomes that can be used by any organization regardless of its size, sector, or maturity to better understand, assess, prioritize, and communicate its cybersecurity efforts. The framework's core functions are organized into six key areas: Govern (new), Identify, Protect, Detect, Respond, and Recover. Together, these functions provide a comprehensive lifecycle approach to managing cybersecurity risk.;213146990554;ap-southeast-2;2026-07-14 16:40:35.360893;ac_5;Network integrity is protected (e.g., network segregation, network segmentation).;Protect (PR);Identity Management and Access Control (PR.AC);;aws;;FAIL;Security group launch-wizard-4 (sg-047f254a8ebdbbf30) it is not being used.;arn:aws:ec2:ap-southeast-2:213146990554:security-group/sg-047f254a8ebdbbf30;ec2_securitygroup_not_used;False;sg-047f254a8ebdbbf30;NIST-CSF;National Institute of Standards and Technology (NIST) Cybersecurity Framework (CSF) v2.0;
aws;The NIST Cybersecurity Framework (CSF) 2.0 offers a taxonomy of high-level cybersecurity outcomes that can be used by any organization regardless of its size, sector, or maturity to better understand, assess, prioritize, and communicate its cybersecurity efforts. The framework's core functions are organized into six key areas: Govern (new), Identify, Protect, Detect, Respond, and Recover. Together, these functions provide a comprehensive lifecycle approach to managing cybersecurity risk.;213146990554;ap-southeast-2;2026-07-14 16:40:35.360893;ip_1;A baseline configuration of information technology/industrial control systems is created and maintained incorporating security principles (e.g. concept of least functionality).;Protect (PR);Information Protection Processes and Procedures (PR.IP);;aws;;FAIL;Security group launch-wizard-4 (sg-047f254a8ebdbbf30) it is not being used.;arn:aws:ec2:ap-southeast-2:213146990554:security-group/sg-047f254a8ebdbbf30;ec2_securitygroup_not_used;False;sg-047f254a8ebdbbf30;NIST-CSF;National Institute of Standards and Technology (NIST) Cybersecurity Framework (CSF) v2.0;
aws;The NIST Cybersecurity Framework (CSF) 2.0 offers a taxonomy of high-level cybersecurity outcomes that can be used by any organization regardless of its size, sector, or maturity to better understand, assess, prioritize, and communicate its cybersecurity efforts. The framework's core functions are organized into six key areas: Govern (new), Identify, Protect, Detect, Respond, and Recover. Together, these functions provide a comprehensive lifecycle approach to managing cybersecurity risk.;213146990554;ap-southeast-2;2026-07-14 16:40:35.360893;ac_5;Network integrity is protected (e.g., network segregation, network segmentation).;Protect (PR);Identity Management and Access Control (PR.AC);;aws;;FAIL;Security group launch-wizard-1 (sg-060a180310cc93e3a) it is not being used.;arn:aws:ec2:ap-southeast-2:213146990554:security-group/sg-060a180310cc93e3a;ec2_securitygroup_not_used;False;sg-060a180310cc93e3a;NIST-CSF;National Institute of Standards and Technology (NIST) Cybersecurity Framework (CSF) v2.0;
aws;The NIST Cybersecurity Framework (CSF) 2.0 offers a taxonomy of high-level cybersecurity outcomes that can be used by any organization regardless of its size, sector, or maturity to better understand, assess, prioritize, and communicate its cybersecurity efforts. The framework's core functions are organized into six key areas: Govern (new), Identify, Protect, Detect, Respond, and Recover. Together, these functions provide a comprehensive lifecycle approach to managing cybersecurity risk.;213146990554;ap-southeast-2;2026-07-14 16:40:35.360893;ip_1;A baseline configuration of information technology/industrial control systems is created and maintained incorporating security principles (e.g. concept of least functionality).;Protect (PR);Information Protection Processes and Procedures (PR.IP);;aws;;FAIL;Security group launch-wizard-1 (sg-060a180310cc93e3a) it is not being used.;arn:aws:ec2:ap-southeast-2:213146990554:security-group/sg-060a180310cc93e3a;ec2_securitygroup_not_used;False;sg-060a180310cc93e3a;NIST-CSF;National Institute of Standards and Technology (NIST) Cybersecurity Framework (CSF) v2.0;
aws;The NIST Cybersecurity Framework (CSF) 2.0 offers a taxonomy of high-level cybersecurity outcomes that can be used by any organization regardless of its size, sector, or maturity to better understand, assess, prioritize, and communicate its cybersecurity efforts. The framework's core functions are organized into six key areas: Govern (new), Identify, Protect, Detect, Respond, and Recover. Together, these functions provide a comprehensive lifecycle approach to managing cybersecurity risk.;213146990554;ap-southeast-2;2026-07-14 16:40:35.360893;ac_5;Network integrity is protected (e.g., network segregation, network segmentation).;Protect (PR);Identity Management and Access Control (PR.AC);;aws;;FAIL;Security group launch-wizard-5 (sg-06d75823ce655fc42) it is not being used.;arn:aws:ec2:ap-southeast-2:213146990554:security-group/sg-06d75823ce655fc42;ec2_securitygroup_not_used;False;sg-06d75823ce655fc42;NIST-CSF;National Institute of Standards and Technology (NIST) Cybersecurity Framework (CSF) v2.0;
aws;The NIST Cybersecurity Framework (CSF) 2.0 offers a taxonomy of high-level cybersecurity outcomes that can be used by any organization regardless of its size, sector, or maturity to better understand, assess, prioritize, and communicate its cybersecurity efforts. The framework's core functions are organized into six key areas: Govern (new), Identify, Protect, Detect, Respond, and Recover. Together, these functions provide a comprehensive lifecycle approach to managing cybersecurity risk.;213146990554;ap-southeast-2;2026-07-14 16:40:35.360893;ip_1;A baseline configuration of information technology/industrial control systems is created and maintained incorporating security principles (e.g. concept of least functionality).;Protect (PR);Information Protection Processes and Procedures (PR.IP);;aws;;FAIL;Security group launch-wizard-5 (sg-06d75823ce655fc42) it is not being used.;arn:aws:ec2:ap-southeast-2:213146990554:security-group/sg-06d75823ce655fc42;ec2_securitygroup_not_used;False;sg-06d75823ce655fc42;NIST-CSF;National Institute of Standards and Technology (NIST) Cybersecurity Framework (CSF) v2.0;
aws;The NIST Cybersecurity Framework (CSF) 2.0 offers a taxonomy of high-level cybersecurity outcomes that can be used by any organization regardless of its size, sector, or maturity to better understand, assess, prioritize, and communicate its cybersecurity efforts. The framework's core functions are organized into six key areas: Govern (new), Identify, Protect, Detect, Respond, and Recover. Together, these functions provide a comprehensive lifecycle approach to managing cybersecurity risk.;213146990554;ap-southeast-2;2026-07-14 16:40:35.360893;ac_5;Network integrity is protected (e.g., network segregation, network segmentation).;Protect (PR);Identity Management and Access Control (PR.AC);;aws;;FAIL;Security group launch-wizard-22 (sg-0b3f5038592545c0e) it is not being used.;arn:aws:ec2:ap-southeast-2:213146990554:security-group/sg-0b3f5038592545c0e;ec2_securitygroup_not_used;False;sg-0b3f5038592545c0e;NIST-CSF;National Institute of Standards and Technology (NIST) Cybersecurity Framework (CSF) v2.0;
aws;The NIST Cybersecurity Framework (CSF) 2.0 offers a taxonomy of high-level cybersecurity outcomes that can be used by any organization regardless of its size, sector, or maturity to better understand, assess, prioritize, and communicate its cybersecurity efforts. The framework's core functions are organized into six key areas: Govern (new), Identify, Protect, Detect, Respond, and Recover. Together, these functions provide a comprehensive lifecycle approach to managing cybersecurity risk.;213146990554;ap-southeast-2;2026-07-14 16:40:35.360893;ip_1;A baseline configuration of information technology/industrial control systems is created and maintained incorporating security principles (e.g. concept of least functionality).;Protect (PR);Information Protection Processes and Procedures (PR.IP);;aws;;FAIL;Security group launch-wizard-22 (sg-0b3f5038592545c0e) it is not being used.;arn:aws:ec2:ap-southeast-2:213146990554:security-group/sg-0b3f5038592545c0e;ec2_securitygroup_not_used;False;sg-0b3f5038592545c0e;NIST-CSF;National Institute of Standards and Technology (NIST) Cybersecurity Framework (CSF) v2.0;
aws;The NIST Cybersecurity Framework (CSF) 2.0 offers a taxonomy of high-level cybersecurity outcomes that can be used by any organization regardless of its size, sector, or maturity to better understand, assess, prioritize, and communicate its cybersecurity efforts. The framework's core functions are organized into six key areas: Govern (new), Identify, Protect, Detect, Respond, and Recover. Together, these functions provide a comprehensive lifecycle approach to managing cybersecurity risk.;213146990554;ap-southeast-2;2026-07-14 16:40:35.360893;ac_5;Network integrity is protected (e.g., network segregation, network segmentation).;Protect (PR);Identity Management and Access Control (PR.AC);;aws;;FAIL;Security group launch-wizard-30 (sg-008231ea5552078ba) it is not being used.;arn:aws:ec2:ap-southeast-2:213146990554:security-group/sg-008231ea5552078ba;ec2_securitygroup_not_used;False;sg-008231ea5552078ba;NIST-CSF;National Institute of Standards and Technology (NIST) Cybersecurity Framework (CSF) v2.0;
aws;The NIST Cybersecurity Framework (CSF) 2.0 offers a taxonomy of high-level cybersecurity outcomes that can be used by any organization regardless of its size, sector, or maturity to better understand, assess, prioritize, and communicate its cybersecurity efforts. The framework's core functions are organized into six key areas: Govern (new), Identify, Protect, Detect, Respond, and Recover. Together, these functions provide a comprehensive lifecycle approach to managing cybersecurity risk.;213146990554;ap-southeast-2;2026-07-14 16:40:35.360893;ip_1;A baseline configuration of information technology/industrial control systems is created and maintained incorporating security principles (e.g. concept of least functionality).;Protect (PR);Information Protection Processes and Procedures (PR.IP);;aws;;FAIL;Security group launch-wizard-30 (sg-008231ea5552078ba) it is not being used.;arn:aws:ec2:ap-southeast-2:213146990554:security-group/sg-008231ea5552078ba;ec2_securitygroup_not_used;False;sg-008231ea5552078ba;NIST-CSF;National Institute of Standards and Technology (NIST) Cybersecurity Framework (CSF) v2.0;
aws;The NIST Cybersecurity Framework (CSF) 2.0 offers a taxonomy of high-level cybersecurity outcomes that can be used by any organization regardless of its size, sector, or maturity to better understand, assess, prioritize, and communicate its cybersecurity efforts. The framework's core functions are organized into six key areas: Govern (new), Identify, Protect, Detect, Respond, and Recover. Together, these functions provide a comprehensive lifecycle approach to managing cybersecurity risk.;213146990554;ap-southeast-2;2026-07-14 16:40:35.360893;ac_5;Network integrity is protected (e.g., network segregation, network segmentation).;Protect (PR);Identity Management and Access Control (PR.AC);;aws;;FAIL;Security group Kali Linux-2026.1-amd64-AutogenByAWSMP--2 (sg-0edc7e028df8de3e9) it is not being used.;arn:aws:ec2:ap-southeast-2:213146990554:security-group/sg-0edc7e028df8de3e9;ec2_securitygroup_not_used;False;sg-0edc7e028df8de3e9;NIST-CSF;National Institute of Standards and Technology (NIST) Cybersecurity Framework (CSF) v2.0;
aws;The NIST Cybersecurity Framework (CSF) 2.0 offers a taxonomy of high-level cybersecurity outcomes that can be used by any organization regardless of its size, sector, or maturity to better understand, assess, prioritize, and communicate its cybersecurity efforts. The framework's core functions are organized into six key areas: Govern (new), Identify, Protect, Detect, Respond, and Recover. Together, these functions provide a comprehensive lifecycle approach to managing cybersecurity risk.;213146990554;ap-southeast-2;2026-07-14 16:40:35.360893;ip_1;A baseline configuration of information technology/industrial control systems is created and maintained incorporating security principles (e.g. concept of least functionality).;Protect (PR);Information Protection Processes and Procedures (PR.IP);;aws;;FAIL;Security group Kali Linux-2026.1-amd64-AutogenByAWSMP--2 (sg-0edc7e028df8de3e9) it is not being used.;arn:aws:ec2:ap-southeast-2:213146990554:security-group/sg-0edc7e028df8de3e9;ec2_securitygroup_not_used;False;sg-0edc7e028df8de3e9;NIST-CSF;National Institute of Standards and Technology (NIST) Cybersecurity Framework (CSF) v2.0;
aws;The NIST Cybersecurity Framework (CSF) 2.0 offers a taxonomy of high-level cybersecurity outcomes that can be used by any organization regardless of its size, sector, or maturity to better understand, assess, prioritize, and communicate its cybersecurity efforts. The framework's core functions are organized into six key areas: Govern (new), Identify, Protect, Detect, Respond, and Recover. Together, these functions provide a comprehensive lifecycle approach to managing cybersecurity risk.;213146990554;ap-southeast-2;2026-07-14 16:40:35.360893;ac_5;Network integrity is protected (e.g., network segregation, network segmentation).;Protect (PR);Identity Management and Access Control (PR.AC);;aws;;FAIL;Security group Kali Linux-2025.2-amd64-AutogenByAWSMP--1 (sg-03f34a362761817bd) it is not being used.;arn:aws:ec2:ap-southeast-2:213146990554:security-group/sg-03f34a362761817bd;ec2_securitygroup_not_used;False;sg-03f34a362761817bd;NIST-CSF;National Institute of Standards and Technology (NIST) Cybersecurity Framework (CSF) v2.0;
aws;The NIST Cybersecurity Framework (CSF) 2.0 offers a taxonomy of high-level cybersecurity outcomes that can be used by any organization regardless of its size, sector, or maturity to better understand, assess, prioritize, and communicate its cybersecurity efforts. The framework's core functions are organized into six key areas: Govern (new), Identify, Protect, Detect, Respond, and Recover. Together, these functions provide a comprehensive lifecycle approach to managing cybersecurity risk.;213146990554;ap-southeast-2;2026-07-14 16:40:35.360893;ip_1;A baseline configuration of information technology/industrial control systems is created and maintained incorporating security principles (e.g. concept of least functionality).;Protect (PR);Information Protection Processes and Procedures (PR.IP);;aws;;FAIL;Security group Kali Linux-2025.2-amd64-AutogenByAWSMP--1 (sg-03f34a362761817bd) it is not being used.;arn:aws:ec2:ap-southeast-2:213146990554:security-group/sg-03f34a362761817bd;ec2_securitygroup_not_used;False;sg-03f34a362761817bd;NIST-CSF;National Institute of Standards and Technology (NIST) Cybersecurity Framework (CSF) v2.0;
aws;The NIST Cybersecurity Framework (CSF) 2.0 offers a taxonomy of high-level cybersecurity outcomes that can be used by any organization regardless of its size, sector, or maturity to better understand, assess, prioritize, and communicate its cybersecurity efforts. The framework's core functions are organized into six key areas: Govern (new), Identify, Protect, Detect, Respond, and Recover. Together, these functions provide a comprehensive lifecycle approach to managing cybersecurity risk.;213146990554;ap-southeast-2;2026-07-14 16:40:35.360893;ac_5;Network integrity is protected (e.g., network segregation, network segmentation).;Protect (PR);Identity Management and Access Control (PR.AC);;aws;;PASS;Security group launch-wizard-10 (sg-09af3d1131f67434c) it is being used.;arn:aws:ec2:ap-southeast-2:213146990554:security-group/sg-09af3d1131f67434c;ec2_securitygroup_not_used;False;sg-09af3d1131f67434c;NIST-CSF;National Institute of Standards and Technology (NIST) Cybersecurity Framework (CSF) v2.0;
aws;The NIST Cybersecurity Framework (CSF) 2.0 offers a taxonomy of high-level cybersecurity outcomes that can be used by any organization regardless of its size, sector, or maturity to better understand, assess, prioritize, and communicate its cybersecurity efforts. The framework's core functions are organized into six key areas: Govern (new), Identify, Protect, Detect, Respond, and Recover. Together, these functions provide a comprehensive lifecycle approach to managing cybersecurity risk.;213146990554;ap-southeast-2;2026-07-14 16:40:35.360893;ip_1;A baseline configuration of information technology/industrial control systems is created and maintained incorporating security principles (e.g. concept of least functionality).;Protect (PR);Information Protection Processes and Procedures (PR.IP);;aws;;PASS;Security group launch-wizard-10 (sg-09af3d1131f67434c) it is being used.;arn:aws:ec2:ap-southeast-2:213146990554:security-group/sg-09af3d1131f67434c;ec2_securitygroup_not_used;False;sg-09af3d1131f67434c;NIST-CSF;National Institute of Standards and Technology (NIST) Cybersecurity Framework (CSF) v2.0;
aws;The NIST Cybersecurity Framework (CSF) 2.0 offers a taxonomy of high-level cybersecurity outcomes that can be used by any organization regardless of its size, sector, or maturity to better understand, assess, prioritize, and communicate its cybersecurity efforts. The framework's core functions are organized into six key areas: Govern (new), Identify, Protect, Detect, Respond, and Recover. Together, these functions provide a comprehensive lifecycle approach to managing cybersecurity risk.;213146990554;ap-southeast-2;2026-07-14 16:40:35.360893;ac_5;Network integrity is protected (e.g., network segregation, network segmentation).;Protect (PR);Identity Management and Access Control (PR.AC);;aws;;FAIL;Security group launch-wizard-17 (sg-04cb06d277b67eb6c) it is not being used.;arn:aws:ec2:ap-southeast-2:213146990554:security-group/sg-04cb06d277b67eb6c;ec2_securitygroup_not_used;False;sg-04cb06d277b67eb6c;NIST-CSF;National Institute of Standards and Technology (NIST) Cybersecurity Framework (CSF) v2.0;
aws;The NIST Cybersecurity Framework (CSF) 2.0 offers a taxonomy of high-level cybersecurity outcomes that can be used by any organization regardless of its size, sector, or maturity to better understand, assess, prioritize, and communicate its cybersecurity efforts. The framework's core functions are organized into six key areas: Govern (new), Identify, Protect, Detect, Respond, and Recover. Together, these functions provide a comprehensive lifecycle approach to managing cybersecurity risk.;213146990554;ap-southeast-2;2026-07-14 16:40:35.360893;ip_1;A baseline configuration of information technology/industrial control systems is created and maintained incorporating security principles (e.g. concept of least functionality).;Protect (PR);Information Protection Processes and Procedures (PR.IP);;aws;;FAIL;Security group launch-wizard-17 (sg-04cb06d277b67eb6c) it is not being used.;arn:aws:ec2:ap-southeast-2:213146990554:security-group/sg-04cb06d277b67eb6c;ec2_securitygroup_not_used;False;sg-04cb06d277b67eb6c;NIST-CSF;National Institute of Standards and Technology (NIST) Cybersecurity Framework (CSF) v2.0;
aws;The NIST Cybersecurity Framework (CSF) 2.0 offers a taxonomy of high-level cybersecurity outcomes that can be used by any organization regardless of its size, sector, or maturity to better understand, assess, prioritize, and communicate its cybersecurity efforts. The framework's core functions are organized into six key areas: Govern (new), Identify, Protect, Detect, Respond, and Recover. Together, these functions provide a comprehensive lifecycle approach to managing cybersecurity risk.;213146990554;ap-southeast-2;2026-07-14 16:40:35.360893;rr_1;Cybersecurity roles and responsibilities are coordinated and aligned with internal roles and external partners.;Govern (GV);Roles, Responsibilities, and Authorities (GV.RR);;iam;;PASS;IAM Role Omico-2IDP does not have AdministratorAccess policy.;arn:aws:iam::213146990554:role/Omico-2IDP;iam_role_administratoraccess_policy;False;Omico-2IDP;NIST-CSF;National Institute of Standards and Technology (NIST) Cybersecurity Framework (CSF) v2.0;
aws;The NIST Cybersecurity Framework (CSF) 2.0 offers a taxonomy of high-level cybersecurity outcomes that can be used by any organization regardless of its size, sector, or maturity to better understand, assess, prioritize, and communicate its cybersecurity efforts. The framework's core functions are organized into six key areas: Govern (new), Identify, Protect, Detect, Respond, and Recover. Together, these functions provide a comprehensive lifecycle approach to managing cybersecurity risk.;213146990554;ap-southeast-2;2026-07-14 16:40:35.360893;rr_2;Cybersecurity responsibilities are established and communicated.;Govern (GV);Roles, Responsibilities, and Authorities (GV.RR);;iam;;PASS;IAM Role Omico-2IDP does not have AdministratorAccess policy.;arn:aws:iam::213146990554:role/Omico-2IDP;iam_role_administratoraccess_policy;False;Omico-2IDP;NIST-CSF;National Institute of Standards and Technology (NIST) Cybersecurity Framework (CSF) v2.0;
aws;The NIST Cybersecurity Framework (CSF) 2.0 offers a taxonomy of high-level cybersecurity outcomes that can be used by any organization regardless of its size, sector, or maturity to better understand, assess, prioritize, and communicate its cybersecurity efforts. The framework's core functions are organized into six key areas: Govern (new), Identify, Protect, Detect, Respond, and Recover. Together, these functions provide a comprehensive lifecycle approach to managing cybersecurity risk.;213146990554;ap-southeast-2;2026-07-14 16:40:35.360893;po_1;Cybersecurity policy is established, communicated, and enforced.;Govern (GV);Policies, Processes, and Procedures (GV.PO);;aws;;PASS;IAM Role Omico-2IDP does not have AdministratorAccess policy.;arn:aws:iam::213146990554:role/Omico-2IDP;iam_role_administratoraccess_policy;False;Omico-2IDP;NIST-CSF;National Institute of Standards and Technology (NIST) Cybersecurity Framework (CSF) v2.0;
aws;The NIST Cybersecurity Framework (CSF) 2.0 offers a taxonomy of high-level cybersecurity outcomes that can be used by any organization regardless of its size, sector, or maturity to better understand, assess, prioritize, and communicate its cybersecurity efforts. The framework's core functions are organized into six key areas: Govern (new), Identify, Protect, Detect, Respond, and Recover. Together, these functions provide a comprehensive lifecycle approach to managing cybersecurity risk.;213146990554;ap-southeast-2;2026-07-14 16:40:35.360893;ac_1;Identities and credentials are issued, managed, verified, revoked, and audited for authorized devices, users and processes.;Protect (PR);Identity Management and Access Control (PR.AC);;aws;;PASS;IAM Role Omico-2IDP does not have AdministratorAccess policy.;arn:aws:iam::213146990554:role/Omico-2IDP;iam_role_administratoraccess_policy;False;Omico-2IDP;NIST-CSF;National Institute of Standards and Technology (NIST) Cybersecurity Framework (CSF) v2.0;
aws;The NIST Cybersecurity Framework (CSF) 2.0 offers a taxonomy of high-level cybersecurity outcomes that can be used by any organization regardless of its size, sector, or maturity to better understand, assess, prioritize, and communicate its cybersecurity efforts. The framework's core functions are organized into six key areas: Govern (new), Identify, Protect, Detect, Respond, and Recover. Together, these functions provide a comprehensive lifecycle approach to managing cybersecurity risk.;213146990554;ap-southeast-2;2026-07-14 16:40:35.360893;ac_4;Access permissions and authorizations are managed, incorporating the principles of least privilege and separation of duties.;Protect (PR);Identity Management and Access Control (PR.AC);;aws;;PASS;IAM Role Omico-2IDP does not have AdministratorAccess policy.;arn:aws:iam::213146990554:role/Omico-2IDP;iam_role_administratoraccess_policy;False;Omico-2IDP;NIST-CSF;National Institute of Standards and Technology (NIST) Cybersecurity Framework (CSF) v2.0;
aws;The NIST Cybersecurity Framework (CSF) 2.0 offers a taxonomy of high-level cybersecurity outcomes that can be used by any organization regardless of its size, sector, or maturity to better understand, assess, prioritize, and communicate its cybersecurity efforts. The framework's core functions are organized into six key areas: Govern (new), Identify, Protect, Detect, Respond, and Recover. Together, these functions provide a comprehensive lifecycle approach to managing cybersecurity risk.;213146990554;ap-southeast-2;2026-07-14 16:40:35.360893;rr_2;Cybersecurity responsibilities are established and communicated.;Govern (GV);Roles, Responsibilities, and Authorities (GV.RR);;iam;;PASS;IAM Role Omico-2IDP does not have ReadOnlyAccess policy.;arn:aws:iam::213146990554:role/Omico-2IDP;iam_role_cross_account_readonlyaccess_policy;False;Omico-2IDP;NIST-CSF;National Institute of Standards and Technology (NIST) Cybersecurity Framework (CSF) v2.0;
aws;The NIST Cybersecurity Framework (CSF) 2.0 offers a taxonomy of high-level cybersecurity outcomes that can be used by any organization regardless of its size, sector, or maturity to better understand, assess, prioritize, and communicate its cybersecurity efforts. The framework's core functions are organized into six key areas: Govern (new), Identify, Protect, Detect, Respond, and Recover. Together, these functions provide a comprehensive lifecycle approach to managing cybersecurity risk.;213146990554;ap-southeast-2;2026-07-14 16:40:35.360893;am_6;Cybersecurity roles and responsibilities for the entire workforce and third-party stakeholders (e.g., suppliers, customers, partners) are established.;Identify (ID);Asset Management (ID.AM);;iam;;PASS;IAM Role Omico-2IDP does not have ReadOnlyAccess policy.;arn:aws:iam::213146990554:role/Omico-2IDP;iam_role_cross_account_readonlyaccess_policy;False;Omico-2IDP;NIST-CSF;National Institute of Standards and Technology (NIST) Cybersecurity Framework (CSF) v2.0;
aws;The NIST Cybersecurity Framework (CSF) 2.0 offers a taxonomy of high-level cybersecurity outcomes that can be used by any organization regardless of its size, sector, or maturity to better understand, assess, prioritize, and communicate its cybersecurity efforts. The framework's core functions are organized into six key areas: Govern (new), Identify, Protect, Detect, Respond, and Recover. Together, these functions provide a comprehensive lifecycle approach to managing cybersecurity risk.;213146990554;ap-southeast-2;2026-07-14 16:40:35.360893;ac_6;Identities are proofed and bound to credentials and asserted in interactions.;Protect (PR);Identity Management and Access Control (PR.AC);;aws;;PASS;IAM Role Omico-2IDP does not have ReadOnlyAccess policy.;arn:aws:iam::213146990554:role/Omico-2IDP;iam_role_cross_account_readonlyaccess_policy;False;Omico-2IDP;NIST-CSF;National Institute of Standards and Technology (NIST) Cybersecurity Framework (CSF) v2.0;
aws;The NIST Cybersecurity Framework (CSF) 2.0 offers a taxonomy of high-level cybersecurity outcomes that can be used by any organization regardless of its size, sector, or maturity to better understand, assess, prioritize, and communicate its cybersecurity efforts. The framework's core functions are organized into six key areas: Govern (new), Identify, Protect, Detect, Respond, and Recover. Together, these functions provide a comprehensive lifecycle approach to managing cybersecurity risk.;;;2026-07-14 16:40:35.360893;oc_1;The organization's role in the supply chain is identified and communicated.;Govern (GV);Organizational Context (GV.OC);;aws;;MANUAL;Manual check;manual_check;manual;False;Manual check;NIST-CSF;National Institute of Standards and Technology (NIST) Cybersecurity Framework (CSF) v2.0;
aws;The NIST Cybersecurity Framework (CSF) 2.0 offers a taxonomy of high-level cybersecurity outcomes that can be used by any organization regardless of its size, sector, or maturity to better understand, assess, prioritize, and communicate its cybersecurity efforts. The framework's core functions are organized into six key areas: Govern (new), Identify, Protect, Detect, Respond, and Recover. Together, these functions provide a comprehensive lifecycle approach to managing cybersecurity risk.;;;2026-07-14 16:40:35.360893;oc_2;Legal, regulatory, and contractual requirements regarding cybersecurity including privacy and civil liberties obligations are understood and managed.;Govern (GV);Organizational Context (GV.OC);;aws;;MANUAL;Manual check;manual_check;manual;False;Manual check;NIST-CSF;National Institute of Standards and Technology (NIST) Cybersecurity Framework (CSF) v2.0;
aws;The NIST Cybersecurity Framework (CSF) 2.0 offers a taxonomy of high-level cybersecurity outcomes that can be used by any organization regardless of its size, sector, or maturity to better understand, assess, prioritize, and communicate its cybersecurity efforts. The framework's core functions are organized into six key areas: Govern (new), Identify, Protect, Detect, Respond, and Recover. Together, these functions provide a comprehensive lifecycle approach to managing cybersecurity risk.;;;2026-07-14 16:40:35.360893;oc_3;The organization's place in critical infrastructure and its industry sector is identified and communicated.;Govern (GV);Organizational Context (GV.OC);;aws;;MANUAL;Manual check;manual_check;manual;False;Manual check;NIST-CSF;National Institute of Standards and Technology (NIST) Cybersecurity Framework (CSF) v2.0;
aws;The NIST Cybersecurity Framework (CSF) 2.0 offers a taxonomy of high-level cybersecurity outcomes that can be used by any organization regardless of its size, sector, or maturity to better understand, assess, prioritize, and communicate its cybersecurity efforts. The framework's core functions are organized into six key areas: Govern (new), Identify, Protect, Detect, Respond, and Recover. Together, these functions provide a comprehensive lifecycle approach to managing cybersecurity risk.;;;2026-07-14 16:40:35.360893;rm_2;Organizational risk tolerance is determined and clearly expressed.;Govern (GV);Risk Management Strategy (GV.RM);;aws;;MANUAL;Manual check;manual_check;manual;False;Manual check;NIST-CSF;National Institute of Standards and Technology (NIST) Cybersecurity Framework (CSF) v2.0;
aws;The NIST Cybersecurity Framework (CSF) 2.0 offers a taxonomy of high-level cybersecurity outcomes that can be used by any organization regardless of its size, sector, or maturity to better understand, assess, prioritize, and communicate its cybersecurity efforts. The framework's core functions are organized into six key areas: Govern (new), Identify, Protect, Detect, Respond, and Recover. Together, these functions provide a comprehensive lifecycle approach to managing cybersecurity risk.;;;2026-07-14 16:40:35.360893;rm_3;The organization's determination of risk tolerance is informed by its role in critical infrastructure, sector-specific risk analysis, or organizational risk analysis.;Govern (GV);Risk Management Strategy (GV.RM);;aws;;MANUAL;Manual check;manual_check;manual;False;Manual check;NIST-CSF;National Institute of Standards and Technology (NIST) Cybersecurity Framework (CSF) v2.0;
aws;The NIST Cybersecurity Framework (CSF) 2.0 offers a taxonomy of high-level cybersecurity outcomes that can be used by any organization regardless of its size, sector, or maturity to better understand, assess, prioritize, and communicate its cybersecurity efforts. The framework's core functions are organized into six key areas: Govern (new), Identify, Protect, Detect, Respond, and Recover. Together, these functions provide a comprehensive lifecycle approach to managing cybersecurity risk.;;;2026-07-14 16:40:35.360893;sc_4;Supply chain risk management processes are continuously improved.;Govern (GV);Cybersecurity Supply Chain Risk Management (GV.SC);;aws;;MANUAL;Manual check;manual_check;manual;False;Manual check;NIST-CSF;National Institute of Standards and Technology (NIST) Cybersecurity Framework (CSF) v2.0;
aws;The NIST Cybersecurity Framework (CSF) 2.0 offers a taxonomy of high-level cybersecurity outcomes that can be used by any organization regardless of its size, sector, or maturity to better understand, assess, prioritize, and communicate its cybersecurity efforts. The framework's core functions are organized into six key areas: Govern (new), Identify, Protect, Detect, Respond, and Recover. Together, these functions provide a comprehensive lifecycle approach to managing cybersecurity risk.;;;2026-07-14 16:40:35.360893;rr_3;Senior executives are accountable for cybersecurity risk.;Govern (GV);Roles, Responsibilities, and Authorities (GV.RR);;aws;;MANUAL;Manual check;manual_check;manual;False;Manual check;NIST-CSF;National Institute of Standards and Technology (NIST) Cybersecurity Framework (CSF) v2.0;
aws;The NIST Cybersecurity Framework (CSF) 2.0 offers a taxonomy of high-level cybersecurity outcomes that can be used by any organization regardless of its size, sector, or maturity to better understand, assess, prioritize, and communicate its cybersecurity efforts. The framework's core functions are organized into six key areas: Govern (new), Identify, Protect, Detect, Respond, and Recover. Together, these functions provide a comprehensive lifecycle approach to managing cybersecurity risk.;;;2026-07-14 16:40:35.360893;po_2;Cybersecurity policy is updated as needed to reflect changes in organizational priorities, threat landscape, or technology.;Govern (GV);Policies, Processes, and Procedures (GV.PO);;aws;;MANUAL;Manual check;manual_check;manual;False;Manual check;NIST-CSF;National Institute of Standards and Technology (NIST) Cybersecurity Framework (CSF) v2.0;
aws;The NIST Cybersecurity Framework (CSF) 2.0 offers a taxonomy of high-level cybersecurity outcomes that can be used by any organization regardless of its size, sector, or maturity to better understand, assess, prioritize, and communicate its cybersecurity efforts. The framework's core functions are organized into six key areas: Govern (new), Identify, Protect, Detect, Respond, and Recover. Together, these functions provide a comprehensive lifecycle approach to managing cybersecurity risk.;;;2026-07-14 16:40:35.360893;ov_1;Cybersecurity risk management strategy outcomes are reviewed to inform and adjust organizational priorities.;Govern (GV);Oversight (GV.OV);;aws;;MANUAL;Manual check;manual_check;manual;False;Manual check;NIST-CSF;National Institute of Standards and Technology (NIST) Cybersecurity Framework (CSF) v2.0;
aws;The NIST Cybersecurity Framework (CSF) 2.0 offers a taxonomy of high-level cybersecurity outcomes that can be used by any organization regardless of its size, sector, or maturity to better understand, assess, prioritize, and communicate its cybersecurity efforts. The framework's core functions are organized into six key areas: Govern (new), Identify, Protect, Detect, Respond, and Recover. Together, these functions provide a comprehensive lifecycle approach to managing cybersecurity risk.;;;2026-07-14 16:40:35.360893;ov_4;Cybersecurity risk management processes are reviewed to ensure they meet legal and regulatory requirements.;Govern (GV);Oversight (GV.OV);;aws;;MANUAL;Manual check;manual_check;manual;False;Manual check;NIST-CSF;National Institute of Standards and Technology (NIST) Cybersecurity Framework (CSF) v2.0;
aws;The NIST Cybersecurity Framework (CSF) 2.0 offers a taxonomy of high-level cybersecurity outcomes that can be used by any organization regardless of its size, sector, or maturity to better understand, assess, prioritize, and communicate its cybersecurity efforts. The framework's core functions are organized into six key areas: Govern (new), Identify, Protect, Detect, Respond, and Recover. Together, these functions provide a comprehensive lifecycle approach to managing cybersecurity risk.;;;2026-07-14 16:40:35.360893;am_1;Physical devices and systems within the organization are inventoried.;Identify (ID);Asset Management (ID.AM);;aws;;MANUAL;Manual check;manual_check;manual;False;Manual check;NIST-CSF;National Institute of Standards and Technology (NIST) Cybersecurity Framework (CSF) v2.0;
aws;The NIST Cybersecurity Framework (CSF) 2.0 offers a taxonomy of high-level cybersecurity outcomes that can be used by any organization regardless of its size, sector, or maturity to better understand, assess, prioritize, and communicate its cybersecurity efforts. The framework's core functions are organized into six key areas: Govern (new), Identify, Protect, Detect, Respond, and Recover. Together, these functions provide a comprehensive lifecycle approach to managing cybersecurity risk.;;;2026-07-14 16:40:35.360893;am_2;Software platforms and applications within the organization are inventoried.;Identify (ID);Asset Management (ID.AM);;aws;;MANUAL;Manual check;manual_check;manual;False;Manual check;NIST-CSF;National Institute of Standards and Technology (NIST) Cybersecurity Framework (CSF) v2.0;
aws;The NIST Cybersecurity Framework (CSF) 2.0 offers a taxonomy of high-level cybersecurity outcomes that can be used by any organization regardless of its size, sector, or maturity to better understand, assess, prioritize, and communicate its cybersecurity efforts. The framework's core functions are organized into six key areas: Govern (new), Identify, Protect, Detect, Respond, and Recover. Together, these functions provide a comprehensive lifecycle approach to managing cybersecurity risk.;;;2026-07-14 16:40:35.360893;am_3;Organizational communication and data flows are mapped.;Identify (ID);Asset Management (ID.AM);;aws;;MANUAL;Manual check;manual_check;manual;False;Manual check;NIST-CSF;National Institute of Standards and Technology (NIST) Cybersecurity Framework (CSF) v2.0;
aws;The NIST Cybersecurity Framework (CSF) 2.0 offers a taxonomy of high-level cybersecurity outcomes that can be used by any organization regardless of its size, sector, or maturity to better understand, assess, prioritize, and communicate its cybersecurity efforts. The framework's core functions are organized into six key areas: Govern (new), Identify, Protect, Detect, Respond, and Recover. Together, these functions provide a comprehensive lifecycle approach to managing cybersecurity risk.;;;2026-07-14 16:40:35.360893;am_5;Resources (e.g., hardware, devices, data, time, personnel, and software) are prioritized based on their classification, criticality, and business value.;Identify (ID);Asset Management (ID.AM);;aws;;MANUAL;Manual check;manual_check;manual;False;Manual check;NIST-CSF;National Institute of Standards and Technology (NIST) Cybersecurity Framework (CSF) v2.0;
aws;The NIST Cybersecurity Framework (CSF) 2.0 offers a taxonomy of high-level cybersecurity outcomes that can be used by any organization regardless of its size, sector, or maturity to better understand, assess, prioritize, and communicate its cybersecurity efforts. The framework's core functions are organized into six key areas: Govern (new), Identify, Protect, Detect, Respond, and Recover. Together, these functions provide a comprehensive lifecycle approach to managing cybersecurity risk.;;;2026-07-14 16:40:35.360893;ra_2;Cyber threat intelligence is received from information sharing forums and sources.;Identify (ID);Risk Assessment (ID.RA);;aws;;MANUAL;Manual check;manual_check;manual;False;Manual check;NIST-CSF;National Institute of Standards and Technology (NIST) Cybersecurity Framework (CSF) v2.0;
aws;The NIST Cybersecurity Framework (CSF) 2.0 offers a taxonomy of high-level cybersecurity outcomes that can be used by any organization regardless of its size, sector, or maturity to better understand, assess, prioritize, and communicate its cybersecurity efforts. The framework's core functions are organized into six key areas: Govern (new), Identify, Protect, Detect, Respond, and Recover. Together, these functions provide a comprehensive lifecycle approach to managing cybersecurity risk.;;;2026-07-14 16:40:35.360893;id_sc_4;Suppliers and third-party partners are routinely assessed using audits, test results, or other forms of evaluations to confirm they are meeting their contractual obligations.;Identify (ID);Supply Chain Risk Management (ID.SC);;aws;;MANUAL;Manual check;manual_check;manual;False;Manual check;NIST-CSF;National Institute of Standards and Technology (NIST) Cybersecurity Framework (CSF) v2.0;
aws;The NIST Cybersecurity Framework (CSF) 2.0 offers a taxonomy of high-level cybersecurity outcomes that can be used by any organization regardless of its size, sector, or maturity to better understand, assess, prioritize, and communicate its cybersecurity efforts. The framework's core functions are organized into six key areas: Govern (new), Identify, Protect, Detect, Respond, and Recover. Together, these functions provide a comprehensive lifecycle approach to managing cybersecurity risk.;;;2026-07-14 16:40:35.360893;ds_7;The development and testing environment(s) are separate from the production environment.;Protect (PR);Data Security (PR.DS);;aws;;MANUAL;Manual check;manual_check;manual;False;Manual check;NIST-CSF;National Institute of Standards and Technology (NIST) Cybersecurity Framework (CSF) v2.0;
aws;The NIST Cybersecurity Framework (CSF) 2.0 offers a taxonomy of high-level cybersecurity outcomes that can be used by any organization regardless of its size, sector, or maturity to better understand, assess, prioritize, and communicate its cybersecurity efforts. The framework's core functions are organized into six key areas: Govern (new), Identify, Protect, Detect, Respond, and Recover. Together, these functions provide a comprehensive lifecycle approach to managing cybersecurity risk.;;;2026-07-14 16:40:35.360893;ds_8;Integrity checking mechanisms are used to verify hardware integrity.;Protect (PR);Data Security (PR.DS);;aws;;MANUAL;Manual check;manual_check;manual;False;Manual check;NIST-CSF;National Institute of Standards and Technology (NIST) Cybersecurity Framework (CSF) v2.0;
aws;The NIST Cybersecurity Framework (CSF) 2.0 offers a taxonomy of high-level cybersecurity outcomes that can be used by any organization regardless of its size, sector, or maturity to better understand, assess, prioritize, and communicate its cybersecurity efforts. The framework's core functions are organized into six key areas: Govern (new), Identify, Protect, Detect, Respond, and Recover. Together, these functions provide a comprehensive lifecycle approach to managing cybersecurity risk.;;;2026-07-14 16:40:35.360893;ip_3;Configuration change control processes are in place.;Protect (PR);Information Protection Processes and Procedures (PR.IP);;elb;;MANUAL;Manual check;manual_check;manual;False;Manual check;NIST-CSF;National Institute of Standards and Technology (NIST) Cybersecurity Framework (CSF) v2.0;
aws;The NIST Cybersecurity Framework (CSF) 2.0 offers a taxonomy of high-level cybersecurity outcomes that can be used by any organization regardless of its size, sector, or maturity to better understand, assess, prioritize, and communicate its cybersecurity efforts. The framework's core functions are organized into six key areas: Govern (new), Identify, Protect, Detect, Respond, and Recover. Together, these functions provide a comprehensive lifecycle approach to managing cybersecurity risk.;;;2026-07-14 16:40:35.360893;ma_2;Remote maintenance of organizational assets is approved, logged, and performed in a manner that prevents unauthorized access.;Protect (PR);Maintenance (PR.MA);;cloudtrail;;MANUAL;Manual check;manual_check;manual;False;Manual check;NIST-CSF;National Institute of Standards and Technology (NIST) Cybersecurity Framework (CSF) v2.0;
aws;The NIST Cybersecurity Framework (CSF) 2.0 offers a taxonomy of high-level cybersecurity outcomes that can be used by any organization regardless of its size, sector, or maturity to better understand, assess, prioritize, and communicate its cybersecurity efforts. The framework's core functions are organized into six key areas: Govern (new), Identify, Protect, Detect, Respond, and Recover. Together, these functions provide a comprehensive lifecycle approach to managing cybersecurity risk.;;;2026-07-14 16:40:35.360893;pt_3;The principle of least functionality is incorporated by configuring systems to provide only essential capabilities.;Protect (PR);Protective Technology (PR.PT);;aws;;MANUAL;Manual check;manual_check;manual;False;Manual check;NIST-CSF;National Institute of Standards and Technology (NIST) Cybersecurity Framework (CSF) v2.0;
aws;The NIST Cybersecurity Framework (CSF) 2.0 offers a taxonomy of high-level cybersecurity outcomes that can be used by any organization regardless of its size, sector, or maturity to better understand, assess, prioritize, and communicate its cybersecurity efforts. The framework's core functions are organized into six key areas: Govern (new), Identify, Protect, Detect, Respond, and Recover. Together, these functions provide a comprehensive lifecycle approach to managing cybersecurity risk.;;;2026-07-14 16:40:35.360893;ae_4;Impact of events is determined.;Detect (DE);Anomalies and Events (DE.AE);;aws;;MANUAL;Manual check;manual_check;manual;False;Manual check;NIST-CSF;National Institute of Standards and Technology (NIST) Cybersecurity Framework (CSF) v2.0;
aws;The NIST Cybersecurity Framework (CSF) 2.0 offers a taxonomy of high-level cybersecurity outcomes that can be used by any organization regardless of its size, sector, or maturity to better understand, assess, prioritize, and communicate its cybersecurity efforts. The framework's core functions are organized into six key areas: Govern (new), Identify, Protect, Detect, Respond, and Recover. Together, these functions provide a comprehensive lifecycle approach to managing cybersecurity risk.;;;2026-07-14 16:40:35.360893;ae_5;Incident alert thresholds are established.;Detect (DE);Anomalies and Events (DE.AE);;aws;;MANUAL;Manual check;manual_check;manual;False;Manual check;NIST-CSF;National Institute of Standards and Technology (NIST) Cybersecurity Framework (CSF) v2.0;
aws;The NIST Cybersecurity Framework (CSF) 2.0 offers a taxonomy of high-level cybersecurity outcomes that can be used by any organization regardless of its size, sector, or maturity to better understand, assess, prioritize, and communicate its cybersecurity efforts. The framework's core functions are organized into six key areas: Govern (new), Identify, Protect, Detect, Respond, and Recover. Together, these functions provide a comprehensive lifecycle approach to managing cybersecurity risk.;;;2026-07-14 16:40:35.360893;cm_2;The physical environment is monitored to detect potential cybersecurity events.;Detect (DE);Security Continuous Monitoring (DE.CM);;aws;;MANUAL;Manual check;manual_check;manual;False;Manual check;NIST-CSF;National Institute of Standards and Technology (NIST) Cybersecurity Framework (CSF) v2.0;
aws;The NIST Cybersecurity Framework (CSF) 2.0 offers a taxonomy of high-level cybersecurity outcomes that can be used by any organization regardless of its size, sector, or maturity to better understand, assess, prioritize, and communicate its cybersecurity efforts. The framework's core functions are organized into six key areas: Govern (new), Identify, Protect, Detect, Respond, and Recover. Together, these functions provide a comprehensive lifecycle approach to managing cybersecurity risk.;;;2026-07-14 16:40:35.360893;cm_5;Unauthorized mobile code is detected.;Detect (DE);Security Continuous Monitoring (DE.CM);;aws;;MANUAL;Manual check;manual_check;manual;False;Manual check;NIST-CSF;National Institute of Standards and Technology (NIST) Cybersecurity Framework (CSF) v2.0;
aws;The NIST Cybersecurity Framework (CSF) 2.0 offers a taxonomy of high-level cybersecurity outcomes that can be used by any organization regardless of its size, sector, or maturity to better understand, assess, prioritize, and communicate its cybersecurity efforts. The framework's core functions are organized into six key areas: Govern (new), Identify, Protect, Detect, Respond, and Recover. Together, these functions provide a comprehensive lifecycle approach to managing cybersecurity risk.;;;2026-07-14 16:40:35.360893;dp_5;Detection processes are continuously improved.;Detect (DE);Detection Processes (DE.DP);;ec2;;MANUAL;Manual check;manual_check;manual;False;Manual check;NIST-CSF;National Institute of Standards and Technology (NIST) Cybersecurity Framework (CSF) v2.0;
aws;The NIST Cybersecurity Framework (CSF) 2.0 offers a taxonomy of high-level cybersecurity outcomes that can be used by any organization regardless of its size, sector, or maturity to better understand, assess, prioritize, and communicate its cybersecurity efforts. The framework's core functions are organized into six key areas: Govern (new), Identify, Protect, Detect, Respond, and Recover. Together, these functions provide a comprehensive lifecycle approach to managing cybersecurity risk.;;;2026-07-14 16:40:35.360893;an_2;The impact of the incident is understood.;Respond (RS);Analysis (RS.AN);;guardduty;;MANUAL;Manual check;manual_check;manual;False;Manual check;NIST-CSF;National Institute of Standards and Technology (NIST) Cybersecurity Framework (CSF) v2.0;
aws;The NIST Cybersecurity Framework (CSF) 2.0 offers a taxonomy of high-level cybersecurity outcomes that can be used by any organization regardless of its size, sector, or maturity to better understand, assess, prioritize, and communicate its cybersecurity efforts. The framework's core functions are organized into six key areas: Govern (new), Identify, Protect, Detect, Respond, and Recover. Together, these functions provide a comprehensive lifecycle approach to managing cybersecurity risk.;;;2026-07-14 16:40:35.360893;mi_3;Newly identified vulnerabilities are mitigated or documented as accepted risks.;Respond (RS);Mitigation (RS.MI);;guardduty;;MANUAL;Manual check;manual_check;manual;False;Manual check;NIST-CSF;National Institute of Standards and Technology (NIST) Cybersecurity Framework (CSF) v2.0;
